Id,Label,kind,primaryType,types,url,dateAdded,dateRemoved,members,tradeable,equipable,indegree,outdegree,weightedIndegree,weightedOutdegree,pageLinkIndegree,pageLinkOutdegree,pageRank,pageLinkPageRank
"page:'perfect' gold bar","'perfect' gold bar","page","item","item","https://oldschool.runescape.wiki/w/'perfect'_gold_bar","2002-04-09",,"true","false","false",31,12,44,7.5,29,0,0.0006913853978111194,0.0054767151565631705
"category:items","Items","category",,,,,,,,,1609,0,804.5,0,0,0,0.006499676981526119,0.00007764845047308417
"category:untradeable items","Untradeable items","category",,,,,,,,,606,0,303,0,0,0,0.0025191900182304854,0.00007764845047308417
"category:members' items","Members' items","category",,,,,,,,,1015,0,507.5,0,0,0,0.0036583989686085113,0.00007764845047308417
"category:quest items","Quest items","category",,,,,,,,,397,0,198.5,0,0,0,0.001882481231417433,0.00007764845047308417
"category:content released in 2002","Content released in 2002","category",,,,,,,,,1102,0,551,0,0,0,0.005550463835696471,0.00007764845047308417
"category:smithing","Smithing","category",,,,,,,,,157,0,78.5,0,0,0,0.0005509167499792328,0.00007764845047308417
"category:recipes that use a facility","Recipes that use a facility","category",,,,,,,,,347,0,173.5,0,0,0,0.001451031620872039,0.00007764845047308417
"category:family crest","Family Crest","category",,,,,,,,,20,0,10,0,0,0,0.0001874455509155586,0.00007764845047308417
"category:family pest","Family Pest","category",,,,,,,,,20,0,10,0,0,0,0.0001874455509155586,0.00007764845047308417
"category:gold","Gold","category",,,,,,,,,21,0,10.5,0,0,0,0.00046459126492595323,0.00007764845047308417
"category:metal bars","Metal bars","category",,,,,,,,,10,0,5,0,0,0,0.00019473969207382176,0.00007764845047308417
"action:drop","Drop","action",,,,,,,,,1578,0,3144,0,0,0,0.02509930903217396,0.00007764845047308417
"page:'perfect' gold ore","'perfect' gold ore","page","item","item","https://oldschool.runescape.wiki/w/'perfect'_gold_ore","2002-04-09",,"true","false","false",24,14,30,12.5,24,2,0.00027998443534084567,0.0014492923642513977
"category:items appearing in drop table","Items appearing in drop table","category",,,,,,,,,823,0,411.5,0,0,0,0.0034494379764477925,0.00007764845047308417
"category:mining","Mining","category",,,,,,,,,93,0,46.5,0,0,0,0.0005194073648554381,0.00007764845047308417
"category:needs skilling success chart","Needs skilling success chart","category",,,,,,,,,42,0,21,0,0,0,0.00037351401746146785,0.00007764845047308417
"page:'perfect' necklace","'perfect' necklace","page","item","item","https://oldschool.runescape.wiki/w/'perfect'_necklace","2002-04-09",,"true","false","true",18,21,24,21.5,18,2,0.00021644819485088624,0.0008652221113075684
"category:equipable items","Equipable items","category",,,,,,,,,507,0,253.5,0,0,0,0.0013883777132885067,0.00007764845047308417
"category:neck slot items","Neck slot items","category",,,,,,,,,33,0,16.5,0,0,0,0.00023811389499418253,0.00007764845047308417
"category:crafting","Crafting","category",,,,,,,,,115,0,57.5,0,0,0,0.0006537115787933481,0.00007764845047308417
"category:recipes that require a tool","Recipes that require a tool","category",,,,,,,,,266,0,133,0,0,0,0.0008076216197588068,0.00007764845047308417
"category:necklace","Necklace","category",,,,,,,,,9,0,4.5,0,0,0,0.00010508973639030368,0.00007764845047308417
"category:jewellery","Jewellery","category",,,,,,,,,43,0,21.5,0,0,0,0.0002313964792893328,0.00007764845047308417
"category:ruby","Ruby","category",,,,,,,,,10,0,5,0,0,0,0.0001089245802029497,0.00007764845047308417
"action:wear","Wear","action",,,,,,,,,315,0,630,0,0,0,0.0037497224712330097,0.00007764845047308417
"slot:neck","neck","slot",,,,,,,,,33,0,66,0,0,0,0.0006859310384115206,0.00007764845047308417
"page:'perfect' ring","'perfect' ring","page","item","item","https://oldschool.runescape.wiki/w/'perfect'_ring","2002-04-09",,"true","false","true",17,22,20,25.5,17,3,0.00034238313755306196,0.0015808157040811837
"category:ring slot items","Ring slot items","category",,,,,,,,,12,0,6,0,0,0,0.00010669891472652911,0.00007764845047308417
"category:rings","Rings","category",,,,,,,,,12,0,6,0,0,0,0.00010669891472652911,0.00007764845047308417
"slot:ring","ring","slot",,,,,,,,,12,0,24,0,0,0,0.00016027111734090682,0.00007764845047308417
"page:a scribbled note","A scribbled note","page","item","item","https://oldschool.runescape.wiki/w/A_scribbled_note","2003-08-20",,"true","false","false",58,9,61,7.5,58,0,0.000525452462936618,0.0018665443110758501
"category:content released in 2003","Content released in 2003","category",,,,,,,,,617,0,308.5,0,0,0,0.002923457023082854,0.00007764845047308417
"category:legends' quest","Legends' Quest","category",,,,,,,,,93,0,46.5,0,0,0,0.0005697879020429208,0.00007764845047308417
"category:texts and tomes","Texts and tomes","category",,,,,,,,,34,0,17,0,0,0,0.0003009114108996246,0.00007764845047308417
"action:read","Read","action",,,,,,,,,161,0,321,0,0,0,0.0025689596968234167,0.00007764845047308417
"page:a scruffy note","A scruffy note","page","item","item","https://oldschool.runescape.wiki/w/A_scruffy_note","2002-08-27",,"true","false","false",24,10,24,8,24,0,0.0005057047170041681,0.0032932551109228756
"category:items that cannot be alchemised","Items that cannot be alchemised","category",,,,,,,,,51,0,25.5,0,0,0,0.0005572989192538763,0.00007764845047308417
"category:plague city","Plague City","category",,,,,,,,,29,0,14.5,0,0,0,0.00039945023646216417,0.00007764845047308417
"page:a small key","A small key","page","item","item","https://oldschool.runescape.wiki/w/A_small_key","2002-08-27",,"true","false","false",25,8,28,5.5,25,0,0.0005298696087727748,0.00332625570245184
"category:keys","Keys","category",,,,,,,,,50,0,25,0,0,0,0.0003235492861928856,0.00007764845047308417
"page:a stone bowl","A stone bowl","page","item","item","https://oldschool.runescape.wiki/w/A_stone_bowl","2004-06-02",,"true","false","false",15,8,21,5.5,15,0,0.0001982974546794722,0.00040014590583290453
"category:content released in 2004","Content released in 2004","category",,,,,,,,,1041,0,520.5,0,0,0,0.004638700962896252,0.00007764845047308417
"category:elemental workshop i","Elemental Workshop I","category",,,,,,,,,23,0,11.5,0,0,0,0.00019033199558950623,0.00007764845047308417
"page:a used spell","A used spell","page","item","item","https://oldschool.runescape.wiki/w/A_used_spell","2004-07-13",,"true","false","false",20,7,26,5,20,0,0.00027365012340702663,0.0004974433390045332
"category:nature spirit","Nature Spirit","category",,,,,,,,,24,0,12,0,0,0,0.0002151058022835728,0.00007764845047308417
"page:a wooden log","A wooden log","page","scenery","scenery","https://oldschool.runescape.wiki/w/A_wooden_log","2003-01-27",,"true",,,13,7,13,5,13,0,0.0001512905742883253,0.0001671295410614823
"category:scenery","Scenery","category",,,,,,,,,671,0,335.5,0,0,0,0.002971008457935557,0.00007764845047308417
"category:interactive scenery","Interactive scenery","category",,,,,,,,,465,0,232.5,0,0,0,0.002087698045460264,0.00007764845047308417
"category:members' scenery","Members' scenery","category",,,,,,,,,505,0,252.5,0,0,0,0.0021672804873053065,0.00007764845047308417
"category:agility","Agility","category",,,,,,,,,64,0,32,0,0,0,0.0015834310942510867,0.00007764845047308417
"category:agility shortcut","Agility shortcut","category",,,,,,,,,19,0,9.5,0,0,0,0.0001422118379184936,0.00007764845047308417
"action:cross","Cross","action",,,,,,,,,4,0,8,0,0,0,0.00016921927388708626,0.00007764845047308417
"page:a'abla","A'abla","page","npc","npc","https://oldschool.runescape.wiki/w/A'abla","2004-03-25",,"false",,,17,6,23,6,17,0,0.00026306496242350843,0.0006009638570728391
"category:non-player characters","Non-player characters","category",,,,,,,,,560,0,280,0,0,0,0.003027118153051278,0.00007764845047308417
"category:free-to-play npcs","Free-to-play NPCs","category",,,,,,,,,203,0,101.5,0,0,0,0.0009904928669440987,0.00007764845047308417
"category:emir's arena","Emir's Arena","category",,,,,,,,,15,0,7.5,0,0,0,0.00017436509150787582,0.00007764845047308417
"action:talk-to","Talk-to","action",,,,,,,,,542,0,1047.5,0,0,0,0.010247110184200776,0.00007764845047308417
"action:heal","Heal","action",,,,,,,,,4,0,8,0,0,0,0.00019091674651007293,0.00007764845047308417
"page:aaron's archery appendages.","Aaron's Archery Appendages.","page","shop","shop","https://oldschool.runescape.wiki/w/Aaron's_Archery_Appendages.","2004-01-21",,"true",,,9,4,16,2,9,0,0.00019763821226003706,0.0002638963431200714
"category:shops","Shops","category",,,,,,,,,112,0,56,0,0,0,0.0004792743877972722,0.00007764845047308417
"category:members' shops","Members' shops","category",,,,,,,,,65,0,32.5,0,0,0,0.00037435215660275127,0.00007764845047308417
"category:ranging guild","Ranging Guild","category",,,,,,,,,23,0,11.5,0,0,0,0.00022580460981225977,0.00007764845047308417
"page:abbot langley","Abbot Langley","page","npc","npc","https://oldschool.runescape.wiki/w/Abbot_Langley","2001-07-12",,"false",,,8,7,8,5,8,0,0.00021573253166494737,0.0003407542721740405
"category:content released in 2001","Content released in 2001","category",,,,,,,,,860,0,430,0,0,0,0.0059030611658339215,0.00007764845047308417
"category:cryptic npcs","Cryptic NPCs","category",,,,,,,,,67,0,33.5,0,0,0,0.0004539868866287615,0.00007764845047308417
"category:edgeville monastery","Edgeville Monastery","category",,,,,,,,,6,0,3,0,0,0,0.00013554345004948044,0.00007764845047308417
"category:saradominists","Saradominists","category",,,,,,,,,35,0,17.5,0,0,0,0.00029678036665514083,0.00007764845047308417
"page:achey tree","Achey Tree","page","scenery","scenery","https://oldschool.runescape.wiki/w/Achey_Tree","2004-05-18",,"true",,,14,7,23,5,14,0,0.0004041795971178431,0.0028796556644438745
"category:woodcutting","Woodcutting","category",,,,,,,,,54,0,27,0,0,0,0.0003258475368723829,0.00007764845047308417
"category:trees","Trees","category",,,,,,,,,27,0,13.5,0,0,0,0.0002321032532391162,0.00007764845047308417
"action:chop","Chop","action",,,,,,,,,4,0,7.5,0,0,0,0.00023722947363803514,0.00007764845047308417
"page:achey tree logs","Achey tree logs","page","item","item","https://oldschool.runescape.wiki/w/Achey_tree_logs","2004-05-18",,"true","true","false",29,17,34,13.5,28,1,0.0006296726048723985,0.0028890771428235758
"category:noteable items","Noteable items","category",,,,,,,,,925,0,462.5,0,0,0,0.003393645885274325,0.00007764845047308417
"category:tradeable items","Tradeable items","category",,,,,,,,,1012,0,506,0,0,0,0.004096352457332456,0.00007764845047308417
"category:grand exchange items","Grand Exchange items","category",,,,,,,,,917,0,458.5,0,0,0,0.003450457044828455,0.00007764845047308417
"category:firemaking","Firemaking","category",,,,,,,,,17,0,8.5,0,0,0,0.00019578878729306837,0.00007764845047308417
"category:logs","Logs","category",,,,,,,,,8,0,4,0,0,0,0.00012852401578961265,0.00007764845047308417
"category:fletching","Fletching","category",,,,,,,,,79,0,39.5,0,0,0,0.00038214830690402944,0.00007764845047308417
"category:big chompy bird hunting","Big Chompy Bird Hunting","category",,,,,,,,,23,0,11.5,0,0,0,0.0003137993998241341,0.00007764845047308417
"page:achey tree stump","Achey Tree stump","page","scenery","scenery","https://oldschool.runescape.wiki/w/Achey_Tree_stump","2004-05-18",,"true",,,0,7,0,9,0,2,0.00008884151385506988,0.00007764845047308417
"category:non-interactive scenery","Non-interactive scenery","category",,,,,,,,,203,0,101.5,0,0,0,0.000967135290074883,0.00007764845047308417
"action:none","None","action",,,,,,,,,331,0,628,0,0,0,0.0045960362905146145,0.00007764845047308417
"page:achietties","Achietties","page","npc","npc","https://oldschool.runescape.wiki/w/Achietties","2002-02-27",,"true",,,36,9,49,6,36,0,0.00047668013578841626,0.0019216968348260085
"category:members' npcs","Members' NPCs","category",,,,,,,,,364,0,182,0,0,0,0.0021374792108452456,0.00007764845047308417
"category:quest npcs","Quest NPCs","category",,,,,,,,,319,0,159.5,0,0,0,0.0019127637653073883,0.00007764845047308417
"category:content released in 2018","Content released in 2018","category",,,,,,,,,9,0,4.5,0,0,0,0.0002201582193866241,0.00007764845047308417
"category:dragon slayer ii","Dragon Slayer II","category",,,,,,,,,6,0,3,0,0,0,0.00018928919933947172,0.00007764845047308417
"category:heroes' quest","Heroes' Quest","category",,,,,,,,,33,0,16.5,0,0,0,0.0002657390849369894,0.00007764845047308417
"category:heroes' guild","Heroes' Guild","category",,,,,,,,,11,0,5.5,0,0,0,0.00015256960135219023,0.00007764845047308417
"page:adamant 2h sword","Adamant 2h sword","page","item","item|monster","https://oldschool.runescape.wiki/w/Adamant_2h_sword","2001-01-04",,"false","true","true",10,22,16,16.5,10,0,0.0002277318935122767,0.0005908559784059024
"category:free-to-play items","Free-to-play items","category",,,,,,,,,610,0,305,0,0,0,0.0029875596579108494,0.00007764845047308417
"category:two-handed slot items","Two-handed slot items","category",,,,,,,,,35,0,17.5,0,0,0,0.00014399439422033519,0.00007764845047308417
"category:items needed for an emote clue","Items needed for an emote clue","category",,,,,,,,,152,0,76,0,0,0,0.000648388987613513,0.00007764845047308417
"category:items dropped by monster","Items dropped by monster","category",,,,,,,,,603,0,301.5,0,0,0,0.002533391581884131,0.00007764845047308417
"category:slash weapons","Slash weapons","category",,,,,,,,,42,0,21,0,0,0,0.0001584413013644961,0.00007764845047308417
"category:melee weapons","Melee weapons","category",,,,,,,,,83,0,41.5,0,0,0,0.00023992436504329534,0.00007764845047308417
"category:weapons","Weapons","category",,,,,,,,,156,0,78,0,0,0,0.00045450301497606063,0.00007764845047308417
"category:adamant","Adamant","category",,,,,,,,,39,0,19.5,0,0,0,0.0002951091476687212,0.00007764845047308417
"action:wield","Wield","action",,,,,,,,,194,0,387.5,0,0,0,0.0016690051374073126,0.00007764845047308417
"slot:2h","2h","slot",,,,,,,,,35,0,70,0,0,0,0.0003094530353161311,0.00007764845047308417
"combat_style:2h sword","2h Sword","combat_style",,,,,,,,,7,0,10.5,0,0,0,0.00013475749505930426,0.00007764845047308417
"page:adamant arrow","Adamant arrow","page","item","item|monster","https://oldschool.runescape.wiki/w/Adamant_arrow","2002-03-25",,"false","true","true",32,19,52,14,31,0,0.0003226890753592948,0.000664014536596068
"category:stackable items","Stackable items","category",,,,,,,,,110,0,55,0,0,0,0.0008849910235576329,0.00007764845047308417
"category:content released in 2005","Content released in 2005","category",,,,,,,,,99,0,49.5,0,0,0,0.0004682524684051759,0.00007764845047308417
"category:ammunition slot items","Ammunition slot items","category",,,,,,,,,24,0,12,0,0,0,0.0001540070532341385,0.00007764845047308417
"category:arrows","Arrows","category",,,,,,,,,20,0,10,0,0,0,0.0001396834568000064,0.00007764845047308417
"category:weapons that inflict poison","Weapons that inflict poison","category",,,,,,,,,42,0,21,0,0,0,0.0001934385697479533,0.00007764845047308417
"slot:ammo","ammo","slot",,,,,,,,,24,0,48,0,0,0,0.0003495036713713443,0.00007764845047308417
"page:adamant arrowtips","Adamant arrowtips","page","item","item|monster","https://oldschool.runescape.wiki/w/Adamant_arrowtips","2002-03-25",,"true","true","false",7,17,7,14,7,2,0.00013133886349962943,0.0001913688560733714
"page:adamant axe","adamant axe","page","item","item|monster","https://oldschool.runescape.wiki/w/Adamant_axe","2001-01-04",,"false","true","true",7,21,22,16,7,0,0.00017712736833765293,0.0007984665092821248
"category:weapon slot items","Weapon slot items","category",,,,,,,,,148,0,74,0,0,0,0.00041441314582485694,0.00007764845047308417
"category:axes","Axes","category",,,,,,,,,22,0,11,0,0,0,0.00016254131925025984,0.00007764845047308417
"category:tools","Tools","category",,,,,,,,,72,0,36,0,0,0,0.0006268459237242944,0.00007764845047308417
"slot:weapon","weapon","slot",,,,,,,,,148,0,296,0,0,0,0.0013911280417342178,0.00007764845047308417
"combat_style:axe","Axe","combat_style",,,,,,,,,15,0,22.5,0,0,0,0.0001885593974675235,0.00007764845047308417
"page:adamant axe head","Adamant axe head","page","item","item","https://oldschool.runescape.wiki/w/Adamant_axe_head","2004-03-29","2007-07-17","false","true","false",17,14,17,8.5,17,0,0.0001654004182624383,0.0002531685176466318
"category:pages using information from game apis or cache","Pages using information from game APIs or cache","category",,,,,,,,,104,0,52,0,0,0,0.00046606261505059915,0.00007764845047308417
"category:unbankable items","Unbankable items","category",,,,,,,,,11,0,5.5,0,0,0,0.00012193863022286642,0.00007764845047308417
"category:non-ge items","Non-GE items","category",,,,,,,,,108,0,54,0,0,0,0.0008187241299360455,0.00007764845047308417
"category:random events","Random events","category",,,,,,,,,65,0,32.5,0,0,0,0.000302244900779212,0.00007764845047308417
"category:unobtainable items","Unobtainable items","category",,,,,,,,,61,0,30.5,0,0,0,0.0002742356496965063,0.00007764845047308417
"page:adamant battleaxe","adamant battleaxe","page","item","item|monster","https://oldschool.runescape.wiki/w/Adamant_battleaxe","2001-01-04",,"false","true","true",5,21,14,16,5,0,0.0001639125794866989,0.00021006592716722223
"page:adamant chainbody","Adamant chainbody","page","item","item|monster","https://oldschool.runescape.wiki/w/Adamant_chainbody","2001-01-04",,"false","true","true",4,19,10,14,4,0,0.00014055464765640044,0.0007099996845791843
"category:body slot items","Body slot items","category",,,,,,,,,60,0,30,0,0,0,0.00027511513963198115,0.00007764845047308417
"category:chainbodies","Chainbodies","category",,,,,,,,,8,0,4,0,0,0,0.00010718831263826348,0.00007764845047308417
"category:melee armour","Melee armour","category",,,,,,,,,89,0,44.5,0,0,0,0.00026770462141034176,0.00007764845047308417
"slot:body","body","slot",,,,,,,,,60,0,120,0,0,0,0.000833936016962715,0.00007764845047308417
"page:adamant claws","Adamant claws","page","item","item","https://oldschool.runescape.wiki/w/Adamant_claws","2004-08-09",,"true","true","true",0,19,0,15,0,0,0.00008884151385506988,0.00007764845047308417
"combat_style:claw","Claw","combat_style",,,,,,,,,7,0,10.5,0,0,0,0.00011514598234357032,0.00007764845047308417
"page:adamant dagger","Adamant dagger","page","item","item|monster","https://oldschool.runescape.wiki/w/Adamant_dagger","2001-01-04",,"false","true","true",10,26,13,18.5,10,0,0.00019635983069668986,0.0010446592257761299
"category:stab weapons","Stab weapons","category",,,,,,,,,26,0,13,0,0,0,0.00014434692225371383,0.00007764845047308417
"combat_style:stab sword","Stab Sword","combat_style",,,,,,,,,20,0,30,0,0,0,0.00022021244370785408,0.00007764845047308417
"page:adamant dart","Adamant dart","page","item","item|monster","https://oldschool.runescape.wiki/w/Adamant_dart","2003-04-14",,"true","true","true",4,21,7,16,4,0,0.000165972750150251,0.0007347524970618296
"category:ranged weapons","Ranged weapons","category",,,,,,,,,51,0,25.5,0,0,0,0.00026337625919680904,0.00007764845047308417
"category:darts","Darts","category",,,,,,,,,7,0,3.5,0,0,0,0.00010380184650024138,0.00007764845047308417
"combat_style:thrown","Thrown","combat_style",,,,,,,,,22,0,33,0,0,0,0.00022131131216222903,0.00007764845047308417
"page:adamant dart tip","Adamant dart tip","page","item","item|monster","https://oldschool.runescape.wiki/w/Adamant_dart_tip","2003-04-14",,"true","true","false",2,17,2,14.5,2,3,0.00015299429809608757,0.0007944524467479524
"page:adamant fire arrow","Adamant fire arrow","page","item","item|monster","https://oldschool.runescape.wiki/w/Adamant_fire_arrow","2004-04-15",,"true","true","true",1,16,1,15.5,1,1,0.0000985890063015001,0.00009241522289155384
"page:adamant full helm","Adamant full helm","page","item","item|monster","https://oldschool.runescape.wiki/w/Adamant_full_helm","2001-01-04",,"false","true","true",9,20,18,14.5,9,0,0.00024385965676687233,0.0038089236633347917
"category:head slot items","Head slot items","category",,,,,,,,,84,0,42,0,0,0,0.00031213775744696776,0.00007764845047308417
"category:helmets","Helmets","category",,,,,,,,,25,0,12.5,0,0,0,0.00014122062480646807,0.00007764845047308417
"slot:head","head","slot",,,,,,,,,84,0,168,0,0,0,0.0009820264882226617,0.00007764845047308417
"page:adamant full helm (g)","Adamant full helm (g)","page","item","item","https://oldschool.runescape.wiki/w/Adamant_full_helm_(g)","2004-05-05",,"false","true","true",0,20,0,18,0,1,0.00008884151385506988,0.00007764845047308417
"category:items storable in the costume room","Items storable in the costume room","category",,,,,,,,,85,0,42.5,0,0,0,0.00028304957233791237,0.00007764845047308417
"category:treasure trails rewards","Treasure Trails rewards","category",,,,,,,,,50,0,25,0,0,0,0.0001731656671875528,0.00007764845047308417
"category:medium clue rewards","Medium clue rewards","category",,,,,,,,,13,0,6.5,0,0,0,0.00011570253004095934,0.00007764845047308417
"category:collection log items","Collection log items","category",,,,,,,,,77,0,38.5,0,0,0,0.00025204727872659316,0.00007764845047308417
"page:adamant full helm (t)","Adamant full helm (t)","page","item","item","https://oldschool.runescape.wiki/w/Adamant_full_helm_(t)","2004-05-05",,"false","true","true",0,20,0,18,0,1,0.00008884151385506988,0.00007764845047308417
"page:adamant javelin","Adamant javelin","page","item","item|monster","https://oldschool.runescape.wiki/w/Adamant_javelin","2004-03-29",,"true","true","true",6,18,6,13.5,6,0,0.0001554575885431901,0.000781938888065896
"category:javelins","Javelins","category",,,,,,,,,6,0,3,0,0,0,0.00010333847083971508,0.00007764845047308417
"page:adamant kiteshield","Adamant kiteshield","page","item","item|monster","https://oldschool.runescape.wiki/w/Adamant_kiteshield","2001-01-04",,"false","true","true",11,20,17,14.5,11,0,0.0001490516164371777,0.0002499962284232589
"category:shield slot items","Shield slot items","category",,,,,,,,,28,0,14,0,0,0,0.00017270854082314195,0.00007764845047308417
"category:kiteshields","Kiteshields","category",,,,,,,,,16,0,8,0,0,0,0.00011841737138718988,0.00007764845047308417
"category:armour","Armour","category",,,,,,,,,20,0,10,0,0,0,0.00013999713582323395,0.00007764845047308417
"slot:shield","shield","slot",,,,,,,,,28,0,56,0,0,0,0.00042430962172735807,0.00007764845047308417
"page:adamant kiteshield (g)","Adamant kiteshield (g)","page","item","item","https://oldschool.runescape.wiki/w/Adamant_kiteshield_(g)","2004-05-05",,"false","true","true",0,20,0,18.5,0,2,0.00008884151385506988,0.00007764845047308417
"page:adamant kiteshield (t)","Adamant kiteshield (t)","page","item","item","https://oldschool.runescape.wiki/w/Adamant_kiteshield_(t)","2004-05-05",,"false","true","true",0,20,0,18.5,0,2,0.00008884151385506988,0.00007764845047308417
"page:adamant knife","Adamant knife","page","item","item|monster","https://oldschool.runescape.wiki/w/Adamant_knife","2003-04-14",,"true","true","true",3,23,6,17,3,0,0.0001321263953726682,0.0002425286932354816
"category:throwing knives","Throwing knives","category",,,,,,,,,6,0,3,0,0,0,0.00010016411862929874,0.00007764845047308417
"page:adamant longsword","Adamant longsword","page","item","item|monster","https://oldschool.runescape.wiki/w/Adamant_longsword","2001-01-04",,"false","true","true",6,21,15,16,6,0,0.00013051257469578984,0.00014889554213516563
"combat_style:slash sword","Slash Sword","combat_style",,,,,,,,,21,0,31.5,0,0,0,0.00018660151714337378,0.00007764845047308417
"page:adamant mace","Adamant mace","page","item","item|monster","https://oldschool.runescape.wiki/w/Adamant_mace","2001-01-04",,"false","true","true",5,21,8,16,5,0,0.00016893146222671132,0.0007679293983727519
"category:crush weapons","Crush weapons","category",,,,,,,,,15,0,7.5,0,0,0,0.00011481916913522517,0.00007764845047308417
"combat_style:spiked","Spiked","combat_style",,,,,,,,,8,0,12,0,0,0,0.00013196951389651612,0.00007764845047308417
"page:adamant med helm","Adamant med helm","page","item","item|monster","https://oldschool.runescape.wiki/w/Adamant_med_helm","2001-01-04",,"false","true","true",12,21,12,18.5,12,1,0.00029097313204410713,0.003318113076980417
"page:adamant pick head","Adamant pick head","page","item","item","https://oldschool.runescape.wiki/w/Adamant_pick_head","2004-03-29","2014-09-11","false","true","false",0,13,0,8.5,0,1,0.00008884151385506988,0.00007764845047308417
"category:discontinued content","Discontinued content","category",,,,,,,,,48,0,24,0,0,0,0.0002564031170523267,0.00007764845047308417
"category:pickaxes","Pickaxes","category",,,,,,,,,19,0,9.5,0,0,0,0.0001450397697394256,0.00007764845047308417
"page:adamant pickaxe","Adamant pickaxe","page","item","item|monster","https://oldschool.runescape.wiki/w/Adamant_pickaxe","2003-05-27",,"false","true","true",9,18,19,14.5,9,0,0.00020800007759990362,0.0002544727143920064
"combat_style:pickaxe","Pickaxe","combat_style",,,,,,,,,6,0,9,0,0,0,0.0001603175413833155,0.00007764845047308417
"page:adamant platebody","Adamant platebody","page","item","item|monster","https://oldschool.runescape.wiki/w/Adamant_platebody","2001-01-04",,"false","true","true",19,23,31,20,19,2,0.00023433344166463968,0.0009121544666277357
"category:platebodies","Platebodies","category",,,,,,,,,18,0,9,0,0,0,0.0001237611587096772,0.00007764845047308417
"page:adamant platebody (g)","Adamant platebody (g)","page","item","item","https://oldschool.runescape.wiki/w/Adamant_platebody_(g)","2004-05-05",,"false","true","true",0,21,0,19,0,2,0.00008884151385506988,0.00007764845047308417
"page:adamant platebody (t)","Adamant platebody (t)","page","item","item","https://oldschool.runescape.wiki/w/Adamant_platebody_(t)","2004-05-05",,"false","true","true",0,21,0,19,0,2,0.00008884151385506988,0.00007764845047308417
"page:adamant platelegs","Adamant platelegs","page","item","item|monster","https://oldschool.runescape.wiki/w/Adamant_platelegs","2001-01-04",,"false","true","true",16,23,28,17,16,2,0.00022200715643282972,0.0008888091094298407
"category:legs slot items","Legs slot items","category",,,,,,,,,51,0,25.5,0,0,0,0.0001931536183701108,0.00007764845047308417
"category:platelegs","Platelegs","category",,,,,,,,,16,0,8,0,0,0,0.00011865055596379343,0.00007764845047308417
"slot:legs","legs","slot",,,,,,,,,51,0,102,0,0,0,0.0005060899319152338,0.00007764845047308417
"page:adamant platelegs (g)","Adamant platelegs (g)","page","item","item","https://oldschool.runescape.wiki/w/Adamant_platelegs_(g)","2004-05-05",,"false","true","true",0,21,0,19,0,2,0.00008884151385506988,0.00007764845047308417
"page:adamant platelegs (t)","Adamant platelegs (t)","page","item","item","https://oldschool.runescape.wiki/w/Adamant_platelegs_(t)","2004-05-05",,"false","true","true",0,21,0,19,0,2,0.00008884151385506988,0.00007764845047308417
"page:adamant plateskirt","Adamant plateskirt","page","item","item|monster","https://oldschool.runescape.wiki/w/Adamant_plateskirt","2001-02-13",,"false","true","true",5,23,8,20.5,5,3,0.00014423292348817373,0.0009011924658004762
"category:plateskirts","Plateskirts","category",,,,,,,,,7,0,3.5,0,0,0,0.00009854507370811124,0.00007764845047308417
"page:adamant scimitar","Adamant scimitar","page","item","item|monster","https://oldschool.runescape.wiki/w/Adamant_scimitar","2001-01-04",,"false","true","true",1,21,1,16,1,0,0.0001225233641274063,0.0007026562475857014
"page:adamant spear","Adamant spear","page","item","item|monster","https://oldschool.runescape.wiki/w/Adamant_spear","2003-04-14",,"true","true","true",4,25,4,18,4,0,0.00013213195950368978,0.0007149102909404804
"combat_style:spear","Spear","combat_style",,,,,,,,,7,0,10.5,0,0,0,0.00013138837624023284,0.00007764845047308417
"page:adamant sq shield","Adamant sq shield","page","item","item|monster","https://oldschool.runescape.wiki/w/Adamant_sq_shield","2001-01-04",,"false","true","true",5,20,5,14.5,5,0,0.00019997441971825614,0.0005163167776143097
"category:square shields","Square shields","category",,,,,,,,,9,0,4.5,0,0,0,0.0001366197307416779,0.00007764845047308417
"page:adamant sword","Adamant sword","page","item","item|monster","https://oldschool.runescape.wiki/w/Adamant_sword","2001-01-04",,"false","true","true",5,23,5,17.5,5,1,0.00016470554341677421,0.0008227149944640321
"page:adamant thrownaxe","Adamant thrownaxe","page","item","item","https://oldschool.runescape.wiki/w/Adamant_thrownaxe","2004-03-29",,"true","true","true",2,15,2,13,2,0,0.00010623459852090765,0.00010085312838548717
"page:adamant warhammer","adamant warhammer","page","item","item|monster","https://oldschool.runescape.wiki/w/Adamant_warhammer","2004-03-29",,"false","true","true",3,22,6,16.5,3,0,0.00013286687390553977,0.00020645667578036308
"combat_style:blunt","Blunt","combat_style",,,,,,,,,17,0,25.5,0,0,0,0.00018762607779165298,0.00007764845047308417
"page:adamantite bar","Adamantite bar","page","item","item|monster","https://oldschool.runescape.wiki/w/Adamantite_bar","2001-01-04",,"false","true","false",9,22,12,16.5,9,8,0.0006538241523254048,0.00588242616875678
"category:magic","Magic","category",,,,,,,,,67,0,33.5,0,0,0,0.0005869887465369873,0.00007764845047308417
"page:adamantite ore","adamantite ore","page","item","item|monster","https://oldschool.runescape.wiki/w/Adamantite_ore","2001-01-04",,"false","true","false",22,15,35,13,22,2,0.0012871349790587693,0.004969101894279722
"category:ores","Ores","category",,,,,,,,,10,0,5,0,0,0,0.00020863195221290242,0.00007764845047308417
"page:adamantite rocks","adamantite rocks","page","scenery","scenery","https://oldschool.runescape.wiki/w/Adamantite_rocks","2001-01-04",,"false",,,5,11,17,15,5,2,0.0018368126483889247,0.004802565141876226
"category:content released in 2019","Content released in 2019","category",,,,,,,,,45,0,22.5,0,0,0,0.0002842345670148674,0.00007764845047308417
"category:free-to-play scenery","Free-to-play scenery","category",,,,,,,,,210,0,105,0,0,0,0.0012415493635493178,0.00007764845047308417
"category:rocks","Rocks","category",,,,,,,,,17,0,8.5,0,0,0,0.00018399710498015343,0.00007764845047308417
"action:mine","Mine","action",,,,,,,,,15,0,30,0,0,0,0.00044884343883869237,0.00007764845047308417
"page:address label","Address label","page","item","item","https://oldschool.runescape.wiki/w/Address_label","2002-04-30",,"true","false","false",11,7,14,5,11,0,0.00014067008372736935,0.0001450230323715573
"category:tribal totem","Tribal Totem","category",,,,,,,,,12,0,6,0,0,0,0.00012141920907261179,0.00007764845047308417
"page:adventure","Adventure","page","music","music","https://oldschool.runescape.wiki/w/Adventure","2004-03-15",,"false",,,5,5,22,2.5,5,0,0.00020776605038404206,0.00020854950739346382
"category:music composed by ian taylor","Music composed by Ian Taylor","category",,,,,,,,,244,0,122,0,0,0,0.0019435898353979656,0.00007764845047308417
"category:free-to-play music","Free-to-play music","category",,,,,,,,,125,0,62.5,0,0,0,0.000986076669480754,0.00007764845047308417
"category:music tracks","Music tracks","category",,,,,,,,,194,0,97,0,0,0,0.0016469210049269564,0.00007764845047308417
"category:music included in albums","Music included in albums","category",,,,,,,,,35,0,17.5,0,0,0,0.0005694117878595854,0.00007764845047308417
"category:music","Music","category",,,,,,,,,246,0,123,0,0,0,0.0021466034417129726,0.00007764845047308417
"page:adventurers' camp (lumbridge swamp)","Adventurers' Camp (Lumbridge Swamp)","page","location","location","https://oldschool.runescape.wiki/w/Adventurers'_Camp_(Lumbridge_Swamp)","2002-02-27",,"false",,,1,6,1,3,1,0,0.00009178308401271677,0.00008058467724218621
"category:locations","Locations","category",,,,,,,,,297,0,148.5,0,0,0,0.004104234928235441,0.00007764845047308417
"category:free-to-play locations","Free-to-play locations","category",,,,,,,,,106,0,53,0,0,0,0.0015126458097500961,0.00007764845047308417
"category:lost city","Lost City","category",,,,,,,,,18,0,9,0,0,0,0.0001989555788207166,0.00007764845047308417
"category:lumbridge swamp","Lumbridge Swamp","category",,,,,,,,,11,0,5.5,0,0,0,0.0001644689487648992,0.00007764845047308417
"category:lumbridge","Lumbridge","category",,,,,,,,,21,0,10.5,0,0,0,0.00018106651550568392,0.00007764845047308417
"page:aemad","Aemad","page","npc","npc","https://oldschool.runescape.wiki/w/Aemad","2002-04-30",,"true",,,45,8,55,7,45,0,0.0015079864086598176,0.005652700498178532
"category:merchants","Merchants","category",,,,,,,,,155,0,77.5,0,0,0,0.0008058383512930859,0.00007764845047308417
"category:song of the elves","Song of the Elves","category",,,,,,,,,33,0,16.5,0,0,0,0.00039709341131486254,0.00007764845047308417
"category:east ardougne","East Ardougne","category",,,,,,,,,65,0,32.5,0,0,0,0.0010690303077404357,0.00007764845047308417
"action:trade","Trade","action",,,,,,,,,126,0,246,0,0,0,0.0021155374423210103,0.00007764845047308417
"page:aemad's adventuring supplies.","Aemad's Adventuring Supplies.","page","shop","shop","https://oldschool.runescape.wiki/w/Aemad's_Adventuring_Supplies.","2002-04-30",,"true",,,4,8,17,12.5,4,3,0.0001279158446565061,0.00013934673984274094
"category:general stores","General stores","category",,,,,,,,,21,0,10.5,0,0,0,0.00015850563292215436,0.00007764845047308417
"page:afrah","Afrah","page","npc","npc","https://oldschool.runescape.wiki/w/Afrah","2004-03-25",,"false",,,14,6,14,5,14,1,0.00019569766246064279,0.00029885291108309455
"page:aggie","Aggie","page","npc","npc","https://oldschool.runescape.wiki/w/Aggie","2001-02-28",,"false",,,48,20,99.5,16,47,0,0.0005949108509996615,0.0009776308549206889
"category:dye","Dye","category",,,,,,,,,8,0,4,0,0,0,0.00012700317775883515,0.00007764845047308417
"category:draynor village","Draynor Village","category",,,,,,,,,9,0,4.5,0,0,0,0.00016377725994769704,0.00007764845047308417
"category:prince ali rescue","Prince Ali Rescue","category",,,,,,,,,19,0,9.5,0,0,0,0.00014338405498885378,0.00007764845047308417
"category:one small favour","One Small Favour","category",,,,,,,,,17,0,8.5,0,0,0,0.00023337829977216286,0.00007764845047308417
"category:land of the goblins","Land of the Goblins","category",,,,,,,,,4,0,2,0,0,0,0.00011097391696999432,0.00007764845047308417
"category:2017 birthday event","2017 Birthday event","category",,,,,,,,,17,0,8.5,0,0,0,0.00016382411415582848,0.00007764845047308417
"category:2018 birthday event","2018 Birthday event","category",,,,,,,,,3,0,1.5,0,0,0,0.00011098302424997119,0.00007764845047308417
"category:2019 easter event","2019 Easter event","category",,,,,,,,,3,0,1.5,0,0,0,0.00012010322317615624,0.00007764845047308417
"category:2021 easter event","2021 Easter event","category",,,,,,,,,4,0,2,0,0,0,0.00012105715908643827,0.00007764845047308417
"category:2025 christmas event","2025 Christmas event","category",,,,,,,,,2,0,1,0,0,0,0.00010539370815481669,0.00007764845047308417
"action:dyes","Dyes","action",,,,,,,,,2,0,3.5,0,0,0,0.0001994577502126134,0.00007764845047308417
"page:agility","Agility","page","skill","skill","https://oldschool.runescape.wiki/w/Agility","2002-12-12",,"true",,,265,3,641,1.5,265,0,0.004671776863331676,0.01270675440005769
"category:skills","Skills","category",,,,,,,,,19,0,9.5,0,0,0,0.004738710909028963,0.00007764845047308417
"category:members' skills","Members' skills","category",,,,,,,,,4,0,2,0,0,0,0.0014966811537235904,0.00007764845047308417
"page:agility arena ticket (discontinued)","Agility arena ticket (discontinued)","page","item","item","https://oldschool.runescape.wiki/w/Agility_arena_ticket_(discontinued)","2004-07-27",,"true","false","false",23,8,29,5.5,23,0,0.00022585156304819789,0.0002752953442662602
"category:brimhaven agility arena","Brimhaven Agility Arena","category",,,,,,,,,25,0,12.5,0,0,0,0.00021067828068580373,0.00007764845047308417
"page:agility level up!","Agility Level Up!","page","music","music","https://oldschool.runescape.wiki/w/Agility_Level_Up!","2004-03-29",,"true",,,0,6,0,6.5,0,1,0.00008884151385506988,0.00007764845047308417
"category:unofficially named content","Unofficially named content","category",,,,,,,,,53,0,26.5,0,0,0,0.00039890304275649565,0.00007764845047308417
"category:members' music","Members' music","category",,,,,,,,,118,0,59,0,0,0,0.0010394896537016525,0.00007764845047308417
"category:jingles","Jingles","category",,,,,,,,,50,0,25,0,0,0,0.0003855103443260778,0.00007764845047308417
"page:agility potion","Agility potion","page","item","item|monster","https://oldschool.runescape.wiki/w/Agility_potion","2004-07-27",,"true","true","false",4,17,14,16.5,4,1,0.00011535038301880584,0.00010620474597637693
"category:herblore","Herblore","category",,,,,,,,,68,0,34,0,0,0,0.0003298434526329435,0.00007764845047308417
"category:potions","Potions","category",,,,,,,,,45,0,22.5,0,0,0,0.00021546803680494434,0.00007764845047308417
"category:items storable in the potion storage","Items storable in the potion storage","category",,,,,,,,,35,0,17.5,0,0,0,0.00018563447353549847,0.00007764845047308417
"category:temporary skill boost","Temporary skill boost","category",,,,,,,,,34,0,17,0,0,0,0.0001982942663992532,0.00007764845047308417
"category:agility boosting items","Agility boosting items","category",,,,,,,,,1,0,0.5,0,0,0,0.00009181266008434525,0.00007764845047308417
"action:drink","Drink","action",,,,,,,,,66,0,130.5,0,0,0,0.001052637876419998,0.00007764845047308417
"action:empty","Empty","action",,,,,,,,,53,0,102.5,0,0,0,0.0007688100315857308,0.00007764845047308417
"page:ah za rhoon","Ah Za Rhoon","page","location","location","https://oldschool.runescape.wiki/w/Ah_Za_Rhoon","2003-01-27",,"true",,,66,7,170,4,66,1,0.0006748445191637242,0.0008652392264399092
"category:dungeons","Dungeons","category",,,,,,,,,42,0,21,0,0,0,0.0002981701237158474,0.00007764845047308417
"category:members' locations","Members' locations","category",,,,,,,,,175,0,87.5,0,0,0,0.0019484535995277098,0.00007764845047308417
"category:shilo village","Shilo Village","category",,,,,,,,,42,0,21,0,0,0,0.00031318573956388594,0.00007764845047308417
"category:karamja","Karamja","category",,,,,,,,,19,0,9.5,0,0,0,0.0004376033758064521,0.00007764845047308417
"page:air altar","Air Altar","page","scenery","scenery","https://oldschool.runescape.wiki/w/Air_Altar","2004-03-29",,"false",,,13,7,42,5,12,0,0.0014550830838355104,0.009681774276157056
"category:runecraft","Runecraft","category",,,,,,,,,37,0,18.5,0,0,0,0.0005629120816407143,0.00007764845047308417
"category:asgarnia","Asgarnia","category",,,,,,,,,25,0,12.5,0,0,0,0.0009733366781799025,0.00007764845047308417
"action:craft-rune","Craft-rune","action",,,,,,,,,10,0,20,0,0,0,0.0010105257840747276,0.00007764845047308417
"page:air battlestaff","Air battlestaff","page","item","item|monster","https://oldschool.runescape.wiki/w/Air_battlestaff","2002-03-18",,"true","true","true",13,18,29,14.5,13,0,0.00020651203683666968,0.0003784840771402954
"category:magic weapons","Magic weapons","category",,,,,,,,,22,0,11,0,0,0,0.00012888541844609594,0.00007764845047308417
"combat_style:staff","Staff","combat_style",,,,,,,,,21,0,31.5,0,0,0,0.00020381393209908502,0.00007764845047308417
"page:air elemental","Air elemental","page","monster","monster","https://oldschool.runescape.wiki/w/Air_elemental","2004-06-02",,"true",,,10,8,16,4,10,0,0.0001596182286723573,0.00018735020071132937
"category:monsters","Monsters","category",,,,,,,,,263,0,131.5,0,0,0,0.0012863657230694208,0.00007764845047308417
"category:monsters susceptible to poison","Monsters susceptible to poison","category",,,,,,,,,235,0,117.5,0,0,0,0.0011354811446197672,0.00007764845047308417
"category:members' monsters","Members' monsters","category",,,,,,,,,207,0,103.5,0,0,0,0.0010252501654056455,0.00007764845047308417
"category:monsters susceptible to venom","Monsters susceptible to venom","category",,,,,,,,,230,0,115,0,0,0,0.0011242814397466148,0.00007764845047308417
"category:herb drop table monsters","Herb drop table monsters","category",,,,,,,,,67,0,33.5,0,0,0,0.000370560560877395,0.00007764845047308417
"category:gem drop table monsters","Gem drop table monsters","category",,,,,,,,,60,0,30,0,0,0,0.0003537655396468341,0.00007764845047308417
"page:air orb","Air orb","page","item","item|monster","https://oldschool.runescape.wiki/w/Air_orb","2002-03-18",,"true","true","false",11,13,24,12,11,2,0.00016370205068455768,0.00022362132722778775
"page:air rune","Air rune","page","item","item|monster","https://oldschool.runescape.wiki/w/Air_rune","2001-01-04",,"false","true","false",97,13,144,8,94,0,0.0015672149918023416,0.005457055080336002
"category:runes","Runes","category",,,,,,,,,13,0,6.5,0,0,0,0.00029771346739550567,0.00007764845047308417
"page:air talisman","Air talisman","page","item","item|monster","https://oldschool.runescape.wiki/w/Air_talisman","2004-03-29",,"false","true","false",22,15,22,18,22,3,0.00034128930238877823,0.003218114420864332
"category:rune mysteries","Rune Mysteries","category",,,,,,,,,7,0,3.5,0,0,0,0.0001252026611144614,0.00007764845047308417
"action:locate","Locate","action",,,,,,,,,10,0,20,0,0,0,0.00019426525586848438,0.00007764845047308417
"page:al kharid","Al Kharid","page","location","location","https://oldschool.runescape.wiki/w/Al_Kharid","2001-01-19",,"false",,,139,6,539,6.5,139,1,0.0031863890757927705,0.005397882346815492
"category:settlements","Settlements","category",,,,,,,,,27,0,13.5,0,0,0,0.0010612855281480424,0.00007764845047308417
"category:al kharid","Al Kharid","category",,,,,,,,,31,0,15.5,0,0,0,0.00037405363348187596,0.00007764845047308417
"page:al kharid (music track)","Al Kharid (music track)","page","music","music","https://oldschool.runescape.wiki/w/Al_Kharid_(music_track)","2004-03-15",,"false",,,3,7,13,15.5,3,2,0.00014754300120212687,0.0001424052945484127
"page:al kharid bank","Al Kharid bank","page","location","location","https://oldschool.runescape.wiki/w/Al_Kharid_bank","2002-02-27",,"false",,,9,8,9,16.5,9,3,0.00013987331539278746,0.00014204549282004854
"category:banks","Banks","category",,,,,,,,,21,0,10.5,0,0,0,0.00013934886866010887,0.00007764845047308417
"page:al kharid general store","Al Kharid General Store","page","shop","shop","https://oldschool.runescape.wiki/w/Al_Kharid_General_Store","2001-01-21",,"false",,,7,7,24,11.5,7,2,0.00015241591742595775,0.0001477611602511437
"category:free-to-play shops","Free-to-play shops","category",,,,,,,,,47,0,23.5,0,0,0,0.0001937637450495909,0.00007764845047308417
"page:al kharid mine","Al Kharid mine","page","item","item|location","https://oldschool.runescape.wiki/w/Al_Kharid_mine","2001-01-04",,"false",,,20,11,48,17.5,20,4,0.0002747607949393695,0.00043743423972273667
"category:mines","Mines","category",,,,,,,,,38,0,19,0,0,0,0.0001866715214154599,0.00007764845047308417
"page:al kharid palace","Al Kharid Palace","page","location","location","https://oldschool.runescape.wiki/w/Al_Kharid_Palace","2001-01-21",,"false",,,14,8,34,12,12,2,0.00018926373145982406,0.00020422714616698013
"category:buildings","Buildings","category",,,,,,,,,59,0,29.5,0,0,0,0.000383716914739914,0.00007764845047308417
"category:castles","Castles","category",,,,,,,,,10,0,5,0,0,0,0.00018948179328325687,0.00007764845047308417
"page:al kharid warrior","Al Kharid warrior","page","monster","monster","https://oldschool.runescape.wiki/w/Al_Kharid_warrior","2001-01-21",,"false",,,0,12,0,9.5,0,1,0.00008884151385506988,0.00007764845047308417
"category:free-to-play monsters","Free-to-play monsters","category",,,,,,,,,82,0,41,0,0,0,0.0004601947058910533,0.00007764845047308417
"category:pages with jagex-supported drop tables","Pages with Jagex-supported drop tables","category",,,,,,,,,117,0,58.5,0,0,0,0.0006010154027540875,0.00007764845047308417
"category:monsters that drop clues","Monsters that drop clues","category",,,,,,,,,76,0,38,0,0,0,0.00046717375601000274,0.00007764845047308417
"category:thieving","Thieving","category",,,,,,,,,42,0,21,0,0,0,0.0002719808145173903,0.00007764845047308417
"category:thievable entities","Thievable entities","category",,,,,,,,,16,0,8,0,0,0,0.00016522715996836605,0.00007764845047308417
"page:al shabim","Al Shabim","page","npc","npc","https://oldschool.runescape.wiki/w/Al_Shabim","2003-04-14",,"true",,,41,7,56,5,41,0,0.0004944203848906008,0.0012298540153414634
"category:the tourist trap","The Tourist Trap","category",,,,,,,,,37,0,18.5,0,0,0,0.0002830073070428103,0.00007764845047308417
"category:bedabin camp","Bedabin Camp","category",,,,,,,,,6,0,3,0,0,0,0.00014793258622481173,0.00007764845047308417
"page:alfonse the waiter","Alfonse the waiter","page","npc","npc","https://oldschool.runescape.wiki/w/Alfonse_the_waiter","2002-02-27",,"true",,,38,11,45,9,38,1,0.0003675272596309583,0.001238834840149438
"category:phoenix gang","Phoenix Gang","category",,,,,,,,,7,0,3.5,0,0,0,0.00013155636555037194,0.00007764845047308417
"category:brimhaven","Brimhaven","category",,,,,,,,,27,0,13.5,0,0,0,0.0003509828733443865,0.00007764845047308417
"page:alfred grimhand's barcrawl","Alfred Grimhand's Barcrawl","page","quest","quest","https://oldschool.runescape.wiki/w/Alfred_Grimhand's_Barcrawl","2002-03-25",,"true",,,23,3,89,1.5,23,0,0.0008302000614056816,0.0020238711418798963
"category:miniquests","Miniquests","category",,,,,,,,,3,0,1.5,0,0,0,0.00032708497038823575,0.00007764845047308417
"category:novice quests","Novice quests","category",,,,,,,,,30,0,15,0,0,0,0.0004625078401526104,0.00007764845047308417
"category:alfred grimhand's barcrawl","Alfred Grimhand's Barcrawl","category",,,,,,,,,21,0,10.5,0,0,0,0.000430303580733914,0.00007764845047308417
"page:almera","Almera","page","npc","npc","https://oldschool.runescape.wiki/w/Almera","2002-09-24",,"true",,,24,6,31,4.5,24,0,0.000299536107117073,0.0004951490834200146
"category:waterfall quest","Waterfall Quest","category",,,,,,,,,24,0,12,0,0,0,0.00021264816697209412,0.00007764845047308417
"page:alomone","Alomone","page","monster","monster","https://oldschool.runescape.wiki/w/Alomone","2002-08-15",,"true",,,23,9,36,4.5,23,0,0.00024401305837889447,0.00037539399655786
"category:hazeel cult","Hazeel Cult","category",,,,,,,,,19,0,9.5,0,0,0,0.0001657971629075198,0.00007764845047308417
"category:secrets of the north","Secrets of the North","category",,,,,,,,,8,0,4,0,0,0,0.00013786930871265027,0.00007764845047308417
"category:zamorakians","Zamorakians","category",,,,,,,,,35,0,17.5,0,0,0,0.0003509845996810064,0.00007764845047308417
"category:quest monsters","Quest monsters","category",,,,,,,,,33,0,16.5,0,0,0,0.000272583656846689,0.00007764845047308417
"page:alone","Alone","page","music","music","https://oldschool.runescape.wiki/w/Alone","2004-03-15",,"false",,,13,5,24,2.5,13,0,0.00023073291498736673,0.0003798161820555095
"category:clock tower","Clock Tower","category",,,,,,,,,16,0,8,0,0,0,0.00017839087425825225,0.00007764845047308417
"page:alrena","Alrena","page","npc","npc","https://oldschool.runescape.wiki/w/Alrena","2002-08-27",,"true",,,78,10,98.5,7.5,77,2,0.002130157412260077,0.006808151445729068
"page:altar (edgeville monastery)","Altar (Edgeville Monastery)","page","prayer","prayer|scenery","https://oldschool.runescape.wiki/w/Altar_(Edgeville_Monastery)","2001-04-06",,"false",,,4,6,4,4.5,4,0,0.00013788737578486384,0.0007067551440189369
"category:prayer","Prayer","category",,,,,,,,,24,0,12,0,0,0,0.000307337933565812,0.00007764845047308417
"action:pray-at","Pray-at","action",,,,,,,,,18,0,31,0,0,0,0.0003768277593690244,0.00007764845047308417
"page:altar (saradomin)","Altar (Saradomin)","page","prayer","prayer|scenery","https://oldschool.runescape.wiki/w/Altar_(Saradomin)","2001-01-04",,"false",,,3,22,3,22.5,3,1,0.00013286792099182615,0.0003820298080992652
"category:content released in 2006","Content released in 2006","category",,,,,,,,,73,0,36.5,0,0,0,0.0003758414701858201,0.00007764845047308417
"category:content released in 2020","Content released in 2020","category",,,,,,,,,21,0,10.5,0,0,0,0.00015852140305255486,0.00007764845047308417
"category:content released in 2016","Content released in 2016","category",,,,,,,,,26,0,13,0,0,0,0.0003052791969369739,0.00007764845047308417
"category:content released in 2021","Content released in 2021","category",,,,,,,,,25,0,12.5,0,0,0,0.0001890091895823758,0.00007764845047308417
"action:pray","Pray","action",,,,,,,,,4,0,6.5,0,0,0,0.00012146797000981498,0.00007764845047308417
"page:altar (the restless ghost)","Altar (The Restless Ghost)","page","scenery","scenery","https://oldschool.runescape.wiki/w/Altar_(The_Restless_Ghost)","2001-01-04",,"false",,,0,5,0,4,0,0,0.00008884151385506988,0.00007764845047308417
"action:search","Search","action",,,,,,,,,191,0,354,0,0,0,0.00224327546534382,0.00007764845047308417
"page:altar of guthix","Altar of Guthix","page","prayer","prayer|scenery","https://oldschool.runescape.wiki/w/Altar_of_Guthix","2002-02-27",,"true",,,10,9,10,7,10,2,0.00016408558431258352,0.000341656228248705
"category:taverley","Taverley","category",,,,,,,,,14,0,7,0,0,0,0.0001424269918193819,0.00007764845047308417
"page:altar of nature","Altar of nature","page","prayer","prayer|scenery","https://oldschool.runescape.wiki/w/Altar_of_nature","2004-07-13",,"true",,,5,12,12.5,12.5,4,3,0.00017654920756898367,0.00028818714800563154
"page:altar slab","altar slab","page","scenery","scenery","https://oldschool.runescape.wiki/w/Altar_slab","2004-03-03",,"false",,,7,5,10,4,7,0,0.000148628369317709,0.00018585231308247663
"page:aluft gianne","Aluft Gianne","page","npc","npc","https://oldschool.runescape.wiki/w/Aluft_Gianne","2002-12-12","2006-08-07","true",,,0,8,0,5.5,0,0,0.00008884151385506988,0.00007764845047308417
"category:tree gnome stronghold","Tree Gnome Stronghold","category",,,,,,,,,39,0,19.5,0,0,0,0.0003301636934528213,0.00007764845047308417
"category:gnomes","Gnomes","category",,,,,,,,,10,0,5,0,0,0,0.00011439527597507216,0.00007764845047308417
"page:ambient jungle","Ambient Jungle","page","music","music","https://oldschool.runescape.wiki/w/Ambient_Jungle","2004-03-15",,"true",,,23,6,31,3,23,0,0.00022071233127457363,0.0003064222066113464
"page:ammo mould","Ammo mould","page","item","item","https://oldschool.runescape.wiki/w/Ammo_mould","2003-05-27",,"true","false","false",25,11,44,7.5,25,1,0.000261182089076,0.001169304445460851
"category:dwarf cannon","Dwarf Cannon","category",,,,,,,,,19,0,9.5,0,0,0,0.0001692178682337953,0.00007764845047308417
"category:crafting items","Crafting items","category",,,,,,,,,31,0,15.5,0,0,0,0.00021686614798914963,0.00007764845047308417
"category:moulds","Moulds","category",,,,,,,,,8,0,4,0,0,0,0.00012674905646092128,0.00007764845047308417
"page:ammonium nitrate","ammonium nitrate","page","item","item","https://oldschool.runescape.wiki/w/Ammonium_nitrate","2003-07-09",,"true","false","false",14,9,36,6,12,0,0.00035812479447255125,0.0007187275659059585
"category:the dig site","The Dig Site","category",,,,,,,,,58,0,29,0,0,0,0.00039921519608303183,0.00007764845047308417
"page:amulet mould","Amulet mould","page","item","item|monster","https://oldschool.runescape.wiki/w/Amulet_mould","2001-05-08",,"false","true","false",32,12,77,7.5,26,0,0.00023130206913693588,0.0002773473297243626
"page:amulet of accuracy","Amulet of accuracy","page","item","item","https://oldschool.runescape.wiki/w/Amulet_of_accuracy","2001-02-16",,"false","true","true",11,16,18,12.5,11,0,0.00015449265570766877,0.000215809857031047
"category:amulets","Amulets","category",,,,,,,,,22,0,11,0,0,0,0.00019729085588263978,0.00007764845047308417
"category:imp catcher","Imp Catcher","category",,,,,,,,,11,0,5.5,0,0,0,0.00012481093935366494,0.00007764845047308417
"page:amulet of defence","Amulet of defence","page","item","item|monster","https://oldschool.runescape.wiki/w/Amulet_of_defence","2001-05-24",,"false","true","true",8,19,21,17,8,1,0.000165397791817893,0.00022380714204157817
"category:emerald","Emerald","category",,,,,,,,,8,0,4,0,0,0,0.00010418957665908072,0.00007764845047308417
"page:amulet of doomion","amulet of doomion","page","item","item|monster","https://oldschool.runescape.wiki/w/Amulet_of_doomion","2003-03-03",,"true","false","false",2,9,5,6,2,0,0.00014452202335385478,0.00016027883148194514
"category:underground pass","Underground Pass","category",,,,,,,,,74,0,37,0,0,0,0.0004079187489587818,0.00007764845047308417
"page:amulet of glory","Amulet of glory","page","item","item|prayer","https://oldschool.runescape.wiki/w/Amulet_of_glory","2002-02-27",,"true","true","true",62,25,190,18.5,62,0,0.002501168950910286,0.006647406929734779
"category:content released in 2014","Content released in 2014","category",,,,,,,,,14,0,7,0,0,0,0.0002009380496262381,0.00007764845047308417
"category:dragonstone","Dragonstone","category",,,,,,,,,8,0,4,0,0,0,0.00015801263804362547,0.00007764845047308417
"category:prayer items","Prayer items","category",,,,,,,,,25,0,12.5,0,0,0,0.00026211221319587214,0.00007764845047308417
"category:teleportation items","Teleportation items","category",,,,,,,,,6,0,3,0,0,0,0.00015144089144668784,0.00007764845047308417
"category:skilling equipment","Skilling equipment","category",,,,,,,,,4,0,2,0,0,0,0.00015101005890788858,0.00007764845047308417
"category:items with charges","Items with charges","category",,,,,,,,,5,0,2.5,0,0,0,0.00015077743299893564,0.00007764845047308417
"action:rub","Rub","action",,,,,,,,,4,0,8,0,0,0,0.000352033411602446,0.00007764845047308417
"page:amulet of holthion","amulet of holthion","page","item","item|monster","https://oldschool.runescape.wiki/w/Amulet_of_holthion","2003-03-03",,"true","false","false",2,9,5,6,2,0,0.00011501611233740791,0.00010746353637726048
"page:amulet of magic","amulet of magic","page","item","item|monster","https://oldschool.runescape.wiki/w/Amulet_of_magic","2001-05-24",,"false","true","true",6,17,12,13,6,0,0.00012807698278837049,0.00015327100856578438
"category:sapphire","Sapphire","category",,,,,,,,,6,0,3,0,0,0,0.0000974062666641372,0.00007764845047308417
"page:amulet of othanian","Amulet of othanian","page","item","item|monster","https://oldschool.runescape.wiki/w/Amulet_of_othanian","2003-03-03",,"true","false","false",3,9,10,6,3,0,0.00010420385734867208,0.00009247373336265522
"page:amulet of power","Amulet of power","page","item","item|monster","https://oldschool.runescape.wiki/w/Amulet_of_power","2001-05-24",,"false","true","true",12,19,18,17.5,12,1,0.000269106208275218,0.0005965019035392784
"category:diamond","Diamond","category",,,,,,,,,8,0,4,0,0,0,0.00010888341144411022,0.00007764845047308417
"page:amulet of strength","Amulet of strength","page","item","item|monster","https://oldschool.runescape.wiki/w/Amulet_of_strength","2001-05-24",,"false","true","true",8,19,14,14,8,0,0.00018061979345741574,0.00037011012041720083
"category:strength armour","Strength armour","category",,,,,,,,,1,0,0.5,0,0,0,0.00009432461472788292,0.00007764845047308417
"page:an experimental anvil","an experimental anvil","page","scenery","scenery","https://oldschool.runescape.wiki/w/An_experimental_anvil","2003-04-14",,"true",,,6,5,19.5,4,5,0,0.00013988566327173137,0.0001334811143594464
"action:use","Use","action",,,,,,,,,39,0,63.5,0,0,0,0.0003085928649438534,0.00007764845047308417
"page:ana","Ana","page","npc","npc","https://oldschool.runescape.wiki/w/Ana","2003-04-14",,"true",,,43,7,70,5.5,43,1,0.0004913948313091179,0.0007840911111180768
"page:ana in a barrel","Ana in a barrel","page","item","item|npc","https://oldschool.runescape.wiki/w/Ana_in_a_barrel","2003",,,,,24,14,36,11.5,24,3,0.00025355472022053595,0.0003271621934338973
"page:anchovies","Anchovies","page","item","item","https://oldschool.runescape.wiki/w/Anchovies","2001-06-11",,"false","true","false",36,14,50,10,35,0,0.0008850359794066385,0.0035881424286580425
"category:edible items","Edible items","category",,,,,,,,,103,0,51.5,0,0,0,0.0004617497737649148,0.00007764845047308417
"category:cooking","Cooking","category",,,,,,,,,138,0,69,0,0,0,0.0009319141757313221,0.00007764845047308417
"category:fish","Fish","category",,,,,,,,,37,0,18.5,0,0,0,0.00019370307531397634,0.00007764845047308417
"category:food","Food","category",,,,,,,,,95,0,47.5,0,0,0,0.00038233924454929107,0.00007764845047308417
"action:eat","Eat","action",,,,,,,,,119,0,238,0,0,0,0.001525034691415859,0.00007764845047308417
"page:anchovy pizza","Anchovy pizza","page","item","item|monster","https://oldschool.runescape.wiki/w/Anchovy_pizza","2001-06-11",,"false","true","false",9,19,15,19,9,2,0.00014736727201808257,0.00017143882997255005
"category:pizza","Pizza","category",,,,,,,,,7,0,3.5,0,0,0,0.00009796688333695469,0.00007764845047308417
"page:ancient gallows","Ancient gallows","page","scenery","scenery","https://oldschool.runescape.wiki/w/Ancient_gallows","2003-01-27",,"true",,,0,11,0,17.5,0,4,0.00008884151385506988,0.00007764845047308417
"action:look-at","Look-at","action",,,,,,,,,15,0,30,0,0,0,0.00018994587457151472,0.00007764845047308417
"page:ancient gate","Ancient Gate","page","scenery","scenery","https://oldschool.runescape.wiki/w/Ancient_Gate","2003-08-20",,"true",,,7,17,20,19.5,7,1,0.0001839293505551951,0.00021132374979513182
"category:strength","Strength","category",,,,,,,,,6,0,3,0,0,0,0.00012012074947340358,0.00007764845047308417
"action:open","Open","action",,,,,,,,,161,0,292.5,0,0,0,0.0018477575121130202,0.00007764845047308417
"page:ancient talisman","Ancient talisman","page","item","item","https://oldschool.runescape.wiki/w/Ancient_talisman","2003-07-09",,"true","false","false",32,8,45,5.5,32,0,0.000663360414257923,0.00116992653621902
"page:angry","Angry","page","article","article","https://oldschool.runescape.wiki/w/Angry","2004-03-29",,"false",,,15,1,15,0.5,15,0,0.0019992417959325682,0.00404654126248395
"category:emotes","Emotes","category",,,,,,,,,16,0,8,0,0,0,0.0027433971814322554,0.00007764845047308417
"page:animal skull (scenery)","Animal skull (scenery)","page","scenery","scenery","https://oldschool.runescape.wiki/w/Animal_skull_(scenery)","2001-08-13",,"false",,,0,6,0,4.5,0,0,0.00008884151385506988,0.00007764845047308417
"page:anita","Anita","page","npc","npc","https://oldschool.runescape.wiki/w/Anita","2002-12-12",,"true",,,45,9,54,6,45,0,0.0004911166197295901,0.0015261246194119824
"category:the grand tree","The Grand Tree","category",,,,,,,,,31,0,15.5,0,0,0,0.0002772933926381489,0.00007764845047308417
"category:monkey madness ii","Monkey Madness II","category",,,,,,,,,4,0,2,0,0,0,0.0001326903711998034,0.00007764845047308417
"page:anna","Anna","page","npc","npc","https://oldschool.runescape.wiki/w/Anna","2003",,,,,59,7,77,3.5,59,0,0.0007278124349060217,0.002482766947834665
"category:content released in 2007","Content released in 2007","category",,,,,,,,,47,0,23.5,0,0,0,0.00038354763023599656,0.00007764845047308417
"category:murder mystery","Murder Mystery","category",,,,,,,,,51,0,25.5,0,0,0,0.0004402462543661548,0.00007764845047308417
"category:king's ransom","King's Ransom","category",,,,,,,,,21,0,10.5,0,0,0,0.00025362154567020134,0.00007764845047308417
"page:anna's barrel","Anna's barrel","page","scenery","scenery","https://oldschool.runescape.wiki/w/Anna's_barrel","2003-06-09",,"true",,,0,8,0,9.5,0,2,0.00008884151385506988,0.00007764845047308417
"page:anna's print","Anna's print","page","item","item","https://oldschool.runescape.wiki/w/Anna's_print","2003-06-09",,"true","false","false",1,8,4,6,1,1,0.00009734742048232081,0.00008777605078929155
"page:annakarl","Annakarl","page","location","location","https://oldschool.runescape.wiki/w/Annakarl","2001-08-13",,"false",,,4,5,11,2.5,4,0,0.00016129065685139467,0.00016435830354175643
"category:lore","Lore","category",,,,,,,,,4,0,2,0,0,0,0.00012206341049572557,0.00007764845047308417
"category:wilderness","Wilderness","category",,,,,,,,,47,0,23.5,0,0,0,0.0003429355087510084,0.00007764845047308417
"page:anti-dragon shield","Anti-dragon shield","page","item","item","https://oldschool.runescape.wiki/w/Anti-dragon_shield","2001-09-23",,"false","true","true",53,15,110,12.5,53,1,0.0009269777280252891,0.0026732580405351577
"category:dragon slayer i","Dragon Slayer I","category",,,,,,,,,46,0,23,0,0,0,0.0003914341046917043,0.00007764845047308417
"page:antifire potion","antifire potion","page","item","item|monster","https://oldschool.runescape.wiki/w/Antifire_potion","2004-03-29",,"true","true","false",12,15,46,15.5,12,1,0.0005282346816254793,0.0006902413977048664
"page:antipoison","antipoison","page","item","item|monster","https://oldschool.runescape.wiki/w/Antipoison","2002-02-27",,"false","true","false",24,16,106,12.5,24,0,0.0007208621601138647,0.0021488154830679625
"page:anvil","anvil","page","scenery","scenery","https://oldschool.runescape.wiki/w/Anvil","2001-01-04",,"false",,,295,17,650,11.5,195,3,0.0024230123514686923,0.0047188271402507495
"category:content released in 2022","Content released in 2022","category",,,,,,,,,17,0,8.5,0,0,0,0.00023929318615776053,0.00007764845047308417
"category:content released in 2024","Content released in 2024","category",,,,,,,,,35,0,17.5,0,0,0,0.0002738641599190039,0.00007764845047308417
"action:smith","Smith","action",,,,,,,,,2,0,4,0,0,0,0.00045223389923160575,0.00007764845047308417
"page:apothecary","Apothecary","page","npc","npc","https://oldschool.runescape.wiki/w/Apothecary","2001-01-04",,"false",,,66,16,97.5,11,63,0,0.0007524836353393537,0.0028355938680214164
"category:anagram npcs","Anagram NPCs","category",,,,,,,,,37,0,18.5,0,0,0,0.00029171420558294264,0.00007764845047308417
"category:romeo & juliet","Romeo & Juliet","category",,,,,,,,,8,0,4,0,0,0,0.00014958600230369283,0.00007764845047308417
"category:a tail of two cats","A Tail of Two Cats","category",,,,,,,,,8,0,4,0,0,0,0.0002299657954191194,0.00007764845047308417
"category:ratcatchers","Ratcatchers","category",,,,,,,,,11,0,5.5,0,0,0,0.00015414731070973595,0.00007764845047308417
"category:bone voyage","Bone Voyage","category",,,,,,,,,3,0,1.5,0,0,0,0.00012906097244093172,0.00007764845047308417
"category:making friends with my arm","Making Friends with My Arm","category",,,,,,,,,3,0,1.5,0,0,0,0.0001435469633978567,0.00007764845047308417
"category:varrock","Varrock","category",,,,,,,,,74,0,37,0,0,0,0.0003557495722041281,0.00007764845047308417
"action:potions","Potions","action",,,,,,,,,1,0,2,0,0,0,0.00020513443931704435,0.00007764845047308417
"page:apple orchard","Apple orchard","page","location","location","https://oldschool.runescape.wiki/w/Apple_orchard","2004-02-02",,"true",,,0,3,0,1.5,0,0,0.00008884151385506988,0.00007764845047308417
"page:apple pie","Apple pie","page","item","item|monster","https://oldschool.runescape.wiki/w/Apple_pie","2001-03-17",,"false","true","false",11,16,24,11,11,0,0.00016750233321080523,0.0002363159739591848
"category:pies","Pies","category",,,,,,,,,24,0,12,0,0,0,0.00019734710613351884,0.00007764845047308417
"page:arabian","Arabian","page","music","music","https://oldschool.runescape.wiki/w/Arabian","2004-03-15",,"false",,,1,9,4,28,1,5,0.00009944015059568681,0.00008780247863584241
"page:arabian 2","Arabian 2","page","music","music","https://oldschool.runescape.wiki/w/Arabian_2","2004-03-15",,"false",,,0,11,0,28.5,0,6,0.00008884151385506988,0.00007764845047308417
"category:100bpm music","100bpm music","category",,,,,,,,,33,0,16.5,0,0,0,0.0002348092609828732,0.00007764845047308417
"page:arabian 3","Arabian 3","page","music","music","https://oldschool.runescape.wiki/w/Arabian_3","2004-03-15",,"true",,,3,4,12,2,3,0,0.00015393329374609695,0.00014677762360312753
"page:arabique","Arabique","page","music","music","https://oldschool.runescape.wiki/w/Arabique","2004-03-15",,"true",,,1,4,5,2,1,0,0.00010214177143507056,0.0000906148869309207
"page:arcenia root","Arcenia root","page","item","item","https://oldschool.runescape.wiki/w/Arcenia_root","2003-07-09",,"true","false","false",35,10,49,14,34,3,0.00041116607873206256,0.0006992784719612146
"page:archer (ardougne)","Archer (Ardougne)","page","monster","monster","https://oldschool.runescape.wiki/w/Archer_(Ardougne)","2004-03-29",,"true",,,0,8,0,5,0,2,0.00008884151385506988,0.00007764845047308417
"page:archer (burthorpe)","Archer (Burthorpe)","page","monster","monster","https://oldschool.runescape.wiki/w/Archer_(Burthorpe)","2004-08-09",,"true",,,13,6,13,3,13,0,0.0001574375876050072,0.00016130565087083925
"category:burthorpe","Burthorpe","category",,,,,,,,,23,0,11.5,0,0,0,0.00022205234440717672,0.00007764845047308417
"page:archer (lost city)","Archer (Lost City)","page","npc","npc","https://oldschool.runescape.wiki/w/Archer_(Lost_City)","2002-02-27",,"false",,,18,7,27,5,18,0,0.00022632529224627613,0.0021979970783633234
"page:archery ticket","Archery ticket","page","item","item","https://oldschool.runescape.wiki/w/Archery_ticket","2004-03-29",,"true","true","false",22,11,47,7.5,22,1,0.0003804282789115999,0.0007934269397333062
"category:currency","Currency","category",,,,,,,,,3,0,1.5,0,0,0,0.00036001393605932343,0.00007764845047308417
"category:ranged","Ranged","category",,,,,,,,,5,0,2.5,0,0,0,0.00021214960594185945,0.00007764845047308417
"page:archmage sedridor","Archmage Sedridor","page","npc","npc","https://oldschool.runescape.wiki/w/Archmage_Sedridor","2004-03-29",,"false",,,14,12,30,9.5,14,1,0.0002576851828290335,0.000547320392707413
"category:temple of the eye","Temple of the Eye","category",,,,,,,,,3,0,1.5,0,0,0,0.00010401115501717251,0.00007764845047308417
"category:wizards' tower","Wizards' Tower","category",,,,,,,,,8,0,4,0,0,0,0.00011189114192319606,0.00007764845047308417
"action:teleport","Teleport","action",,,,,,,,,9,0,16,0,0,0,0.0002487087782022519,0.00007764845047308417
"page:ardougne","Ardougne","page","location","location","https://oldschool.runescape.wiki/w/Ardougne","2002-04-30",,"true",,,168,10,574,6,167,2,0.0048888337197369736,0.008277852752022788
"category:west ardougne","West Ardougne","category",,,,,,,,,26,0,13,0,0,0,0.0005169555480776718,0.00007764845047308417
"category:ardougne","Ardougne","category",,,,,,,,,9,0,4.5,0,0,0,0.0004961262438567093,0.00007764845047308417
"category:kandarin","Kandarin","category",,,,,,,,,40,0,20,0,0,0,0.0007505221552833539,0.00007764845047308417
"page:ardougne baker's stall.","Ardougne Baker's Stall.","page","shop","shop","https://oldschool.runescape.wiki/w/Ardougne_Baker's_Stall.","2002-04-30",,"true",,,6,6,25,4,6,2,0.00025581849705959454,0.0006243323115075047
"page:ardougne castle","Ardougne Castle","page","location","location","https://oldschool.runescape.wiki/w/Ardougne_Castle","2002-04-30",,"true",,,28,9,87,10,27,3,0.0004039746128245297,0.0005779210239079901
"page:ardougne fur stall.","Ardougne Fur Stall.","page","shop","shop","https://oldschool.runescape.wiki/w/Ardougne_Fur_Stall.","2002-04-30",,"true",,,2,6,9,4,2,2,0.00010450222065282889,0.0000941876548069919
"page:ardougne gem stall.","Ardougne Gem Stall.","page","shop","shop","https://oldschool.runescape.wiki/w/Ardougne_Gem_Stall.","2002-04-30",,"true",,,2,6,9,4,2,2,0.00010382864186582851,0.00009333949048217612
"page:ardougne market","Ardougne Market","page","location","location","https://oldschool.runescape.wiki/w/Ardougne_Market","2002-04-30",,"true",,,12,6,42,4,9,2,0.0011852758887527508,0.0025647876082073094
"page:ardougne monastery","Ardougne Monastery","page","location","location","https://oldschool.runescape.wiki/w/Ardougne_Monastery","2002-05-28",,"true",,,27,10,78,10,27,2,0.00039241070540217433,0.00045265005179758074
"category:monk's friend","Monk's Friend","category",,,,,,,,,6,0,3,0,0,0,0.00011873330144969232,0.00007764845047308417
"category:monasteries","Monasteries","category",,,,,,,,,2,0,1,0,0,0,0.00011014932713081842,0.00007764845047308417
"page:ardougne church","Ardougne church","page","location","location","https://oldschool.runescape.wiki/w/Ardougne_church","2002-04-30",,"true",,,2,10,2,9.5,2,3,0.00009836462391166362,0.00009598211243361987
"category:churches","Churches","category",,,,,,,,,8,0,4,0,0,0,0.00010467559688264235,0.00007764845047308417
"page:ardougne farm","Ardougne farm","page","location","location","https://oldschool.runescape.wiki/w/Ardougne_farm","2002-04-30",,"true",,,16,7,27,12,16,3,0.00027031932096963833,0.00030086048665580253
"category:farms","Farms","category",,,,,,,,,12,0,6,0,0,0,0.00015890720351307674,0.00007764845047308417
"page:ardougne north bank","Ardougne north bank","page","location","location","https://oldschool.runescape.wiki/w/Ardougne_north_bank","2002-08-27",,"true",,,4,9,4,13.5,4,4,0.00010958613722550658,0.00010521365045610139
"page:ardougne sewers","Ardougne Sewers","page","location","location","https://oldschool.runescape.wiki/w/Ardougne_Sewers","2002-08-27",,"true",,,42,11,129,12,42,5,0.0005229865149878712,0.0005745092389184699
"page:ardougne sewers mine","Ardougne Sewers mine","page","location","location","https://oldschool.runescape.wiki/w/Ardougne_Sewers_mine","2002-04-30",,"true",,,13,11,16,23,13,5,0.00014272132250099637,0.00014146055496416017
"page:ardougne silver stall.","Ardougne Silver Stall.","page","shop","shop","https://oldschool.runescape.wiki/w/Ardougne_Silver_Stall.","2002-04-30",,"true",,,2,7,9,8,2,3,0.00010087049758944265,0.00009287949271722152
"page:ardougne south bank","Ardougne south bank","page","location","location","https://oldschool.runescape.wiki/w/Ardougne_south_bank","2002-04-30",,"true",,,4,9,4,13.5,4,4,0.00010958613722550658,0.00010521365045610139
"page:ardougne spice stall.","Ardougne Spice Stall.","page","shop","shop","https://oldschool.runescape.wiki/w/Ardougne_Spice_Stall.","2002-05-08",,"true",,,2,6,9,4,2,2,0.00011612681304691593,0.00010978474629618412
"page:ardougne teleport","Ardougne teleport","page","spell","spell","https://oldschool.runescape.wiki/w/Ardougne_Teleport","2002-08-27",,"true",,,26,6,92,6.5,26,1,0.0013725554099812813,0.002150591999187514
"category:spells","Spells","category",,,,,,,,,51,0,25.5,0,0,0,0.0005862210773831681,0.00007764845047308417
"category:members' spells","Members' spells","category",,,,,,,,,21,0,10.5,0,0,0,0.0002814014771786136,0.00007764845047308417
"category:standard spells","Standard spells","category",,,,,,,,,51,0,25.5,0,0,0,0.0005862210773831681,0.00007764845047308417
"category:teleport spells","Teleport spells","category",,,,,,,,,6,0,3,0,0,0,0.0002148589225899009,0.00007764845047308417
"page:ardougne teleport scroll","Ardougne teleport scroll","page","item","item","https://oldschool.runescape.wiki/w/Ardougne_teleport_scroll","2002-08-27",,"true","false","false",20,14,20,15,20,4,0.00021282371237218474,0.00030599232672711877
"category:single-use ability unlock items","Single-use ability unlock items","category",,,,,,,,,1,0,0.5,0,0,0,0.00009487151903894266,0.00007764845047308417
"page:ardougne zoo","Ardougne Zoo","page","location","location","https://oldschool.runescape.wiki/w/Ardougne_Zoo","2002-04-30",,"true",,,24,9,63,14.5,23,4,0.00045604418220953117,0.0005649866221273261
"page:ardrigal","Ardrigal","page","item","item","https://oldschool.runescape.wiki/w/Ardrigal","2002-10-23",,"true","false","false",17,10,37,6.5,15,0,0.0002938654433177432,0.0007590749099422532
"category:herbs","Herbs","category",,,,,,,,,37,0,18.5,0,0,0,0.000242567688030598,0.00007764845047308417
"category:jungle potion","Jungle Potion","category",,,,,,,,,19,0,9.5,0,0,0,0.00014585314115959463,0.00007764845047308417
"page:ardrigal mixture","Ardrigal mixture","page","item","item","https://oldschool.runescape.wiki/w/Ardrigal_mixture","2003-08-20",,"true","false","false",21,12,23,14,20,2,0.00019661493963046495,0.0006110862201097244
"page:arhein","Arhein","page","npc","npc","https://oldschool.runescape.wiki/w/Arhein","2002-02-27",,"true",,,30,12,40,9,30,0,0.00042307417455770017,0.0010721356390411734
"category:merlin's crystal","Merlin's Crystal","category",,,,,,,,,22,0,11,0,0,0,0.0002357392673083398,0.00007764845047308417
"category:current affairs","Current Affairs","category",,,,,,,,,2,0,1,0,0,0,0.00011035381410175498,0.00007764845047308417
"category:catherby","Catherby","category",,,,,,,,,11,0,5.5,0,0,0,0.00017083910687986094,0.00007764845047308417
"page:arhein's general goods","Arhein's General Goods","page","shop","shop","https://oldschool.runescape.wiki/w/Arhein's_General_Goods","2002-02-27",,"true",,,2,8,2,12.5,2,3,0.00009694942304047617,0.00008589321497016313
"page:aris","Aris","page","npc","npc","https://oldschool.runescape.wiki/w/Aris","2001-01-04",,"false",,,45,11,52,7,45,0,0.00039198214473186823,0.0013339069112051037
"category:demon slayer","Demon Slayer","category",,,,,,,,,11,0,5.5,0,0,0,0.00013976797409811793,0.00007764845047308417
"category:recipe for disaster","Recipe for Disaster","category",,,,,,,,,22,0,11,0,0,0,0.00023623560871380633,0.00007764845047308417
"page:armadyl pendant","Armadyl pendant","page","item","item|monster","https://oldschool.runescape.wiki/w/Armadyl_pendant","2002-06-17",,"true","false","true",12,13,18,11,12,0,0.00020166449721556568,0.00023566363594963675
"category:temple of ikov","Temple of Ikov","category",,,,,,,,,16,0,8,0,0,0,0.0001579534514112135,0.00007764845047308417
"page:armour salesman","Armour salesman","page","npc","npc","https://oldschool.runescape.wiki/w/Armour_salesman","2004-03-29",,"true",,,16,10,16,16,16,2,0.00017780928515387677,0.00018778323980156908
"category:skill masters","Skill masters","category",,,,,,,,,11,0,5.5,0,0,0,0.00013147657322439303,0.00007764845047308417
"page:armoury","Armoury","page","shop","shop|guide","https://oldschool.runescape.wiki/w/Armoury","2002-10-23",,"true",,,7,5,19,3,7,1,0.0001561704747783564,0.0002497839543794027
"category:combat training camp","Combat Training Camp","category",,,,,,,,,5,0,2.5,0,0,0,0.00012528511563424745,0.00007764845047308417
"page:army of darkness","Army of Darkness","page","music","music","https://oldschool.runescape.wiki/w/Army_of_Darkness","2004-03-15",,"false",,,2,5,6,2.5,2,0,0.00031424752858461014,0.0004664829478027867
"page:arrival","Arrival","page","music","music","https://oldschool.runescape.wiki/w/Arrival","2004-03-15",,"false",,,5,5,23,2.5,5,0,0.000495378778343916,0.0006267448079560858
"page:arrow shaft","Arrow shaft","page","item","item|monster","https://oldschool.runescape.wiki/w/Arrow_shaft","2002-03-25",,"true","true","false",23,12,49,8,22,1,0.0005479842527606076,0.0010251760620720745
"page:arrows (scenery)","Arrows (scenery)","page","scenery","scenery","https://oldschool.runescape.wiki/w/Arrows_(scenery)","2004-01-21",,"true",,,0,6,0,4.5,0,0,0.00008884151385506988,0.00007764845047308417
"page:asgarnia","Asgarnia","page","location","location","https://oldschool.runescape.wiki/w/Asgarnia","2001-04-06",,,,,108,6,304,3.5,108,1,0.004828833765455191,0.009636355317597996
"category:regions","Regions","category",,,,,,,,,11,0,5.5,0,0,0,0.0007942325434132327,0.00007764845047308417
"category:municipal buildings","Municipal buildings","category",,,,,,,,,3,0,1.5,0,0,0,0.0006786268986151662,0.00007764845047308417
"page:asgarnian ale","Asgarnian ale","page","item","item|monster","https://oldschool.runescape.wiki/w/Asgarnian_ale","2001-04-06",,"false","true","false",19,14,39,10,19,0,0.0008776815861512756,0.00424788614295668
"category:drinks","Drinks","category",,,,,,,,,32,0,16,0,0,0,0.00023975422490689664,0.00007764845047308417
"page:asgarnian ice dungeon","Asgarnian Ice Dungeon","page","location","location","https://oldschool.runescape.wiki/w/Asgarnian_Ice_Dungeon","2001-04-06",,,,,16,10,43,17,16,4,0.00030270502391006036,0.00043673114113068954
"category:asgarnian ice dungeon","Asgarnian Ice Dungeon","category",,,,,,,,,7,0,3.5,0,0,0,0.0001140660199443263,0.00007764845047308417
"category:the knight's sword","The Knight's Sword","category",,,,,,,,,12,0,6,0,0,0,0.00011973737633395716,0.00007764845047308417
"page:ash","Ash","page","npc","npc","https://oldschool.runescape.wiki/w/Ash","2004-08-09",,"true",,,1,7,4,5,1,0,0.00010473946896599528,0.0000941487462375663
"category:my arm's big adventure","My Arm's Big Adventure","category",,,,,,,,,6,0,3,0,0,0,0.0001438878235498798,0.00007764845047308417
"category:trolls","Trolls","category",,,,,,,,,17,0,8.5,0,0,0,0.0001550952785479021,0.00007764845047308417
"page:ashes","ashes","page","item","item|monster","https://oldschool.runescape.wiki/w/Ashes","2001-01-04",,"false","true","false",14,10,35,6.5,13,0,0.0004060143403335088,0.000614116155937661
"category:herblore secondaries","Herblore secondaries","category",,,,,,,,,21,0,10.5,0,0,0,0.00018384459007646153,0.00007764845047308417
"page:assorted flowers","Assorted flowers","page","item","item","https://oldschool.runescape.wiki/w/Assorted_flowers","2004-03-29",,"true","true","true",1,13,1,12,1,0,0.00009511947006818865,0.00009001369172081221
"page:astronomy book","Astronomy book","page","item","item","https://oldschool.runescape.wiki/w/Astronomy_book","2003-03-17",,"true","true","false",9,12,9,9,9,0,0.0001392168950754435,0.00025975286877463825
"category:observatory quest","Observatory Quest","category",,,,,,,,,13,0,6.5,0,0,0,0.0001393902743671691,0.00007764845047308417
"category:storable in bookcase","Storable in Bookcase","category",,,,,,,,,16,0,8,0,0,0,0.00019563219210593552,0.00007764845047308417
"page:asyff","Asyff","page","npc","npc","https://oldschool.runescape.wiki/w/Asyff","2002-10-23",,"false",,,1,9,5,9,1,0,0.0001255114204888062,0.00011849706977987299
"action:fur clothing","Fur Clothing","action",,,,,,,,,1,0,2,0,0,0,0.00011254922661408925,0.00007764845047308417
"page:attack","Attack","page","skill","skill","https://oldschool.runescape.wiki/w/Attack","2001-01-04",,"false",,,548,4,920,2,548,0,0.006928377558312612,0.022416586060956173
"category:attack","Attack","category",,,,,,,,,2,0,1,0,0,0,0.0015617959886251788,0.00007764845047308417
"category:combat","Combat","category",,,,,,,,,5,0,2.5,0,0,0,0.0022509070380631047,0.00007764845047308417
"category:free-to-play skills","Free-to-play skills","category",,,,,,,,,15,0,7.5,0,0,0,0.003330871269160443,0.00007764845047308417
"page:attack 1","Attack 1","page","music","music","https://oldschool.runescape.wiki/w/Attack_1","2004-03-15",,"true",,,2,4,6,2,2,0,0.0007295530147587699,0.0013936688750397297
"page:attack 2","Attack 2","page","music","music","https://oldschool.runescape.wiki/w/Attack_2","2004-03-15",,"false",,,16,8,20,4,16,0,0.00023088848491339107,0.00033658786097038283
"page:attack 3","Attack 3","page","music","music","https://oldschool.runescape.wiki/w/Attack_3","2004-03-15",,"false",,,2,4,6,2,2,0,0.00010738064682161964,0.00009748695367032413
"page:attack 4","Attack 4","page","music","music","https://oldschool.runescape.wiki/w/Attack_4","2004-03-15",,"true",,,0,4,0,2,0,0,0.00008884151385506988,0.00007764845047308417
"page:attack 5","Attack 5","page","music","music","https://oldschool.runescape.wiki/w/Attack_5","2004-03-15",,"true",,,4,4,12,2,4,0,0.00015409556838165192,0.00015251535214156923
"page:attack 6","Attack 6","page","music","music","https://oldschool.runescape.wiki/w/Attack_6","2004-03-15",,"true",,,1,5,5,2.5,1,0,0.00010085981103139657,0.00008968654018575936
"category:watchtower","Watchtower","category",,,,,,,,,45,0,22.5,0,0,0,0.00027698664301837846,0.00007764845047308417
"page:attack level up!","Attack Level Up!","page","music","music","https://oldschool.runescape.wiki/w/Attack_Level_Up!","2004-03-29",,"false",,,0,5,0,2.5,0,0,0.00008884151385506988,0.00007764845047308417
"page:attack level up! (unlocks)","Attack Level Up! (Unlocks)","page","music","music","https://oldschool.runescape.wiki/w/Attack_Level_Up!_(Unlocks)","2004-03-29",,"false",,,0,5,0,2.5,0,0,0.00008884151385506988,0.00007764845047308417
"page:attack potion","attack potion","page","item","item|monster","https://oldschool.runescape.wiki/w/Attack_potion","2002-02-27",,"true","true","false",3,19,12,18,3,2,0.0002696937284161874,0.0005597547462055565
"category:attack boosting items","Attack boosting items","category",,,,,,,,,7,0,3.5,0,0,0,0.00011333246319137111,0.00007764845047308417
"page:attention","Attention","page","music","music","https://oldschool.runescape.wiki/w/Attention","2004-03-15",,"false",,,2,4,9,2,2,0,0.00015783125020797856,0.00015736185149794807
"page:aubury","Aubury","page","npc","npc","https://oldschool.runescape.wiki/w/Aubury","2001-01-04",,"false",,,43,19,66,23.5,43,2,0.0003734002608812105,0.000490378235902814
"action:n/a","N/A","action",,,,,,,,,18,0,31.5,0,0,0,0.00029755722367613973,0.00007764845047308417
"page:aubury's rune shop.","Aubury's Rune Shop.","page","shop","shop","https://oldschool.runescape.wiki/w/Aubury's_Rune_Shop.","2001-01-04",,"false",,,0,7,0,12,0,3,0.00008884151385506988,0.00007764845047308417
"page:authentic throwing weapons.","Authentic Throwing Weapons.","page","shop","shop","https://oldschool.runescape.wiki/w/Authentic_Throwing_Weapons.","2004-01-21",,"true",,,5,8,9,6,5,4,0.00010987701786489034,0.00010028882194771781
"page:autumn voyage","Autumn Voyage","page","music","music","https://oldschool.runescape.wiki/w/Autumn_Voyage","2004-03-15",,"false",,,8,5,31,2.5,8,0,0.0004604827166412248,0.0005644767146788529
"page:avan","Avan","page","npc","npc","https://oldschool.runescape.wiki/w/Avan","2002-04-09",,"true",,,23,20,55,27.5,23,7,0.00026265206309207144,0.000412490441593783
"action:gauntlets","Gauntlets","action",,,,,,,,,6,0,10.5,0,0,0,0.00015078817291800008,0.00007764845047308417
"page:avantoe","Avantoe","page","item","item","https://oldschool.runescape.wiki/w/Avantoe","2002-02-27",,"true","true","false",9,12,23,8,8,1,0.0002765273340409472,0.0004484538651353323
"page:avantoe potion (unf)","Avantoe potion (unf)","page","item","item","https://oldschool.runescape.wiki/w/Avantoe_potion_(unf)","2002-02-27",,"true","true","false",21,16,28,18,19,3,0.00022979557196243358,0.00030522647791389885
"category:unfinished potions","Unfinished potions","category",,,,,,,,,14,0,7,0,0,0,0.00011650595014616639,0.00007764845047308417
"page:axe handle (historical)","Axe handle (historical)","page","item","item","https://oldschool.runescape.wiki/w/Axe_handle_(historical)","2004-03-29","2007-07-17","false","true","true",23,19,44,13.5,23,0,0.00026950065643698516,0.00038169338175601683
"combat_style:unarmed","Unarmed","combat_style",,,,,,,,,2,0,3,0,0,0,0.00012065085174663352,0.00007764845047308417
"page:aztec","Aztec","page","music","music","https://oldschool.runescape.wiki/w/Aztec","2004-07-27",,"true",,,11,5,18,2.5,11,0,0.000251342496469984,0.0002957040158571248
"page:baby blue dragon","Baby blue dragon","page","monster","monster","https://oldschool.runescape.wiki/w/Baby_blue_dragon","2002",,,,,6,14,12,11.5,6,3,0.0001963789759763547,0.0003356329183622249
"category:slayer monsters","Slayer monsters","category",,,,,,,,,119,0,59.5,0,0,0,0.0006745292661413409,0.00007764845047308417
"category:dragons","Dragons","category",,,,,,,,,8,0,4,0,0,0,0.00012941735447651192,0.00007764845047308417
"category:corsair cove dungeon","Corsair Cove Dungeon","category",,,,,,,,,6,0,3,0,0,0,0.0001154554098018701,0.00007764845047308417
"category:taverley dungeon","Taverley Dungeon","category",,,,,,,,,28,0,14,0,0,0,0.00023125321135807764,0.00007764845047308417
"page:baby dragon (unused)","Baby dragon (unused)","page","monster","monster","https://oldschool.runescape.wiki/w/Baby_dragon_(unused)","2004-03-29","2015-09-10",,,,0,4,0,2.5,0,1,0.00008884151385506988,0.00007764845047308417
"page:babydragon bones","Babydragon bones","page","item","item|monster|prayer","https://oldschool.runescape.wiki/w/Babydragon_bones","2004-03-29",,"true","true","false",7,16,7,14.5,7,1,0.0001400387232569013,0.00014842283994047025
"category:bones","Bones","category",,,,,,,,,8,0,4,0,0,0,0.00017763608008619912,0.00007764845047308417
"category:remains","Remains","category",,,,,,,,,12,0,6,0,0,0,0.00018437730544857613,0.00007764845047308417
"action:bury","Bury","action",,,,,,,,,10,0,20,0,0,0,0.0004700978931443233,0.00007764845047308417
"page:background","Background","page","music","music","https://oldschool.runescape.wiki/w/Background","2004-03-15",,"true",,,3,5,11,2.5,3,0,0.00033995408103775545,0.0004672157351941335
"page:bad roll (death plateau)","Bad Roll (Death Plateau)","page","music","music","https://oldschool.runescape.wiki/w/Bad_Roll_(Death_Plateau)","2004-08-09",,"true",,,0,6,0,3,0,0,0.00008884151385506988,0.00007764845047308417
"category:missing track location","Missing track location","category",,,,,,,,,7,0,3.5,0,0,0,0.00013022803830144635,0.00007764845047308417
"page:badly repaired wall","Badly repaired wall","page","scenery","scenery","https://oldschool.runescape.wiki/w/Badly_repaired_wall","2002-09-09",,"true",,,3,6,6,4.5,3,0,0.00012282987720154298,0.00012313510339296484
"category:sea slug","Sea Slug","category",,,,,,,,,16,0,8,0,0,0,0.00018452625593731227,0.00007764845047308417
"action:kick","Kick","action",,,,,,,,,1,0,2,0,0,0,0.00013524391190905768,0.00007764845047308417
"page:bailey","Bailey","page","npc","npc","https://oldschool.runescape.wiki/w/Bailey","2002-09-09",,"true",,,14,7,14,5,14,0,0.00022056078093360773,0.0007195867175646846
"category:the slug menace","The Slug Menace","category",,,,,,,,,4,0,2,0,0,0,0.00011339730662398846,0.00007764845047308417
"page:bailing bucket","Bailing bucket","page","item","item","https://oldschool.runescape.wiki/w/Bailing_bucket","2003-07-28",,"true","true","false",12,14,12,15.5,12,0,0.00013687511239167957,0.00018491778234904578
"category:fishing trawler","Fishing Trawler","category",,,,,,,,,22,0,11,0,0,0,0.00016465641706578567,0.00007764845047308417
"action:bail-with","Bail-with","action",,,,,,,,,2,0,3.5,0,0,0,0.00011511270478189424,0.00007764845047308417
"page:baker","Baker","page","npc","npc","https://oldschool.runescape.wiki/w/Baker","2002-04-30",,"true",,,0,18,0,28.5,0,5,0.00008884151385506988,0.00007764845047308417
"category:2013 rare drops","2013 Rare Drops","category",,,,,,,,,4,0,2,0,0,0,0.00015494394692761883,0.00007764845047308417
"page:bakery stall","Bakery stall","page","scenery","scenery","https://oldschool.runescape.wiki/w/Bakery_stall","2002-04-30",,"true",,,13,12,16,12,13,1,0.0001682354871449563,0.0001956904446288614
"category:stalls","Stalls","category",,,,,,,,,13,0,6.5,0,0,0,0.0001285696188367216,0.00007764845047308417
"category:kingstown","Kingstown","category",,,,,,,,,6,0,3,0,0,0,0.0001221909861792922,0.00007764845047308417
"action:steal-from","Steal-from","action",,,,,,,,,9,0,18,0,0,0,0.00022476330713726793,0.00007764845047308417
"page:balancing ledge (barbarian outpost agility course)","Balancing ledge (Barbarian Outpost Agility Course)","page","scenery","scenery","https://oldschool.runescape.wiki/w/Balancing_ledge_(Barbarian_Outpost_Agility_Course)","2002-12-12",,"true",,,19,9,19,10,19,2,0.00015713297456323668,0.00016151254713958374
"category:agility obstacle","Agility obstacle","category",,,,,,,,,38,0,19,0,0,0,0.00016988930105198865,0.00007764845047308417
"action:walk-across","Walk-across","action",,,,,,,,,7,0,14,0,0,0,0.0001835146073479796,0.00007764845047308417
"page:balancing ledge (brimhaven agility arena)","Balancing ledge (Brimhaven Agility Arena)","page","scenery","scenery","https://oldschool.runescape.wiki/w/Balancing_ledge_(Brimhaven_Agility_Arena)","2004-07-27",,"true",,,18,12,18,12,18,3,0.00015428687658548847,0.00015716519339033778
"page:balancing ledge (yanille agility dungeon)","Balancing ledge (Yanille Agility Dungeon)","page","scenery","scenery","https://oldschool.runescape.wiki/w/Balancing_ledge_(Yanille_Agility_Dungeon)","2002-12-12",,"true",,,12,11,12,12,12,4,0.00014128302657274083,0.0001490327117015131
"page:balancing rope (brimhaven agility arena)","Balancing rope (Brimhaven Agility Arena)","page","scenery","scenery","https://oldschool.runescape.wiki/w/Balancing_rope_(Brimhaven_Agility_Arena)","2004-07-27",,"true",,,17,12,17,12,17,3,0.00015126626511441263,0.00015416513961497737
"action:walk-on","Walk-on","action",,,,,,,,,4,0,8,0,0,0,0.0001414601346053351,0.00007764845047308417
"page:balancing rope (gnome stronghold agility course)","Balancing rope (Gnome Stronghold Agility Course)","page","scenery","scenery","https://oldschool.runescape.wiki/w/Balancing_rope_(Gnome_Stronghold_Agility_Course)","2002-12-12",,"true",,,14,11,14,12,14,4,0.00013556858570257818,0.00013153381507638727
"page:ball","ball","page","item","item","https://oldschool.runescape.wiki/w/Ball","2002-02-27",,"true","false","false",17,7,32,5,17,0,0.0003004190739427994,0.0006317302938405808
"category:witch's house","Witch's House","category",,,,,,,,,16,0,8,0,0,0,0.00016524862454024325,0.00007764845047308417
"page:ball of wool","ball of wool","page","item","item|monster","https://oldschool.runescape.wiki/w/Ball_of_wool","2001-01-04",,"false","true","false",73,12,168,7.5,63,0,0.0008884656988913541,0.0015562654429623335
"category:sheep shearer","Sheep Shearer","category",,,,,,,,,6,0,3,0,0,0,0.0001540376850967391,0.00007764845047308417
"page:ballad of enchantment","Ballad of Enchantment","page","music","music","https://oldschool.runescape.wiki/w/Ballad_of_Enchantment","2004-03-15",,"true",,,2,7,6,16,2,3,0.00011121693628309102,0.00010139559355808569
"page:ballista (tree gnome village)","Ballista (Tree Gnome Village)","page","scenery","scenery","https://oldschool.runescape.wiki/w/Ballista_(Tree_Gnome_Village)","2002-07-23",,"true",,,3,6,6,4.5,3,0,0.00013308644777288844,0.0001699479101504636
"category:tree gnome village","Tree Gnome Village","category",,,,,,,,,18,0,9,0,0,0,0.00019835816523546758,0.00007764845047308417
"action:fire","Fire","action",,,,,,,,,5,0,9,0,0,0,0.000194400158778474,0.00007764845047308417
"page:banana","Banana","page","item","item|monster","https://oldschool.runescape.wiki/w/Banana","2001-04-06",,"false","true","false",16,16,51,11,16,0,0.00061057860924039,0.003001336405259045
"category:farming","Farming","category",,,,,,,,,23,0,11.5,0,0,0,0.00022099844233675102,0.00007764845047308417
"category:produce","Produce","category",,,,,,,,,20,0,10,0,0,0,0.0002080307708613645,0.00007764845047308417
"category:tai bwo wannai trio","Tai Bwo Wannai Trio","category",,,,,,,,,3,0,1.5,0,0,0,0.00011509083070670481,0.00007764845047308417
"category:fruit","Fruit","category",,,,,,,,,12,0,6,0,0,0,0.00015985310237886277,0.00007764845047308417
"page:banana plantation","Banana plantation","page","location","location","https://oldschool.runescape.wiki/w/Banana_plantation","2001-06-11",,"false",,,9,5,19,2.5,9,0,0.00019927387479129404,0.00042507897927318263
"category:musa point","Musa Point","category",,,,,,,,,11,0,5.5,0,0,0,0.00014013855381166403,0.00007764845047308417
"page:banana tree","Banana tree","page","scenery","scenery","https://oldschool.runescape.wiki/w/Banana_tree","2001-06-11",,"false",,,16,16,16,25.5,16,3,0.0002312756030351994,0.0003978174321282565
"action:pick","Pick","action",,,,,,,,,19,0,34,0,0,0,0.0002582755855064028,0.00007764845047308417
"page:bandit","Bandit","page","monster","monster","https://oldschool.runescape.wiki/w/Bandit","2002-02-27",,"false",,,9,15,24,8,9,1,0.0003554725111843452,0.0005092129080408985
"category:wilderness slayer drop table monsters","Wilderness slayer drop table monsters","category",,,,,,,,,34,0,17,0,0,0,0.0002595058539120906,0.00007764845047308417
"category:bandit camp (wilderness)","Bandit Camp (Wilderness)","category",,,,,,,,,10,0,5,0,0,0,0.0001469997378459198,0.00007764845047308417
"page:bandit camp (wilderness)","Bandit Camp (Wilderness)","page","location","location","https://oldschool.runescape.wiki/w/Bandit_Camp_(Wilderness)","2002-02-27",,"false",,,35,11,80,15,35,5,0.000662958866852713,0.0009149047019548452
"page:bandit camp mine","Bandit Camp mine","page","location","location","https://oldschool.runescape.wiki/w/Bandit_Camp_mine","2001-08-13",,"false",,,23,11,27,15,23,5,0.0002253450552866107,0.00025110196347489865
"page:bandit duty free","Bandit Duty Free","page","shop","shop","https://oldschool.runescape.wiki/w/Bandit_Duty_Free","2002-02-27",,"false",,,6,7,16,11.5,6,2,0.00011840395308818529,0.0001088369900175489
"page:bank booth","Bank booth","page","scenery","scenery","https://oldschool.runescape.wiki/w/Bank_booth","2004-03-29",,"true",,,1,109,1,150.5,1,0,0.00018411538562149526,0.0010595802408700109
"category:content released in 2015","Content released in 2015","category",,,,,,,,,7,0,3.5,0,0,0,0.00013601818234365494,0.00007764845047308417
"category:content released in 2025","Content released in 2025","category",,,,,,,,,15,0,7.5,0,0,0,0.00011825323571573654,0.00007764845047308417
"action:bank","Bank","action",,,,,,,,,55,0,87.5,0,0,0,0.00046404392207903143,0.00007764845047308417
"action:collect","Collect","action",,,,,,,,,80,0,125,0,0,0,0.0005499081162363424,0.00007764845047308417
"action:deposit-box","Deposit-box","action",,,,,,,,,9,0,14,0,0,0,0.00010339947457864075,0.00007764845047308417
"page:bank chest","bank chest","page","scenery","scenery","https://oldschool.runescape.wiki/w/Bank_chest","2003-04-14",,"true",,,10,83,22,106,10,0,0.0002795457442027037,0.0011762131081864964
"category:content released in 2017","Content released in 2017","category",,,,,,,,,22,0,11,0,0,0,0.00016794359411122936,0.00007764845047308417
"category:content released in 2023","Content released in 2023","category",,,,,,,,,12,0,6,0,0,0,0.0001216527290470225,0.00007764845047308417
"category:bank","Bank","category",,,,,,,,,1,0,0.5,0,0,0,0.0000899623340558828,0.00007764845047308417
"page:bank note","Bank note","page","item","item","https://oldschool.runescape.wiki/w/Bank_note","2004-02-10",,"false","true","false",97,9,103,7,97,2,0.0007846083557243766,0.002310427760445104
"page:bank table","Bank table","page","scenery","scenery","https://oldschool.runescape.wiki/w/Bank_table","2004-03-29",,"false",,,0,9,0,8,0,4,0.00008884151385506988,0.00007764845047308417
"page:banker","Banker","page","npc","npc","https://oldschool.runescape.wiki/w/Banker","2001-01-23",,"false",,,43,9,61,9,43,0,0.0007535040061751792,0.0020379858082438247
"category:bankers","Bankers","category",,,,,,,,,9,0,4.5,0,0,0,0.00017117394409803228,0.00007764845047308417
"page:banker (al kharid)","Banker (Al Kharid)","page","npc","npc","https://oldschool.runescape.wiki/w/Banker_(Al_Kharid)","2002-02-27",,"false",,,22,11,22,21.5,22,3,0.00021090191917330083,0.0002967801721317073
"page:banker (canifis)","Banker (Canifis)","page","npc","npc","https://oldschool.runescape.wiki/w/Banker_(Canifis)","2004-06-29",,"false",,,19,9,23,12.5,19,1,0.0003957829471300738,0.0008634730885815466
"category:canifis","Canifis","category",,,,,,,,,18,0,9,0,0,0,0.0002991859517473809,0.00007764845047308417
"page:banker (shilo village)","Banker (Shilo Village)","page","npc","npc","https://oldschool.runescape.wiki/w/Banker_(Shilo_Village)","2003-01-27",,"true",,,11,12,15,15.5,11,4,0.00014550849459167597,0.00015609581475885265
"category:shilo village (location)","Shilo Village (location)","category",,,,,,,,,17,0,8.5,0,0,0,0.00012486289129672083,0.00007764845047308417
"page:banker (tutorial island)","Banker (Tutorial Island)","page","npc","npc","https://oldschool.runescape.wiki/w/Banker_(Tutorial_Island)","2004-03-29",,"false",,,21,9,25,10.5,21,3,0.0002352690923820358,0.0003822871383629826
"category:tutorial island","Tutorial Island","category",,,,,,,,,23,0,11.5,0,0,0,0.00016787645385430908,0.00007764845047308417
"page:banker (zanaris)","Banker (Zanaris)","page","npc","npc","https://oldschool.runescape.wiki/w/Banker_(Zanaris)","2002-02-27",,"true",,,15,12,19,15.5,15,4,0.00017774456462848201,0.0002500198985168762
"category:zanaris","Zanaris","category",,,,,,,,,21,0,10.5,0,0,0,0.000169703637816684,0.00007764845047308417
"page:bar pumps","Bar pumps","page","scenery","scenery","https://oldschool.runescape.wiki/w/Bar_pumps","2004-03-29",,"false",,,0,10,0,6.5,0,0,0.00008884151385506988,0.00007764845047308417
"category:bars and inns","Bars and inns","category",,,,,,,,,17,0,8.5,0,0,0,0.00012575855544657454,0.00007764845047308417
"page:baraek","Baraek","page","npc","npc","https://oldschool.runescape.wiki/w/Baraek","2001-01-04",,"false",,,55,16,67,14,55,2,0.0005304810620706486,0.0013238453958974168
"category:shield of arrav","Shield of Arrav","category",,,,,,,,,23,0,11.5,0,0,0,0.0002232610671247808,0.00007764845047308417
"page:barb bolttips","Barb bolttips","page","item","item","https://oldschool.runescape.wiki/w/Barb_bolttips","2004-03-29",,"true","true","false",17,11,28,11,16,2,0.0003105250441656312,0.0004926262978155308
"category:bolts","Bolts","category",,,,,,,,,7,0,3.5,0,0,0,0.0001132214869585774,0.00007764845047308417
"page:barbarian (historical)","Barbarian (historical)","page","monster","monster","https://oldschool.runescape.wiki/w/Barbarian_(historical)","2001-01-04","2007-01-04","false",,,0,6,0,3.5,0,1,0.00008884151385506988,0.00007764845047308417
"page:barbarian guard","Barbarian guard","page","npc","npc","https://oldschool.runescape.wiki/w/Barbarian_guard","2002-03-25",,"true",,,26,12,32,23,26,2,0.0002819004300663436,0.0005847979259807096
"action:toggle-vials","Toggle-vials","action",,,,,,,,,2,0,3.5,0,0,0,0.00012530472165718767,0.00007764845047308417
"page:barbarian outpost","Barbarian Outpost","page","location","location","https://oldschool.runescape.wiki/w/Barbarian_Outpost","2002-03-25",,"true",,,33,8,100,4,32,0,0.0005620004993903944,0.0008178077428542183
"category:barbarian assault","Barbarian Assault","category",,,,,,,,,1,0,0.5,0,0,0,0.00014855406691531022,0.00007764845047308417
"category:scorpion catcher","Scorpion Catcher","category",,,,,,,,,8,0,4,0,0,0,0.00015829293432583549,0.00007764845047308417
"category:legends' guild","Legends' Guild","category",,,,,,,,,17,0,8.5,0,0,0,0.0002144145847874745,0.00007764845047308417
"category:quest locations","Quest locations","category",,,,,,,,,28,0,14,0,0,0,0.00024446668377608755,0.00007764845047308417
"page:barbarian outpost agility course","Barbarian Outpost Agility Course","page","location","location","https://oldschool.runescape.wiki/w/Barbarian_Outpost_Agility_Course","2002-12-12",,"true",,,28,14,69,23,28,6,0.0003075217869161303,0.0003216487157140845
"category:agility courses","Agility courses","category",,,,,,,,,5,0,2.5,0,0,0,0.00011489115592549121,0.00007764845047308417
"page:barbarian village","Barbarian Village","page","location","location","https://oldschool.runescape.wiki/w/Barbarian_Village","2001-01-04",,"false",,,33,7,123,8.5,33,2,0.0010666109030352006,0.002740165951611701
"category:barbarian village","Barbarian Village","category",,,,,,,,,9,0,4.5,0,0,0,0.0001568103714235492,0.00007764845047308417
"category:misthalin","Misthalin","category",,,,,,,,,10,0,5,0,0,0,0.0003371019136103866,0.00007764845047308417
"page:barbarian village mine","Barbarian Village mine","page","location","location","https://oldschool.runescape.wiki/w/Barbarian_Village_mine","2001-01-04",,"false",,,12,8,12,12,12,2,0.00012779497461572848,0.00012193768643284356
"page:barbarian woman (historical)","Barbarian woman (historical)","page","monster","monster","https://oldschool.runescape.wiki/w/Barbarian_woman_(historical)","2004-03-29","2007-05-29","false",,,0,8,0,11.5,0,3,0.00008884151385506988,0.00007764845047308417
"page:barbed bolts","Barbed bolts","page","item","item","https://oldschool.runescape.wiki/w/Barbed_bolts","2004-03-29",,"true","true","true",12,18,15,23.5,12,3,0.00017829590706370222,0.0003180349995410946
"page:barcrawl card","Barcrawl card","page","item","item","https://oldschool.runescape.wiki/w/Barcrawl_card","2002-03-25",,"true","false","false",16,15,16,27,16,7,0.00018700617906879533,0.0003077290004915704
"page:bark sample","Bark sample","page","item","item","https://oldschool.runescape.wiki/w/Bark_sample","2002-12-12",,"true","false","false",23,9,26,6.5,23,1,0.0002516725306268361,0.00040595600522034305
"page:barker","Barker","page","npc","npc","https://oldschool.runescape.wiki/w/Barker","2004-06-29",,"true",,,28,9,110,7.5,28,0,0.0008876947943717347,0.0022376681649116897
"page:barkers' haberdashery","Barkers' Haberdashery","page","shop","shop","https://oldschool.runescape.wiki/w/Barkers'_Haberdashery","2004-06-29",,"true",,,25,6,100,11,25,2,0.00044827962694114906,0.0012805883289936453
"page:barmaid (historical)","Barmaid (historical)","page","npc","npc","https://oldschool.runescape.wiki/w/Barmaid_(historical)","2001-04-06","2006-02-20","false",,,0,11,0,12,0,4,0.00008884151385506988,0.00007764845047308417
"page:barman (blurberry bar)","Barman (Blurberry Bar)","page","npc","npc","https://oldschool.runescape.wiki/w/Barman_(Blurberry_Bar)","2002-12-12",,"true",,,21,8,31,7.5,21,1,0.00034279120052539203,0.0006120342113041624
"page:barman (unused)","Barman (unused)","page","npc","npc","https://oldschool.runescape.wiki/w/Barman_(unused)","2004-03-29",,,,,0,3,0,1.5,0,0,0.00008884151385506988,0.00007764845047308417
"page:baroque","Baroque","page","music","music","https://oldschool.runescape.wiki/w/Baroque","2004-03-15",,"true",,,1,6,5,7.5,1,1,0.0004056445222380626,0.0005550729795303264
"page:barrel (beer)","Barrel (beer)","page","scenery","scenery","https://oldschool.runescape.wiki/w/Barrel_(beer)","2002-02-27",,"false",,,7,9,7,15.5,7,3,0.00016085949959819784,0.0003040560153821752
"page:barrel (desert mining camp)","Barrel (Desert Mining Camp)","page","scenery","scenery","https://oldschool.runescape.wiki/w/Barrel_(Desert_Mining_Camp)","2003-04-14",,"true",,,0,13,0,19,0,2,0.00008884151385506988,0.00007764845047308417
"action:look-in","Look-in","action",,,,,,,,,2,0,3.5,0,0,0,0.00010275222457712962,0.00007764845047308417
"action:look in","Look in","action",,,,,,,,,2,0,3.5,0,0,0,0.00010275222457712962,0.00007764845047308417
"page:barrel (digsite)","Barrel (Digsite)","page","scenery","scenery","https://oldschool.runescape.wiki/w/Barrel_(Digsite)","2003-07-09",,"true",,,1,12,4,13,1,2,0.00009541847663691397,0.0000855767612573022
"page:barrel (fishing trawler)","Barrel (Fishing Trawler)","page","scenery","scenery","https://oldschool.runescape.wiki/w/Barrel_(Fishing_Trawler)","2003-07-28",,"true",,,0,7,0,5.5,0,1,0.00008884151385506988,0.00007764845047308417
"action:climb-on","Climb-on","action",,,,,,,,,1,0,2,0,0,0,0.00011630161813757742,0.00007764845047308417
"page:barrel (god staves)","Barrel (god staves)","page","scenery","scenery","https://oldschool.runescape.wiki/w/Barrel_(god_staves)","2004-03-29",,"true",,,5,6,5,4.5,5,0,0.00012897067943681378,0.00029904923706923584
"category:mage arena","Mage Arena","category",,,,,,,,,23,0,11.5,0,0,0,0.00019603094732628968,0.00007764845047308417
"page:barrel (lumber yard)","Barrel (Lumber Yard)","page","scenery","scenery","https://oldschool.runescape.wiki/w/Barrel_(Lumber_Yard)","2003-07-28",,"false",,,0,6,0,4.5,0,0,0.00008884151385506988,0.00007764845047308417
"category:gertrude's cat","Gertrude's Cat","category",,,,,,,,,13,0,6.5,0,0,0,0.0001370711541625278,0.00007764845047308417
"page:barrel (plague city)","Barrel (Plague City)","page","scenery","scenery","https://oldschool.runescape.wiki/w/Barrel_(Plague_City)","2002-08-27",,"false",,,0,11,0,12.5,0,5,0.00008884151385506988,0.00007764845047308417
"page:barrel (shaman caves)","Barrel (Shaman Caves)","page","scenery","scenery","https://oldschool.runescape.wiki/w/Barrel_(Shaman_Caves)","2003-08-20",,"true",,,13,8,40,6.5,13,2,0.00025015318794346827,0.00034739444331195686
"action:smash","Smash","action",,,,,,,,,2,0,4,0,0,0,0.00016243000856537592,0.00007764845047308417
"page:barrel (the tourist trap)","Barrel (The Tourist Trap)","page","item","item","https://oldschool.runescape.wiki/w/Barrel_(The_Tourist_Trap)","2003-04-14",,"true","false","false",21,12,21,16,21,5,0.00018505586048864653,0.0002216161182313031
"page:barrel of flour (sinclair mansion)","Barrel of flour (Sinclair Mansion)","page","scenery","scenery","https://oldschool.runescape.wiki/w/Barrel_of_flour_(Sinclair_Mansion)","2003-06-09",,"true",,,4,7,16,5.5,4,1,0.00012461079166236204,0.0001207366395038489
"action:take-from","Take-from","action",,,,,,,,,3,0,6,0,0,0,0.00019716412517700174,0.00007764845047308417
"page:barstool","Barstool","page","scenery","scenery","https://oldschool.runescape.wiki/w/Barstool","2004-03-29",,"false",,,0,5,0,4,0,0,0.00008884151385506988,0.00007764845047308417
"page:bartender (blue moon inn)","Bartender (Blue Moon Inn)","page","npc","npc","https://oldschool.runescape.wiki/w/Bartender_(Blue_Moon_Inn)","2001-01-04",,"false",,,46,17,56,20,46,8,0.00038839116924157776,0.0007408287962241657
"page:bartender (dancing donkey inn)","Bartender (Dancing Donkey Inn)","page","npc","npc","https://oldschool.runescape.wiki/w/Bartender_(Dancing_Donkey_Inn)","2002-10-23",,"false",,,1,11,5,9.5,1,5,0.00010217299367481602,0.00009084805011357274
"page:bartender (dead man's chest)","Bartender (Dead Man's Chest)","page","npc","npc","https://oldschool.runescape.wiki/w/Bartender_(Dead_Man's_Chest)","2002-02-27",,"true",,,27,13,34,14.5,27,5,0.0002123190597577102,0.0002915380962583453
"page:bartender (dragon inn)","Bartender (Dragon Inn)","page","npc","npc","https://oldschool.runescape.wiki/w/Bartender_(Dragon_Inn)","2002-10-23",,"true",,,25,9,32,9.5,25,1,0.00021394109075291963,0.0003095786128950054
"category:zogre flesh eaters","Zogre Flesh Eaters","category",,,,,,,,,4,0,2,0,0,0,0.00010232643378803552,0.00007764845047308417
"category:yanille","Yanille","category",,,,,,,,,23,0,11.5,0,0,0,0.00014891797834788167,0.00007764845047308417
"page:bartender (flying horse inn)","Bartender (Flying Horse Inn)","page","npc","npc","https://oldschool.runescape.wiki/w/Bartender_(Flying_Horse_Inn)","2002-05-08",,"true",,,39,12,46,13.5,39,4,0.00026075647122616335,0.000406756079669293
"page:bartender (forester's arms)","Bartender (Forester's Arms)","page","npc","npc","https://oldschool.runescape.wiki/w/Bartender_(Forester's_Arms)","2002-03-25",,"true",,,19,9,23,11,19,2,0.00018447799247421637,0.00026122461211844106
"category:seers' village","Seers' Village","category",,,,,,,,,9,0,4.5,0,0,0,0.00011649363906261753,0.00007764845047308417
"page:bartender (jolly boar inn)","Bartender (Jolly Boar Inn)","page","npc","npc","https://oldschool.runescape.wiki/w/Bartender_(Jolly_Boar_Inn)","2001-01-04",,"false",,,14,19,25,20,14,12,0.00015949968791893643,0.000226306524892602
"page:bartender (rusty anchor inn)","Bartender (Rusty Anchor Inn)","page","npc","npc","https://oldschool.runescape.wiki/w/Bartender_(Rusty_Anchor_Inn)","2001-04-06",,"true",,,21,16,25,13.5,21,8,0.00018701955021958744,0.0002973294759619589
"category:port sarim","Port Sarim","category",,,,,,,,,25,0,12.5,0,0,0,0.00016049916591234065,0.00007764845047308417
"page:bass","Bass","page","item","item|monster","https://oldschool.runescape.wiki/w/Bass","2002-02-27",,"true","true","false",16,17,36,12,16,1,0.00030279617552514914,0.0008115008122077801
"category:items exempt from grand exchange tax","Items exempt from Grand Exchange tax","category",,,,,,,,,29,0,14.5,0,0,0,0.00026755752022210885,0.00007764845047308417
"page:bat bones","Bat bones","page","item","item|monster|prayer","https://oldschool.runescape.wiki/w/Bat_bones","2002-02-27",,"true","true","false",15,15,35,10.5,14,0,0.00022681790253479625,0.0002598914058665464
"page:bath","Bath","page","scenery","scenery","https://oldschool.runescape.wiki/w/Bath","2004-03-29",,"false",,,0,6,0,5,0,1,0.00008884151385506988,0.00007764845047308417
"page:bath pipes","Bath pipes","page","scenery","scenery","https://oldschool.runescape.wiki/w/Bath_pipes","2004-03-03",,"false",,,3,7,3,6,3,2,0.00011419307441588487,0.0001257743131194904
"page:bathroom table","Bathroom table","page","scenery","scenery","https://oldschool.runescape.wiki/w/Bathroom_table","2004-03-29",,"false",,,0,6,0,5,0,1,0.00008884151385506988,0.00007764845047308417
"page:batta tin","batta tin","page","item","item","https://oldschool.runescape.wiki/w/Batta_tin","2004-03-29",,"true","true","false",14,9,43.5,6,11,0,0.00021745062761924428,0.0002725400434088623
"category:gnome cooking","Gnome cooking","category",,,,,,,,,106,0,53,0,0,0,0.0003374722635143384,0.00007764845047308417
"page:battered book","battered book","page","item","item","https://oldschool.runescape.wiki/w/Battered_book","2004-06-02",,"true","false","false",23,13,41.5,10.5,21,2,0.00035702810957061735,0.0005178721351617261
"page:battered key","Battered key","page","item","item","https://oldschool.runescape.wiki/w/Battered_key","2004-06-02",,"true","false","false",16,12,25,14,16,2,0.0002480961883238667,0.0002789462577600108
"page:battle mage","Battle mage","page","monster","monster","https://oldschool.runescape.wiki/w/Battle_mage","2003-09-22",,"true",,,9,11,21,6,9,1,0.00027264597921941006,0.0005018025723464766
"category:mage arena i","Mage Arena I","category",,,,,,,,,13,0,6.5,0,0,0,0.0001658401010658647,0.00007764845047308417
"category:guthixians","Guthixians","category",,,,,,,,,12,0,6,0,0,0,0.00017675386917781515,0.00007764845047308417
"page:battlefield","Battlefield","page","location","location","https://oldschool.runescape.wiki/w/Battlefield","2002-07-23",,"true",,,37,8,123,9.5,37,3,0.0011934822075724666,0.0018063025579062592
"category:battlefield","Battlefield","category",,,,,,,,,10,0,5,0,0,0,0.0001649484294791852,0.00007764845047308417
"page:battlefield mine","Battlefield mine","page","location","location","https://oldschool.runescape.wiki/w/Battlefield_mine","2004-04-15",,"true",,,10,11,13,8,10,5,0.0001202990062873138,0.00011197456673239782
"page:battlement (gu'tanoth)","Battlement (Gu'Tanoth)","page","scenery","scenery","https://oldschool.runescape.wiki/w/Battlement_(Gu'Tanoth)","2003-05-07",,"true",,,0,7,0,5,0,0,0.00008884151385506988,0.00007764845047308417
"category:gu'tanoth","Gu'Tanoth","category",,,,,,,,,24,0,12,0,0,0,0.0001852124808910222,0.00007764845047308417
"action:climb-over","Climb-over","action",,,,,,,,,20,0,37,0,0,0,0.0003010670114433556,0.00007764845047308417
"page:battlement (toban's island)","Battlement (Toban's island)","page","scenery","scenery","https://oldschool.runescape.wiki/w/Battlement_(Toban's_island)","2003-05-07",,"true",,,0,7,0,5,0,0,0.00008884151385506988,0.00007764845047308417
"page:battlestaff","Battlestaff","page","item","item|monster","https://oldschool.runescape.wiki/w/Battlestaff","2002-03-18",,"true","true","true",27,21,73,20.5,24,3,0.0003465697703868754,0.00038131425036318743
"page:baxtorian falls","Baxtorian Falls","page","location","location","https://oldschool.runescape.wiki/w/Baxtorian_Falls","2002-09-24",,"true",,,50,8,150,9,50,4,0.0007544473219708542,0.0010728243314206676
"page:bay window","Bay window","page","scenery","scenery","https://oldschool.runescape.wiki/w/Bay_window","2004-03-03",,"true",,,0,8,0,7,0,3,0.00008884151385506988,0.00007764845047308417
"page:beads of the dead","Beads of the dead","page","item","item","https://oldschool.runescape.wiki/w/Beads_of_the_dead","2003-01-27",,"true","false","true",39,11,62,10,39,0,0.0003603502155477361,0.0005404164205627332
"action:destroy","Destroy","action",,,,,,,,,51,0,100,0,0,0,0.0007323665885209952,0.00007764845047308417
"page:bear fur","Bear fur","page","item","item|monster","https://oldschool.runescape.wiki/w/Bear_fur","2001-01-04",,"false","true","false",4,11,7,10.5,4,1,0.00010919104709163286,0.00010100672873733366
"category:fur","Fur","category",,,,,,,,,2,0,1,0,0,0,0.00009541873109764843,0.00007764845047308417
"page:beckon","Beckon","page","article","article","https://oldschool.runescape.wiki/w/Beckon","2004-03-29",,"false",,,233,2,233,1.5,233,1,0.0026466393159269865,0.004097387737393753
"page:bed (shaman caves)","Bed (Shaman Caves)","page","scenery","scenery","https://oldschool.runescape.wiki/w/Bed_(Shaman_Caves)","2004-03-09",,"true",,,1,7,4,5.5,1,1,0.0000980814658765535,0.00008791912565170461
"page:bedabin camp","Bedabin Camp","page","location","location","https://oldschool.runescape.wiki/w/Bedabin_Camp","2003-04-14",,"true",,,19,12,65,17.5,19,5,0.0003841979328716535,0.00045922972006492714
"category:kharidian desert","Kharidian Desert","category",,,,,,,,,5,0,2.5,0,0,0,0.00012533023666756846,0.00007764845047308417
"page:bedabin key","Bedabin key","page","item","item","https://oldschool.runescape.wiki/w/Bedabin_key","2003-04-14",,"true","false","false",9,13,9,13.5,9,5,0.00012112656739634786,0.00012987919115989651
"page:bedabin nomad","Bedabin Nomad","page","npc","npc","https://oldschool.runescape.wiki/w/Bedabin_Nomad","2003-04-14",,"true",,,4,11,11,17.5,4,4,0.00012619024211955402,0.00011434706747692025
"page:bedabin nomad guard","Bedabin Nomad Guard","page","npc","npc","https://oldschool.runescape.wiki/w/Bedabin_Nomad_Guard","2003-04-14",,"true",,,2,13,5,18.5,2,7,0.00009828930039947298,0.00008679147150275392
"page:bedabin village bartering","Bedabin Village Bartering","page","shop","shop","https://oldschool.runescape.wiki/w/Bedabin_Village_Bartering","2003-04-14",,"true",,,0,11,0,23,0,7,0.00008884151385506988,0.00007764845047308417
"page:bedroom door","Bedroom door","page","scenery","scenery","https://oldschool.runescape.wiki/w/Bedroom_door","2002-10-23",,"false",,,0,9,0,9.5,0,0,0.00008884151385506988,0.00007764845047308417
"category:biohazard","Biohazard","category",,,,,,,,,42,0,21,0,0,0,0.00026632029401803503,0.00007764845047308417
"page:beehive","beehive","page","scenery","scenery","https://oldschool.runescape.wiki/w/Beehive","2002-02-27",,"true",,,4,5,10,4,4,0,0.00015568766474164473,0.00021215662292952108
"page:beer","Beer","page","item","item|monster","https://oldschool.runescape.wiki/w/Beer","2001-01-04",,"false","true","false",66,16,173,14.5,66,1,0.0009296972035665278,0.0024605649626065723
"category:vampyre slayer","Vampyre Slayer","category",,,,,,,,,10,0,5,0,0,0,0.00020546158659079858,0.00007764845047308417
"category:strength boosting items","Strength boosting items","category",,,,,,,,,19,0,9.5,0,0,0,0.00015974146908971437,0.00007764845047308417
"page:beer glass","Beer glass","page","item","item","https://oldschool.runescape.wiki/w/Beer_glass","2002-03-18",,"false","true","false",23,14,45,12.5,18,2,0.000687562069004728,0.0014278510698852139
"page:beggar","Beggar","page","npc","npc","https://oldschool.runescape.wiki/w/Beggar","2002-02-27",,"true",,,16,7,22,5.5,16,1,0.0002690428160250838,0.0004941247154988943
"page:bell (unused object)","Bell (unused object)","page","scenery","scenery","https://oldschool.runescape.wiki/w/Bell_(unused_object)","2004-03-03",,,,,2,5,5,4,2,0,0.00015060556013870771,0.00019975063961896468
"page:bell mechanism","Bell mechanism","page","scenery","scenery","https://oldschool.runescape.wiki/w/Bell_mechanism","2004-03-03",,,,,2,7,5,9,2,2,0.00013079445095334527,0.0001436496335310127
"page:bell rope","Bell rope","page","scenery","scenery","https://oldschool.runescape.wiki/w/Bell_rope","2004-03-03",,,,,0,7,0,9,0,2,0.00008884151385506988,0.00007764845047308417
"page:bellows (elemental workshop)","Bellows (Elemental Workshop)","page","scenery","scenery","https://oldschool.runescape.wiki/w/Bellows_(Elemental_Workshop)","2004-06-02",,"true",,,9,14,15,17.5,9,5,0.0001256810225155297,0.00011913004729006633
"action:fix","Fix","action",,,,,,,,,2,0,3.5,0,0,0,0.00011020728768273641,0.00007764845047308417
"page:belt buckle","Belt buckle","page","item","item","https://oldschool.runescape.wiki/w/Belt_buckle","2003-07-09",,"true","false","false",1,9,4,7,1,2,0.00009134422658174418,0.00007996588783544593
"page:berry","Berry","page","monster","monster","https://oldschool.runescape.wiki/w/Berry","2004-08-24",,"true",,,6,14,13,7.5,6,1,0.00015593088196417813,0.000235482904892374
"category:uncommon seed drop table monsters","Uncommon seed drop table monsters","category",,,,,,,,,16,0,8,0,0,0,0.000163058994153483,0.00007764845047308417
"category:troll stronghold","Troll Stronghold","category",,,,,,,,,19,0,9.5,0,0,0,0.00017418477026930138,0.00007764845047308417
"category:troll stronghold (location)","Troll Stronghold (location)","category",,,,,,,,,13,0,6.5,0,0,0,0.00013932516765384684,0.00007764845047308417
"page:bervirius notes","Bervirius notes","page","item","item","https://oldschool.runescape.wiki/w/Bervirius_notes","2003-01-27",,"true","false","false",37,12,49,10.5,37,3,0.0002477329443505054,0.00030822621104447144
"page:betty","Betty","page","npc","npc","https://oldschool.runescape.wiki/w/Betty","2001-04-06",,"false",,,18,12,28,9.5,18,1,0.0002295304618318889,0.00029169356303349395
"category:the hand in the sand","The Hand in the Sand","category",,,,,,,,,1,0,0.5,0,0,0,0.00009910998188440668,0.00007764845047308417
"category:ethically acquired antiquities","Ethically Acquired Antiquities","category",,,,,,,,,2,0,1,0,0,0,0.0001088836996797249,0.00007764845047308417
"page:betty's magic emporium.","Betty's Magic Emporium.","page","shop","shop","https://oldschool.runescape.wiki/w/Betty's_Magic_Emporium.","2001-04-06",,"false",,,4,7,4,12,4,3,0.00009618542252984756,0.00008436428526233752
"page:beyond","Beyond","page","music","music","https://oldschool.runescape.wiki/w/Beyond","2004-03-15",,"true",,,3,5,11,3,3,1,0.00011694721490919869,0.00010583113170955057
"page:big bones","Big bones","page","item","item|monster|prayer","https://oldschool.runescape.wiki/w/Big_bones","2001-08-13",,"false","true","false",31,15,43,10.5,31,0,0.0005012759305267246,0.000884635575306699
"page:big chompy bird hunting","Big Chompy Bird Hunting","page","quest","quest","https://oldschool.runescape.wiki/w/Big_Chompy_Bird_Hunting","2004-05-18",,"true",,,49,5,194,3,49,1,0.0011795135384759826,0.0019041538412596436
"category:quests","Quests","category",,,,,,,,,57,0,28.5,0,0,0,0.00044322721535421377,0.00007764845047308417
"category:members' quests","Members' quests","category",,,,,,,,,39,0,19.5,0,0,0,0.0003925414807175805,0.00007764845047308417
"category:intermediate quests","Intermediate quests","category",,,,,,,,,23,0,11.5,0,0,0,0.0002919400906159009,0.00007764845047308417
"page:big chords","Big Chords","page","music","music","https://oldschool.runescape.wiki/w/Big_Chords","2004-03-15",,"true",,,1,5,5,3,1,1,0.0000991245205333814,0.00008754970682933551
"page:big dave","Big Dave","page","npc","npc","https://oldschool.runescape.wiki/w/Big_Dave","2002-05-28",,"true",,,14,6,14,4.5,14,0,0.00018289137131043514,0.0003459763662559176
"category:fishing contest","Fishing Contest","category",,,,,,,,,18,0,9,0,0,0,0.00016304084583361364,0.00007764845047308417
"page:big egg","Big egg","page","scenery","scenery","https://oldschool.runescape.wiki/w/Big_egg","2002-02-27",,"true",,,1,7,1,5.5,1,1,0.00009836408584969666,0.00008841747471605115
"page:big fish (random event)","Big fish (random event)","page","npc","npc","https://oldschool.runescape.wiki/w/Big_fish_(random_event)","2004-03-29","2014-09-11","false",,,0,7,0,4.5,0,2,0.00008884151385506988,0.00007764845047308417
"page:big fishing net","Big fishing net","page","item","item|monster","https://oldschool.runescape.wiki/w/Big_fishing_net","2002-02-27",,"true","true","false",21,12,45,11,21,1,0.00037074163773086536,0.0006409821170230332
"category:fishing equipment","Fishing equipment","category",,,,,,,,,9,0,4.5,0,0,0,0.00014128255202450234,0.00007764845047308417
"page:big wolf","Big Wolf","page","monster","monster","https://oldschool.runescape.wiki/w/Big_Wolf","2002-02-27",,"true",,,3,10,3,5.5,3,1,0.00010553059605270364,0.0001078527918967295
"category:white wolf mountain","White Wolf Mountain","category",,,,,,,,,12,0,6,0,0,0,0.0001240229007460247,0.00007764845047308417
"page:billy","Billy","page","npc","npc","https://oldschool.runescape.wiki/w/Billy","2004-08-09",,"true",,,3,5,3,2.5,3,0,0.00010275729500995733,0.00009342712514628492
"category:non-interactive characters","Non-interactive characters","category",,,,,,,,,13,0,6.5,0,0,0,0.00014832211285092413,0.00007764845047308417
"category:port piscarilius","Port Piscarilius","category",,,,,,,,,1,0,0.5,0,0,0,0.00010631025400678662,0.00007764845047308417
"page:billy rehnison","Billy Rehnison","page","npc","npc","https://oldschool.runescape.wiki/w/Billy_Rehnison","2002-08-27",,"true",,,28,10,40,8.5,28,4,0.00025839874931535495,0.0003313302268782882
"page:bind","Bind","page","spell","spell","https://oldschool.runescape.wiki/w/Bind","2004-03-29",,"false",,,6,4,18,2,6,0,0.00031153068616925723,0.0005103739357355187
"category:free-to-play spells","Free-to-play spells","category",,,,,,,,,30,0,15,0,0,0,0.00039366111405962406,0.00007764845047308417
"page:binding book","Binding book","page","item","item","https://oldschool.runescape.wiki/w/Binding_book","2003-08-20",,"true","false","false",45,12,52.5,11,44,1,0.0003666853435477683,0.0004895227279738032
"action:enchant-vials","Enchant-Vials","action",,,,,,,,,1,0,2,0,0,0,0.00014551106694886545,0.00007764845047308417
"page:biohazard","Biohazard","page","quest","quest","https://oldschool.runescape.wiki/w/Biohazard","2002-10-23",,"true",,,79,7,343,17,79,3,0.0017737590145351714,0.002713234756670593
"page:bird feed","Bird feed","page","item","item","https://oldschool.runescape.wiki/w/Bird_feed","2002-10-23",,"true","false","false",29,10,32,16,29,2,0.00023871995192067963,0.0002931770854121595
"action:throw","Throw","action",,,,,,,,,1,0,2,0,0,0,0.00011420550874662047,0.00007764845047308417
"page:black 2h sword","Black 2h sword","page","item","item|monster","https://oldschool.runescape.wiki/w/Black_2h_sword","2002-02-27",,"false","true","true",5,20,5,19.5,5,2,0.00010784661011978573,0.00010513939447981364
"category:black","Black","category",,,,,,,,,29,0,14.5,0,0,0,0.00016977496818941943,0.00007764845047308417
"page:black amulet (interface item)","Black amulet (interface item)","page","item","item","https://oldschool.runescape.wiki/w/Black_amulet_(interface_item)","2004-03-29",,"false","false","false",0,7,0,5,0,0,0.00008884151385506988,0.00007764845047308417
"category:pages with null name","Pages with null name","category",,,,,,,,,6,0,3,0,0,0,0.0001270037229955058,0.00007764845047308417
"category:interface items","Interface items","category",,,,,,,,,9,0,4.5,0,0,0,0.00013158075853393297,0.00007764845047308417
"page:black arm gang","Black Arm Gang","page","article","article","https://oldschool.runescape.wiki/w/Black_Arm_Gang","2001-01-04",,,,,22,7,88,5,22,3,0.000583791918441055,0.0014024180121373626
"category:organisations","Organisations","category",,,,,,,,,10,0,5,0,0,0,0.0001581541779930857,0.00007764845047308417
"category:black arm gang","Black Arm Gang","category",,,,,,,,,6,0,3,0,0,0,0.00015411538967336798,0.00007764845047308417
"page:black arm gang headquarters","Black Arm Gang Headquarters","page","location","location","https://oldschool.runescape.wiki/w/Black_Arm_Gang_Headquarters","2001-01-04",,"false",,,5,12,15,11,5,4,0.00013321550838539883,0.00013741893466994674
"category:bases and headquarters","Bases and headquarters","category",,,,,,,,,4,0,2,0,0,0,0.00010166316937627573,0.00007764845047308417
"page:black axe","Black axe","page","item","item|monster","https://oldschool.runescape.wiki/w/Black_axe","2002-02-27",,"false","true","true",5,21,15,20,5,2,0.00017854563217745137,0.0004667828191824512
"page:black axe head","Black axe head","page","item","item","https://oldschool.runescape.wiki/w/Black_axe_head","2004-03-29","2007-07-17","false","true","false",14,17,14,14.5,14,3,0.0001319973182114121,0.00013503656318288558
"page:black battleaxe","black battleaxe","page","item","item|monster","https://oldschool.runescape.wiki/w/Black_battleaxe","2001-12-08",,"false","true","true",3,20,6,19.5,3,2,0.00010836082349293819,0.00011115945529301868
"page:black bead","black bead","page","item","item|monster","https://oldschool.runescape.wiki/w/Black_bead","2001-02-16",,"false","true","false",12,13,25,9,12,2,0.00018323549597222836,0.0001863822799097002
"page:black bear","black bear","page","monster","monster","https://oldschool.runescape.wiki/w/Black_bear","2001-01-04",,"false",,,5,10,11,5.5,5,1,0.00013958373316713639,0.0001567329745852503
"category:entrana","Entrana","category",,,,,,,,,18,0,9,0,0,0,0.0003104136095625524,0.00007764845047308417
"page:black beret","black beret","page","item","item","https://oldschool.runescape.wiki/w/Black_beret","2004-05-05",,"true","true","true",4,17,13,13,4,0,0.0001324435101258728,0.00019135575191436724
"category:patchy","Patchy","category",,,,,,,,,8,0,4,0,0,0,0.00010826418426313424,0.00007764845047308417
"category:easy clue rewards","Easy clue rewards","category",,,,,,,,,12,0,6,0,0,0,0.0001137937444788326,0.00007764845047308417
"page:black candle","Black candle","page","item","item","https://oldschool.runescape.wiki/w/Black_candle","2002-02-27",,"true","false","false",15,14,28,13,15,0,0.00033084867006312794,0.000628302433186569
"category:light sources","Light sources","category",,,,,,,,,3,0,1.5,0,0,0,0.00010909795772191759,0.00007764845047308417
"action:extinguish","Extinguish","action",,,,,,,,,6,0,10.5,0,0,0,0.0002306366209230039,0.00007764845047308417
"page:black cape","Black cape","page","item","item|monster","https://oldschool.runescape.wiki/w/Black_cape","2001-01-21",,"false","true","true",16,17,19,16.5,16,1,0.00029124010323018363,0.0006631988798531573
"category:cape slot items","Cape slot items","category",,,,,,,,,11,0,5.5,0,0,0,0.00013511926890599123,0.00007764845047308417
"category:capes","Capes","category",,,,,,,,,11,0,5.5,0,0,0,0.00013511926890599123,0.00007764845047308417
"slot:cape","cape","slot",,,,,,,,,11,0,22,0,0,0,0.0002739525340587553,0.00007764845047308417
"page:black cavalier","Black cavalier","page","item","item","https://oldschool.runescape.wiki/w/Black_cavalier","2004-05-05",,"true","true","true",4,17,7,13,4,0,0.0001111594691179628,0.00012204850566225285
"category:hard clue rewards","Hard clue rewards","category",,,,,,,,,25,0,12.5,0,0,0,0.0001213524203779006,0.00007764845047308417
"page:black chainbody","Black chainbody","page","item","item|monster","https://oldschool.runescape.wiki/w/Black_chainbody","2001-12-08",,"false","true","true",3,16,6,12.5,3,0,0.0001327244780178024,0.0002760186509485128
"page:black claws","Black claws","page","item","item|monster","https://oldschool.runescape.wiki/w/Black_claws","2004-08-09",,"true","true","true",0,20,0,19.5,0,2,0.00008884151385506988,0.00007764845047308417
"page:black cog","Black cog","page","item","item","https://oldschool.runescape.wiki/w/Black_cog","2002-06-17",,"true","false","false",14,9,20,7,14,2,0.0002452618511035354,0.00039522794744319893
"page:black d'hide body","Black d'hide body","page","item","item|monster","https://oldschool.runescape.wiki/w/Black_d'hide_body","2004-03-29",,"true","true","true",8,17,17,13,8,0,0.00018335835601835128,0.0007923587050096759
"category:ranged armour","Ranged armour","category",,,,,,,,,23,0,11.5,0,0,0,0.00024192478974055382,0.00007764845047308417
"page:black d'hide chaps","Black d'hide chaps","page","item","item|monster","https://oldschool.runescape.wiki/w/Black_d'hide_chaps","2004-03-29",,"true","true","true",4,19,4,15,4,2,0.00010748004712823132,0.00014437106055298647
"page:black d'hide vambraces","Black d'hide vambraces","page","item","item|monster","https://oldschool.runescape.wiki/w/Black_d'hide_vambraces","2004-03-29",,"true","true","true",3,21,3,16,3,2,0.00010205820498822486,0.00010131302485911976
"category:hands slot items","Hands slot items","category",,,,,,,,,19,0,9.5,0,0,0,0.00012823500561436605,0.00007764845047308417
"category:gloves","Gloves","category",,,,,,,,,9,0,4.5,0,0,0,0.00011142722971685151,0.00007764845047308417
"category:vambraces","Vambraces","category",,,,,,,,,5,0,2.5,0,0,0,0.0001014355091857374,0.00007764845047308417
"slot:hands","hands","slot",,,,,,,,,19,0,38,0,0,0,0.00024641548089225456,0.00007764845047308417
"page:black dagger","Black dagger","page","item","item|monster","https://oldschool.runescape.wiki/w/Black_dagger","2001-12-08",,"false","true","true",9,24,9,21.5,9,2,0.00013621345323003813,0.00021107345317856324
"page:black dart","Black dart","page","item","item|monster","https://oldschool.runescape.wiki/w/Black_dart","2004-08-09",,"true","true","true",0,20,0,15.5,0,0,0.00008884151385506988,0.00007764845047308417
"page:black demon","black demon","page","monster","monster","https://oldschool.runescape.wiki/w/Black_demon","2002-02-27",,"true",,,16,21,51,11,16,1,0.0002969826905032932,0.0003600068920411048
"category:rare drop table monsters","Rare drop table monsters","category",,,,,,,,,5,0,2.5,0,0,0,0.00012296166374266493,0.00007764845047308417
"category:demons","Demons","category",,,,,,,,,12,0,6,0,0,0,0.00014419030104586186,0.00007764845047308417
"category:brimhaven dungeon","Brimhaven Dungeon","category",,,,,,,,,5,0,2.5,0,0,0,0.0001121704972602124,0.00007764845047308417
"category:chasm of fire","Chasm of Fire","category",,,,,,,,,3,0,1.5,0,0,0,0.0001058182824888929,0.00007764845047308417
"category:edgeville dungeon","Edgeville Dungeon","category",,,,,,,,,21,0,10.5,0,0,0,0.00018971070948158933,0.00007764845047308417
"category:bosses","Bosses","category",,,,,,,,,17,0,8.5,0,0,0,0.0002163630851651942,0.00007764845047308417
"page:black demon (the grand tree)","Black demon (The Grand Tree)","page","monster","monster","https://oldschool.runescape.wiki/w/Black_demon_(The_Grand_Tree)","2002-12-12",,"true",,,4,8,19,4.5,4,1,0.00015919067176746097,0.00019217667261039572
"page:black dragon","black dragon","page","monster","monster","https://oldschool.runescape.wiki/w/Black_dragon","2002-02-27",,"true",,,15,22,45,15.5,15,3,0.0003047759560617662,0.00040480179717224184
"category:freeing sir amik varze","Freeing Sir Amik Varze","category",,,,,,,,,3,0,1.5,0,0,0,0.00010667632332108627,0.00007764845047308417
"category:evil chicken's lair","Evil Chicken's Lair","category",,,,,,,,,1,0,0.5,0,0,0,0.00009719827394063003,0.00007764845047308417
"category:lava maze","Lava Maze","category",,,,,,,,,10,0,5,0,0,0,0.0001402264826485268,0.00007764845047308417
"page:black dragon leather","Black dragon leather","page","item","item","https://oldschool.runescape.wiki/w/Black_dragon_leather","2004-03-29",,"true","true","false",9,16,12,14.5,9,4,0.00014000134549062212,0.00014803274470136853
"category:leather","Leather","category",,,,,,,,,6,0,3,0,0,0,0.00010059319530556393,0.00007764845047308417
"page:black dragonhide","Black dragonhide","page","item","item|monster","https://oldschool.runescape.wiki/w/Black_dragonhide","2004-03-29",,"true","true","false",8,13,8,19,8,4,0.00012319751518441994,0.00012465367723135678
"page:black flowers","Black flowers","page","item","item","https://oldschool.runescape.wiki/w/Black_flowers","2004-03-29",,"true","true","true",1,14,1,13,1,1,0.00009511947006818865,0.00009001369172081221
"page:black full helm","Black full helm","page","item","item|monster","https://oldschool.runescape.wiki/w/Black_full_helm","2001-02-13",,"false","true","true",7,17,23,16.5,7,1,0.00018516391546939033,0.0002637088120403267
"page:black full helm (g)","Black full helm (g)","page","item","item","https://oldschool.runescape.wiki/w/Black_full_helm_(g)","2004-05-05",,"false","true","true",0,21,0,19,0,2,0.00008884151385506988,0.00007764845047308417
"page:black full helm (t)","Black full helm (t)","page","item","item","https://oldschool.runescape.wiki/w/Black_full_helm_(t)","2004-05-05",,"false","true","true",0,21,0,19,0,2,0.00008884151385506988,0.00007764845047308417
"page:black headband","Black headband","page","item","item","https://oldschool.runescape.wiki/w/Black_headband","2004-05-05",,"true","true","true",2,17,2,13,2,0,0.00009868547088134463,0.0001680700713601888
"page:black heather","Black Heather","page","monster","monster","https://oldschool.runescape.wiki/w/Black_Heather","2002-02-27",,"false",,,6,15,15,15,6,3,0.0001419936063290842,0.00014106120313533917
"page:black kiteshield","Black kiteshield","page","item","item|monster","https://oldschool.runescape.wiki/w/Black_kiteshield","2001-12-08",,"false","true","true",10,16,19,12.5,10,0,0.00015787762699819794,0.00027454666850717217
"page:black kiteshield (g)","Black kiteshield (g)","page","item","item","https://oldschool.runescape.wiki/w/Black_kiteshield_(g)","2004-05-05",,"false","true","true",0,21,0,19.5,0,3,0.00008884151385506988,0.00007764845047308417
"page:black kiteshield (t)","Black kiteshield (t)","page","item","item","https://oldschool.runescape.wiki/w/Black_kiteshield_(t)","2004-05-05",,"false","true","true",0,21,0,19.5,0,3,0.00008884151385506988,0.00007764845047308417
"page:black knife","black knife","page","item","item|monster","https://oldschool.runescape.wiki/w/Black_knife","2003-04-14",,"true","true","true",3,20,9,15.5,3,0,0.00010769028356768133,0.00010514775291738453
"page:black knight","Black Knight","page","monster","monster","https://oldschool.runescape.wiki/w/Black_Knight","2001",,,,,22,17,60,9,22,1,0.0005718981504987483,0.0011959906567874904
"category:general seed drop table monsters","General seed drop table monsters","category",,,,,,,,,6,0,3,0,0,0,0.0001426145901539831,0.00007764845047308417
"category:black knights' fortress","Black Knights' Fortress","category",,,,,,,,,9,0,4.5,0,0,0,0.00014847923116097103,0.00007764845047308417
"page:black knight captain","Black Knight Captain","page","npc","npc","https://oldschool.runescape.wiki/w/Black_Knight_Captain","2001-04-06",,"false",,,12,9,21,10,12,2,0.00017369216575755637,0.0002579701222344192
"page:black knight titan","Black Knight Titan","page","monster","monster","https://oldschool.runescape.wiki/w/Black_Knight_Titan","2002-07-23",,"true",,,23,15,38,8,23,1,0.0002733070866151055,0.0003579177741061665
"category:giants","Giants","category",,,,,,,,,6,0,3,0,0,0,0.0001169044075286791,0.00007764845047308417
"category:holy grail","Holy Grail","category",,,,,,,,,25,0,12.5,0,0,0,0.00016017846787750347,0.00007764845047308417
"page:black knights' base","Black Knights' Base","page","location","location","https://oldschool.runescape.wiki/w/Black_Knights'_Base","2002-02-27",,"true",,,13,10,36,14.5,13,5,0.0002278228666143062,0.000258638803046986
"category:wanted!","Wanted!","category",,,,,,,,,5,0,2.5,0,0,0,0.00010128408590111477,0.00007764845047308417
"page:black knights' fortress","Black Knights' Fortress","page","quest","quest","https://oldschool.runescape.wiki/w/Black_Knights'_Fortress","2001-04-06",,"false",,,16,9,56,15,16,5,0.0004766132658430882,0.001760745946410499
"category:free-to-play quests","Free-to-play quests","category",,,,,,,,,18,0,9,0,0,0,0.00013952724849170315,0.00007764845047308417
"page:black knights' fortress (location)","Black Knights' Fortress (location)","page","location","location","https://oldschool.runescape.wiki/w/Black_Knights'_Fortress_(location)","2001-04-06",,"false",,,20,14,54,23,20,6,0.00025385685346139173,0.0002780719488573465
"category:while guthix sleeps","While Guthix Sleeps","category",,,,,,,,,4,0,2,0,0,0,0.00010824937691582655,0.00007764845047308417
"page:black longsword","Black longsword","page","item","item|monster","https://oldschool.runescape.wiki/w/Black_longsword","2001-12-08",,"false","true","true",7,20,13,19.5,7,2,0.0001154392473180829,0.00011594668022510945
"page:black mace","Black mace","page","item","item|monster","https://oldschool.runescape.wiki/w/Black_mace","2002-02-27",,"false","true","true",1,20,1,19.5,1,2,0.00009897524491025437,0.00010129741550866277
"page:black med helm","Black med helm","page","item","item|monster","https://oldschool.runescape.wiki/w/Black_med_helm","2002-02-27",,"false","true","true",7,16,10,12.5,7,0,0.00011254239476637207,0.00012054649588044012
"page:black necklace (interface item)","Black necklace (interface item)","page","item","item","https://oldschool.runescape.wiki/w/Black_necklace_(interface_item)","2004-03-29",,"false","false","false",0,6,0,4.5,0,0,0.00008884151385506988,0.00007764845047308417
"page:black platebody","Black platebody","page","item","item|monster","https://oldschool.runescape.wiki/w/Black_platebody","2001-01-04",,"false","true","true",22,20,44,21.5,22,2,0.0002517570200784691,0.0004573745560183856
"page:black platebody (g)","Black platebody (g)","page","item","item","https://oldschool.runescape.wiki/w/Black_platebody_(g)","2004-05-05",,"false","true","true",0,22,0,20,0,3,0.00008884151385506988,0.00007764845047308417
"page:black platebody (t)","Black platebody (t)","page","item","item","https://oldschool.runescape.wiki/w/Black_platebody_(t)","2004-05-05",,"false","true","true",0,22,0,20,0,3,0.00008884151385506988,0.00007764845047308417
"page:black platelegs","Black platelegs","page","item","item|monster","https://oldschool.runescape.wiki/w/Black_platelegs","2001-02-28",,"false","true","true",18,19,37,21,18,2,0.00020667733195353083,0.00043135545035875134
"page:black platelegs (g)","Black platelegs (g)","page","item","item","https://oldschool.runescape.wiki/w/Black_platelegs_(g)","2004-05-05",,"false","true","true",0,22,0,20,0,3,0.00008884151385506988,0.00007764845047308417
"page:black platelegs (t)","Black platelegs (t)","page","item","item","https://oldschool.runescape.wiki/w/Black_platelegs_(t)","2004-05-05",,"false","true","true",0,22,0,20,0,3,0.00008884151385506988,0.00007764845047308417
"page:black plateskirt","Black plateskirt","page","item","item|monster","https://oldschool.runescape.wiki/w/Black_plateskirt","2001-12-08",,"false","true","true",3,19,3,21,3,2,0.00010933622350936485,0.00018957049122189976
"page:black ring (interface item)","Black ring (interface item)","page","item","item","https://oldschool.runescape.wiki/w/Black_ring_(interface_item)","2004-03-29",,"false","false","false",0,6,0,4.5,0,0,0.00008884151385506988,0.00007764845047308417
"page:black robe","Black robe","page","item","item|monster","https://oldschool.runescape.wiki/w/Black_robe","2001-01-25",,"false","true","true",9,15,27,12,8,0,0.0002537480119014111,0.0006110368426140775
"category:magic armour","Magic armour","category",,,,,,,,,13,0,6.5,0,0,0,0.00012385801208670324,0.00007764845047308417
"page:black scimitar","Black scimitar","page","item","item|monster","https://oldschool.runescape.wiki/w/Black_scimitar","2002-04-30",,"false","true","true",5,21,11,23.5,5,3,0.0001187688977617892,0.00012378688064219838
"page:black skirt","Black skirt","page","item","item|monster","https://oldschool.runescape.wiki/w/Black_skirt","2001-01-04",,"false","true","true",4,16,7,16,4,1,0.00011320160499317977,0.00010932676406601298
"category:cosmetics","Cosmetics","category",,,,,,,,,5,0,2.5,0,0,0,0.00010804337018403438,0.00007764845047308417
"page:black sq shield","Black sq shield","page","item","item|monster","https://oldschool.runescape.wiki/w/Black_sq_shield","2001-12-08",,"false","true","true",1,17,1,16.5,1,1,0.00009057749745913643,0.00008064850424844456
"page:black sword","Black sword","page","item","item|monster","https://oldschool.runescape.wiki/w/Black_sword","2001-12-08",,"false","true","true",5,21,8,23.5,5,3,0.00010522049079715495,0.00009960085473740033
"page:black toy horsey","Black toy horsey","page","item","item","https://oldschool.runescape.wiki/w/Black_toy_horsey","2004-04-01",,"false","true","false",5,11,5,8.5,5,0,0.00012869788218299223,0.00039162427613845106
"category:forced speech","Forced speech","category",,,,,,,,,13,0,6.5,0,0,0,0.00013009670041614328,0.00007764845047308417
"action:play-with","Play-with","action",,,,,,,,,4,0,8,0,0,0,0.00014654917443036942,0.00007764845047308417
"page:black unicorn","black unicorn","page","monster","monster","https://oldschool.runescape.wiki/w/Black_unicorn","2002-03-18",,"true",,,1,9,4,5,1,1,0.00009824757865679,0.00008742241697364588
"category:unicorns","Unicorns","category",,,,,,,,,2,0,1,0,0,0,0.0000990871279379299,0.00007764845047308417
"category:monsters that retreat when low hitpoints","Monsters that retreat when low hitpoints","category",,,,,,,,,9,0,4.5,0,0,0,0.00013954853207079245,0.00007764845047308417
"page:black warhammer","Black warhammer","page","item","item|monster","https://oldschool.runescape.wiki/w/Black_warhammer","2004-03-29",,"false","true","true",7,19,10,15.5,7,1,0.00011441232999682155,0.00011108407819643386
"page:blackhole","blackhole","page","location","location","https://oldschool.runescape.wiki/w/Blackhole","2001-07-12",,"false",,,1,5,8,2.5,1,0,0.00010765709460379992,0.00010297845260265204
"category:realms","Realms","category",,,,,,,,,4,0,2,0,0,0,0.0005523186215574501,0.00007764845047308417
"category:dwarven mine","Dwarven Mine","category",,,,,,,,,14,0,7,0,0,0,0.000168624470959244,0.00007764845047308417
"page:blacksmith's tools","Blacksmith's tools","page","scenery","scenery","https://oldschool.runescape.wiki/w/Blacksmith's_tools","2004-03-29",,"false",,,0,13,0,13.5,0,5,0.00008884151385506988,0.00007764845047308417
"page:blade (brimhaven agility arena)","Blade (Brimhaven Agility Arena)","page","scenery","scenery","https://oldschool.runescape.wiki/w/Blade_(Brimhaven_Agility_Arena)","2004-07-27",,"true",,,15,14,15,14,15,5,0.0001390809246224338,0.00013541623760920658
"page:blamish oil","Blamish oil","page","item","item|monster","https://oldschool.runescape.wiki/w/Blamish_oil","2002-02-27",,"true","false","false",20,13,41,10,19,1,0.00029704326267492834,0.00044670770903150535
"page:blamish snail slime","Blamish snail slime","page","item","item","https://oldschool.runescape.wiki/w/Blamish_snail_slime","2002-02-27",,"true","false","false",18,13,24,13,18,4,0.00018264022260618796,0.00023194929578901504
"page:blessed giant rat","Blessed giant rat","page","monster","monster","https://oldschool.runescape.wiki/w/Blessed_giant_rat","2003-03-03",,"true",,,0,8,0,4.5,0,1,0.00008884151385506988,0.00007764845047308417
"page:blessed gold bowl","blessed gold bowl","page","item","item|prayer","https://oldschool.runescape.wiki/w/Blessed_gold_bowl","2003-08-20",,"true","false","false",6,13,18,9,6,2,0.0008132389108703888,0.002683944479117987
"page:blessed spider","Blessed spider","page","monster","monster","https://oldschool.runescape.wiki/w/Blessed_spider","2003-03-03",,"true",,,2,11,9,6,2,1,0.00011059249184568588,0.00010063852609959201
"category:spiders","Spiders","category",,,,,,,,,9,0,4.5,0,0,0,0.00013020051667299716,0.00007764845047308417
"category:monsters that take priority in combat","Monsters that take priority in combat","category",,,,,,,,,2,0,1,0,0,0,0.00009716550769919128,0.00007764845047308417
"page:blessed water","Blessed water","page","item","item","https://oldschool.runescape.wiki/w/Blessed_water","2004-06-29",,"true","false","false",25,8,59,5.5,25,0,0.0003588513825405346,0.0010549283237508474
"category:priest in peril","Priest in Peril","category",,,,,,,,,21,0,10.5,0,0,0,0.00018536341628553333,0.00007764845047308417
"page:bloated toad","Bloated toad","page","item","item","https://oldschool.runescape.wiki/w/Bloated_toad","2004-05-18",,"true","false","false",16,15,22,24.5,16,5,0.00015751026042410164,0.0001632368470901594
"action:release all","Release All","action",,,,,,,,,1,0,2,0,0,0,0.0000997707972314452,0.00007764845047308417
"action:release","Release","action",,,,,,,,,1,0,2,0,0,0,0.0000997707972314452,0.00007764845047308417
"page:blood rune","Blood rune","page","item","item|monster","https://oldschool.runescape.wiki/w/Blood_rune","2002-03-18",,"true","true","false",28,15,31,9.5,28,1,0.0003016548562632872,0.000386921020179489
"category:sherlock skill challenge","Sherlock skill challenge","category",,,,,,,,,19,0,9.5,0,0,0,0.00015111965222897148,0.00007764845047308417
"page:blue beret","blue beret","page","item","item","https://oldschool.runescape.wiki/w/Blue_beret","2004-05-05",,"true","true","true",1,17,4,16.5,1,1,0.00009843075662038998,0.00009154343638001649
"page:blue boots","Blue boots","page","item","item","https://oldschool.runescape.wiki/w/Blue_boots","2002-12-12",,"true","true","true",24,14,24,11.5,24,0,0.00023812491335846014,0.0010412812453769458
"category:feet slot items","Feet slot items","category",,,,,,,,,19,0,9.5,0,0,0,0.00014155454437699358,0.00007764845047308417
"category:gnome robes","Gnome robes","category",,,,,,,,,20,0,10,0,0,0,0.00014782857131368573,0.00007764845047308417
"category:boots","Boots","category",,,,,,,,,19,0,9.5,0,0,0,0.00014155454437699358,0.00007764845047308417
"slot:feet","feet","slot",,,,,,,,,19,0,38,0,0,0,0.00029969363594276467,0.00007764845047308417
"page:blue cape","Blue cape","page","item","item","https://oldschool.runescape.wiki/w/Blue_cape","2001-02-13",,"false","true","true",14,15,20,16,14,2,0.00019233517906061217,0.00036377128687812747
"page:blue cog","Blue cog","page","item","item","https://oldschool.runescape.wiki/w/Blue_cog","2002-06-17",,"true","false","false",12,12,15,13,12,5,0.00015745879035850105,0.00016413216044700602
"page:blue d'hide body","Blue d'hide body","page","item","item|monster","https://oldschool.runescape.wiki/w/Blue_d'hide_body","2004-03-29",,"true","true","true",9,18,15,17,9,1,0.0002259202216568197,0.0006385327282465522
"page:blue d'hide chaps","Blue d'hide chaps","page","item","item","https://oldschool.runescape.wiki/w/Blue_d'hide_chaps","2004-03-29",,"true","true","true",5,16,5,12.5,5,0,0.00015877284305320142,0.0003365609208218141
"page:blue d'hide vambraces","Blue d'hide vambraces","page","item","item|monster","https://oldschool.runescape.wiki/w/Blue_d'hide_vambraces","2004-03-29",,"true","true","true",8,21,8,16,8,2,0.00016542590718776417,0.00034790685496635096
"page:blue door","blue door","page","scenery","scenery","https://oldschool.runescape.wiki/w/Blue_door","2001-09-23",,"false",,,1,8,4,6.5,1,2,0.00011035104669371717,0.00010635042007049942
"page:blue dragon","Blue Dragon","page","monster","monster","https://oldschool.runescape.wiki/w/Blue_dragon","2002",,,,,16,23,57,26.5,16,6,0.0002832201795553583,0.0003819762831754496
"page:blue dragon leather","Blue dragon leather","page","item","item","https://oldschool.runescape.wiki/w/Blue_dragon_leather","2004-03-29",,"true","true","false",10,18,13,19.5,10,6,0.00013222940658839228,0.00013537344196894692
"page:blue dragon scale","blue dragon scale","page","item","item|monster","https://oldschool.runescape.wiki/w/Blue_dragon_scale","2002-02-27",,"true","true","false",5,14,13,16,4,3,0.0001631905378694598,0.0001654919530798318
"page:blue dragonhide","Blue dragonhide","page","item","item|monster","https://oldschool.runescape.wiki/w/Blue_dragonhide","2004-03-29",,"true","true","false",6,14,6,20,6,5,0.00010824591195938166,0.00009964029713326264
"page:blue dye","blue dye","page","item","item","https://oldschool.runescape.wiki/w/Blue_dye","2001-05-08",,"false","true","false",35,16,76,25,30,7,0.00035897692495442577,0.0009872985797757276
"page:blue flowers","Blue flowers","page","item","item","https://oldschool.runescape.wiki/w/Blue_flowers","2004-03-29",,"true","true","true",1,14,1,13,1,1,0.00009511947006818865,0.00009001369172081221
"page:blue goblin mail","blue goblin mail","page","item","item","https://oldschool.runescape.wiki/w/Blue_goblin_mail","2001-05-08",,"false","false","false",6,14,9,18,6,2,0.00012057375449538463,0.00011886608618198876
"category:goblin diplomacy","Goblin Diplomacy","category",,,,,,,,,8,0,4,0,0,0,0.00011811703342658468,0.00007764845047308417
"page:blue halloween mask","Blue halloween mask","page","item","item","https://oldschool.runescape.wiki/w/Blue_halloween_mask","2002-10-31",,"false","true","true",0,14,0,11.5,0,0,0.00008884151385506988,0.00007764845047308417
"category:event rewards","Event rewards","category",,,,,,,,,18,0,9,0,0,0,0.0001450009801783145,0.00007764845047308417
"category:masks","Masks","category",,,,,,,,,6,0,3,0,0,0,0.00010192611964474782,0.00007764845047308417
"page:blue hat","Blue hat","page","item","item","https://oldschool.runescape.wiki/w/Blue_hat","2002-12-12",,"true","true","true",20,13,20,11.5,20,1,0.00018505285057918386,0.0004968898469277664
"page:blue hat (legends' quest)","Blue hat (Legends' Quest)","page","item","item","https://oldschool.runescape.wiki/w/Blue_hat_(Legends'_Quest)","2003-08-20",,"true","false","false",65,10,68,8.5,65,1,0.00044063264049578406,0.000671270283602664
"page:blue moon inn","Blue Moon Inn","page","shop","shop","https://oldschool.runescape.wiki/w/Blue_Moon_Inn","2001-01-04",,"false",,,19,23,74,31,19,17,0.0006533187985246047,0.0019970378464280675
"page:blue partyhat","Blue partyhat","page","item","item","https://oldschool.runescape.wiki/w/Blue_partyhat","2001-12-24",,"false","true","true",1,15,1,12,1,0,0.00010033611392302146,0.00012887794048248893
"page:blue robe bottoms","Blue robe bottoms","page","item","item","https://oldschool.runescape.wiki/w/Blue_robe_bottoms","2002-12-12",,"true","true","true",19,14,19,12.5,19,2,0.00017327045934380244,0.00034869462966366884
"page:blue robe top","Blue robe top","page","item","item","https://oldschool.runescape.wiki/w/Blue_robe_top","2002-12-12",,"true","true","true",19,16,19,14,19,3,0.00020494982552534113,0.00039281857694862496
"page:blue sheep","Blue Sheep","page","npc","npc","https://oldschool.runescape.wiki/w/Blue_Sheep","2002-08-15",,"true",,,4,10,7,11,4,1,0.00011104213323919302,0.00010322147453462071
"category:sheep herder","Sheep Herder","category",,,,,,,,,17,0,8.5,0,0,0,0.00014728479593103657,0.00007764845047308417
"category:mourning's end part i","Mourning's End Part I","category",,,,,,,,,8,0,4,0,0,0,0.00010599652584248644,0.00007764845047308417
"action:prod","Prod","action",,,,,,,,,9,0,16,0,0,0,0.00015174380833504538,0.00007764845047308417
"page:blue skirt","Blue skirt","page","item","item","https://oldschool.runescape.wiki/w/Blue_skirt","2001-01-04",,"false","true","true",7,14,13,11.5,7,0,0.00017148483914218614,0.0003065472644961208
"page:blue wizard hat","Blue wizard hat","page","item","item|monster","https://oldschool.runescape.wiki/w/Blue_wizard_hat","2001-01-04",,"false","true","true",9,18,21,16.5,8,1,0.00018278391142296656,0.0003487212475172418
"page:blue wizard robe","Blue wizard robe","page","item","item|monster","https://oldschool.runescape.wiki/w/Blue_wizard_robe","2001-01-21",,"false","true","true",5,25,8,41.5,5,7,0.00014792958184718096,0.00026557862391072195
"page:blurberry","Blurberry","page","npc","npc","https://oldschool.runescape.wiki/w/Blurberry","2002-12-12",,"true",,,30,9,49,6,30,0,0.0005566967897742213,0.0015178595279374302
"category:gnome restaurant","Gnome Restaurant","category",,,,,,,,,10,0,5,0,0,0,0.00015533137230076976,0.00007764845047308417
"page:blurberry bar","Blurberry Bar","page","shop","shop","https://oldschool.runescape.wiki/w/Blurberry_Bar","2002-12-12",,"true",,,11,21,45,31,11,15,0.00034859877415784795,0.0008635370393808396
"page:blurberry bar (scenery)","Blurberry bar (scenery)","page","scenery","scenery","https://oldschool.runescape.wiki/w/Blurberry_bar_(scenery)","2002-12-12",,"true",,,0,11,0,16.5,0,5,0.00008884151385506988,0.00007764845047308417
"page:blurberry special","Blurberry special","page","item","item|monster","https://oldschool.runescape.wiki/w/Blurberry_special","2002-12-12",,"true","true","false",93,17,115,18.5,93,2,0.0005622486378620786,0.0013670401092448195
"page:blurite ore","Blurite ore","page","item","item","https://oldschool.runescape.wiki/w/Blurite_ore","2001-04-06",,"false","false","false",23,14,35,15.5,22,2,0.00027364065830729563,0.00035844858302671245
"category:blurite","Blurite","category",,,,,,,,,3,0,1.5,0,0,0,0.0000995864439608448,0.00007764845047308417
"page:blurite rocks","blurite rocks","page","scenery","scenery","https://oldschool.runescape.wiki/w/Blurite_rocks","2001-04-06",,"false",,,1,15,5,28.5,1,5,0.00009241606358770837,0.00008092234580148132
"page:blurite sword","Blurite sword","page","item","item","https://oldschool.runescape.wiki/w/Blurite_sword","2001-04-06",,"false","false","true",9,22,13,27,9,4,0.00011840265629705238,0.00013529289759447392
"page:boarded-up door","Boarded-up door","page","scenery","scenery","https://oldschool.runescape.wiki/w/Boarded-up_door","2004-03-03",,"true",,,4,7,7,9,4,2,0.00011909265616169863,0.0001127844147460219
"page:bob","Bob","page","npc","npc","https://oldschool.runescape.wiki/w/Bob","2001-01-04",,"false",,,32,17,60,13,32,0,0.0004912496649986151,0.0012096200316961791
"category:the lost tribe","The Lost Tribe","category",,,,,,,,,9,0,4.5,0,0,0,0.00015181037241168246,0.00007764845047308417
"category:death to the dorgeshuun","Death to the Dorgeshuun","category",,,,,,,,,3,0,1.5,0,0,0,0.00011992286147383008,0.00007764845047308417
"category:2018 christmas event","2018 Christmas event","category",,,,,,,,,5,0,2.5,0,0,0,0.00012189808947095387,0.00007764845047308417
"category:2019 halloween event","2019 Halloween event","category",,,,,,,,,2,0,1,0,0,0,0.00011708945983007573,0.00007764845047308417
"category:20th anniversary event","20th Anniversary event","category",,,,,,,,,5,0,2.5,0,0,0,0.0001225970955365092,0.00007764845047308417
"category:2021 birthday event","2021 Birthday event","category",,,,,,,,,4,0,2,0,0,0,0.0001084835021203666,0.00007764845047308417
"category:2023 birthday event","2023 Birthday event","category",,,,,,,,,3,0,1.5,0,0,0,0.00012001066104647118,0.00007764845047308417
"action:repair","Repair","action",,,,,,,,,4,0,7,0,0,0,0.00020465420282836063,0.00007764845047308417
"page:bob (cat)","Bob (cat)","page","npc","npc","https://oldschool.runescape.wiki/w/Bob_(cat)","2004-08-09",,"true",,,5,9,8,9.5,5,2,0.001079505050020223,0.00273908026885316
"category:deceased characters","Deceased characters","category",,,,,,,,,6,0,3,0,0,0,0.00016665990193709466,0.00007764845047308417
"page:bob (sinclair)","Bob (Sinclair)","page","npc","npc","https://oldschool.runescape.wiki/w/Bob_(Sinclair)","2003-06-09",,"true",,,48,7,60,5.5,48,1,0.0005542852874955473,0.0012014119533371506
"page:bob's barrel","Bob's barrel","page","scenery","scenery","https://oldschool.runescape.wiki/w/Bob's_barrel","2003-06-09",,"true",,,0,9,0,10.5,0,3,0.00008884151385506988,0.00007764845047308417
"page:bob's brilliant axes.","Bob's Brilliant Axes.","page","shop","shop","https://oldschool.runescape.wiki/w/Bob's_Brilliant_Axes.","2001-01-04",,"false",,,0,6,0,11,0,2,0.00008884151385506988,0.00007764845047308417
"page:bob's print","Bob's print","page","item","item","https://oldschool.runescape.wiki/w/Bob's_print","2003-06-09",,"true","false","false",1,10,4,11,1,3,0.00009657415624347981,0.00008547432344469896
"page:body altar","Body Altar","page","location","location|scenery","https://oldschool.runescape.wiki/w/Body_Altar","2004-03-29",,"false",,,8,9,30,6.5,7,1,0.00033813250305247185,0.001678370519437483
"page:body rune","Body rune","page","item","item|monster","https://oldschool.runescape.wiki/w/Body_rune","2001-01-04",,"false","true","false",29,14,47,12,29,1,0.0006155577642350774,0.0016845086019384235
"page:body talisman","Body talisman","page","item","item|monster","https://oldschool.runescape.wiki/w/Body_talisman","2004-03-29",,"false","true","false",6,14,6,17.5,6,3,0.00013042207910451023,0.0003185138542416715
"page:bolkoy","Bolkoy","page","npc","npc","https://oldschool.runescape.wiki/w/Bolkoy","2002-07-23",,"true",,,11,8,21,7,11,0,0.000218901485903045,0.0003411976496303193
"category:tree gnome village (location)","Tree Gnome Village (location)","category",,,,,,,,,11,0,5.5,0,0,0,0.00013120158178009126,0.00007764845047308417
"page:bolkoy's village shop","Bolkoy's Village Shop","page","shop","shop","https://oldschool.runescape.wiki/w/Bolkoy's_Village_Shop","2002-07-23",,"true",,,6,7,6,11.5,6,2,0.00011561153975143039,0.0001649207073005103
"page:bone beads","Bone beads","page","item","item","https://oldschool.runescape.wiki/w/Bone_beads","2003-01-27",,"true","false","false",32,13,35,14,32,6,0.00020912634837431485,0.000253233032027731
"page:bone key (shilo village)","Bone key (Shilo Village)","page","item","item","https://oldschool.runescape.wiki/w/Bone_key_(Shilo_Village)","2003-01-27",,"true","false","false",32,8,45,5.5,32,0,0.000248258535347583,0.00033172883081177245
"page:bone shard (shilo village)","Bone shard (Shilo Village)","page","item","item","https://oldschool.runescape.wiki/w/Bone_shard_(Shilo_Village)","2003-01-27",,"true","false","false",31,17,34,22,31,9,0.000202092059641136,0.00024051066622247127
"action:inspect","Inspect","action",,,,,,,,,11,0,21.5,0,0,0,0.00016949137288788221,0.00007764845047308417
"page:bone yard","Bone Yard","page","location","location","https://oldschool.runescape.wiki/w/Bone_Yard","2001-08-13",,"false",,,18,6,24,7,18,2,0.00026606464691562317,0.0003599817049439435
"page:bones","Bones","page","item","item|monster|prayer","https://oldschool.runescape.wiki/w/Bones","2001-01-04",,"false","true","false",151,16,223,14.5,151,1,0.0015555462194602563,0.003196597482106114
"page:bones (tutorial island)","Bones (Tutorial Island)","page","item","item|monster","https://oldschool.runescape.wiki/w/Bones_(Tutorial_Island)","2004-04-06",,"false","true","false",18,15,18,14.5,18,2,0.0002023028199811037,0.0003078729987292042
"page:bones to bananas","Bones to Bananas","page","spell","spell","https://oldschool.runescape.wiki/w/Bones_to_Bananas","2001-05-26",,"false",,,1,8,1,22,1,4,0.00009374403941001773,0.00008343967348075273
"page:bonzo","Bonzo","page","npc","npc","https://oldschool.runescape.wiki/w/Bonzo","2002-05-28",,"true",,,15,8,25,7.5,15,1,0.00019838057423381605,0.00021082480804579312
"action:pay","Pay","action",,,,,,,,,2,0,4,0,0,0,0.00015258503562748442,0.00007764845047308417
"page:book (plague city)","Book (Plague City)","page","item","item","https://oldschool.runescape.wiki/w/Book_(Plague_City)","2002-08-27",,"true","false","false",18,15,18,12.5,18,7,0.00017163004734196242,0.000204843663048369
"page:book (shield of arrav)","Book (Shield of Arrav)","page","item","item","https://oldschool.runescape.wiki/w/Book_(Shield_of_Arrav)","2001-01-04",,"false","false","false",16,12,19,9.5,16,1,0.00019776836044155827,0.0002956977833575587
"page:book of spells","Book of Spells","page","music","music","https://oldschool.runescape.wiki/w/Book_of_Spells","2004-03-15",,"false",,,7,7,31,7.5,7,2,0.00031371016902195965,0.00033277966800438304
"page:book on baxtorian","Book on baxtorian","page","item","item","https://oldschool.runescape.wiki/w/Book_on_baxtorian","2002-09-24",,"true","false","false",21,13,28,14,21,3,0.00022122701603394067,0.0002930099850961936
"page:book on chemicals","Book on chemicals","page","item","item","https://oldschool.runescape.wiki/w/Book_on_chemicals","2003-07-09",,"true","false","false",23,12,23,10,23,2,0.00027185721042908607,0.0003627321795555911
"page:bookcase (draynor manor)","Bookcase (Draynor Manor)","page","scenery","scenery","https://oldschool.runescape.wiki/w/Bookcase_(Draynor_Manor)","2004-03-29",,"false",,,1,8,1,9,1,0,0.00010032111807277067,0.00009081783420788861
"page:bookcase (elemental workshop i)","Bookcase (Elemental Workshop I)","page","scenery","scenery","https://oldschool.runescape.wiki/w/Bookcase_(Elemental_Workshop_I)","2004-06-02",,"true",,,1,10,1,14.5,1,4,0.00009580626021224927,0.00008595664936608364
"page:bookcase (shaman caves)","Bookcase (Shaman Caves)","page","scenery","scenery","https://oldschool.runescape.wiki/w/Bookcase_(Shaman_Caves)","2004-03-09",,"true",,,1,10,4,11.5,1,4,0.00010832932979749458,0.0001069823096099413
"page:bookcase (shield of arrav)","Bookcase (Shield of Arrav)","page","scenery","scenery","https://oldschool.runescape.wiki/w/Bookcase_(Shield_of_Arrav)","2001-01-04",,"false",,,0,9,0,10.5,0,3,0.00008884151385506988,0.00007764845047308417
"page:bookcase (the tourist trap)","bookcase (The Tourist Trap)","page","scenery","scenery","https://oldschool.runescape.wiki/w/Bookcase_(The_Tourist_Trap)","2003-04-14",,"true",,,1,11,4,9.5,1,5,0.00015406120724652847,0.0001855333157875015
"page:bookcase (waterfall quest)","Bookcase (Waterfall Quest)","page","scenery","scenery","https://oldschool.runescape.wiki/w/Bookcase_(Waterfall_Quest)","2002-09-24",,"true",,,0,9,0,10.5,0,3,0.00008884151385506988,0.00007764845047308417
"page:bookshelves","Bookshelves","page","scenery","scenery","https://oldschool.runescape.wiki/w/Bookshelves","2003-03-03",,"true",,,0,6,0,4.5,0,0,0.00008884151385506988,0.00007764845047308417
"page:boot","Boot","page","npc","npc","https://oldschool.runescape.wiki/w/Boot","2002-04-09",,"false",,,22,14,25,11,22,5,0.00021673450378722868,0.00030327945073385936
"category:dwarves","Dwarves","category",,,,,,,,,16,0,8,0,0,0,0.00016217587885044706,0.00007764845047308417
"page:boots of lightness","Boots of lightness","page","item","item","https://oldschool.runescape.wiki/w/Boots_of_lightness","2002-06-17",,"true","false","true",15,13,28,11,15,0,0.00024061443219833989,0.0002990535503340686
"category:items with negative weight","Items with negative weight","category",,,,,,,,,1,0,0.5,0,0,0,0.0000981379805536274,0.00007764845047308417
"page:border guard","Border Guard","page","npc","npc","https://oldschool.runescape.wiki/w/Border_Guard","2001-06-11",,"false",,,17,9,20,14.5,17,3,0.00016089795715065655,0.00016638680740237874
"page:boulder (shaman caves)","Boulder (Shaman Caves)","page","scenery","scenery","https://oldschool.runescape.wiki/w/Boulder_(Shaman_Caves)","2004-03-09",,"true",,,4,11,7,11.5,4,3,0.0001069329111644873,0.00009729947145588954
"action:smash-to-bits","Smash-to-bits","action",,,,,,,,,1,0,2,0,0,0,0.00010464898767939897,0.00007764845047308417
"page:boulder (viyeldi caves)","Boulder (Viyeldi caves)","page","npc","npc","https://oldschool.runescape.wiki/w/Boulder_(Viyeldi_caves)","2004-03-09",,"true",,,3,9,13,7.5,3,3,0.00012637268441022346,0.00011764700067249515
"action:push","Push","action",,,,,,,,,2,0,4,0,0,0,0.00012112527991705579,0.00007764845047308417
"page:bouncer","Bouncer","page","monster","monster","https://oldschool.runescape.wiki/w/Bouncer","2002-07-23",,"true",,,18,10,40,5.5,18,1,0.0003999861332030342,0.0004623649839654598
"category:fight arena","Fight Arena","category",,,,,,,,,26,0,13,0,0,0,0.00017414840593837807,0.00007764845047308417
"page:bow (emote)","Bow (emote)","page","article","article","https://oldschool.runescape.wiki/w/Bow_(emote)","2004-03-29",,"false",,,13,3,13,2.5,13,2,0.00037274590813907247,0.00039562222803700376
"page:bow and arrow salesman","Bow and Arrow salesman","page","npc","npc","https://oldschool.runescape.wiki/w/Bow_and_Arrow_salesman","2004-03-29",,"true",,,17,10,24,9.5,17,3,0.0001972837908826322,0.00020117349925304485
"page:bow string","Bow string","page","item","item|monster","https://oldschool.runescape.wiki/w/Bow_string","2002-03-25",,"true","true","false",62,16,179,12.5,50,1,0.0008940148232309031,0.0014062535702151218
"page:bowl","Bowl","page","item","item","https://oldschool.runescape.wiki/w/Bowl","2001-06-11",,"false","true","false",76,12,131,11,69,1,0.0007446383655883047,0.0013395184340515799
"page:bowl of water","Bowl of water","page","item","item|monster","https://oldschool.runescape.wiki/w/Bowl_of_water","2001-06-11",,"false","true","false",37,14,81,20.5,32,2,0.00035203565721475256,0.0005593154161524046
"page:boxes (elemental workshop)","Boxes (Elemental Workshop)","page","scenery","scenery","https://oldschool.runescape.wiki/w/Boxes_(Elemental_Workshop)","2004-06-02",,"true",,,1,12,1,13.5,1,6,0.00009580626021224927,0.00008595664936608364
"page:boy","boy","page","npc","npc","https://oldschool.runescape.wiki/w/Boy","2002-02-27",,"true",,,24,10,40,11,24,3,0.00025218137331514993,0.0004266218542596422
"page:brandy","Brandy","page","item","item|monster","https://oldschool.runescape.wiki/w/Brandy","2002-12-12",,"true","true","false",9,18,12,19,9,2,0.0001323562870522106,0.00014111256002195306
"page:brass key","Brass key","page","item","item","https://oldschool.runescape.wiki/w/Brass_key","2001-01-04",,"false","true","false",8,9,17,6,8,0,0.00019935299551767947,0.00020973897226712066
"page:brass necklace","Brass necklace","page","item","item|monster","https://oldschool.runescape.wiki/w/Brass_necklace","2001-01-04",,"false","true","true",0,16,0,12.5,0,0,0.00008884151385506988,0.00007764845047308417
"page:bravek","Bravek","page","npc","npc","https://oldschool.runescape.wiki/w/Bravek","2002-08-27",,"true",,,30,14,49,11.5,30,6,0.0002929878682384401,0.0003516185916703209
"page:bravery potion","bravery potion","page","item","item","https://oldschool.runescape.wiki/w/Bravery_potion","2003-08-20",,"true","false","false",5,16,14,21,5,4,0.00012110934870419861,0.00012128572240179877
"page:bread","Bread","page","item","item|monster","https://oldschool.runescape.wiki/w/Bread","2001-01-04",,"false","true","false",22,17,51,18.5,22,2,0.0003630611024502343,0.0005281255280680927
"page:bread dough","Bread dough","page","item","item|monster","https://oldschool.runescape.wiki/w/Bread_dough","2001-01-04",,"false","true","false",7,15,15,20,6,5,0.00016425067195422914,0.00019883310202934237
"page:breoca","Breoca","page","monster","monster","https://oldschool.runescape.wiki/w/Breoca","2004-08-09",,"true",,,12,11,12,6.5,12,2,0.00015537709457164178,0.0001592541934445324
"page:brew barrel","Brew Barrel","page","scenery","scenery","https://oldschool.runescape.wiki/w/Brew_Barrel","2003-03-03",,"false",,,1,5,4,4,1,0,0.00014523956246820834,0.0001898649375691241
"page:brian","Brian","page","npc","npc","https://oldschool.runescape.wiki/w/Brian","2001-04-06",,"false",,,21,17,28,21,21,7,0.00022657170986662933,0.0003065227819565044
"page:brian's battleaxe bazaar.","Brian's Battleaxe Bazaar.","page","shop","shop","https://oldschool.runescape.wiki/w/Brian's_Battleaxe_Bazaar.","2001-04-06",,"false",,,3,9,3,17,3,5,0.00009434358626699644,0.00008267194723521115
"page:bridge (iban's lair)","Bridge (Iban's Lair)","page","scenery","scenery","https://oldschool.runescape.wiki/w/Bridge_(Iban's_Lair)","2003-03-03",,"true",,,0,10,0,10.5,0,2,0.00008884151385506988,0.00007764845047308417
"page:bridge (nature grotto)","Bridge (Nature Grotto)","page","scenery","scenery","https://oldschool.runescape.wiki/w/Bridge_(Nature_Grotto)","2004-07-13",,"true",,,13,14,19,14.5,13,6,0.00015734403129338806,0.0001651183094442621
"action:jump","Jump","action",,,,,,,,,1,0,2,0,0,0,0.00010728874511018675,0.00007764845047308417
"page:brimhaven","Brimhaven","page","location","location","https://oldschool.runescape.wiki/w/Brimhaven","2002-02-27",,"true",,,106,7,384,4.5,106,2,0.0019243617467012127,0.0023651540870712998
"page:brimhaven agility arena","Brimhaven Agility Arena","page","minigame","minigame","https://oldschool.runescape.wiki/w/Brimhaven_Agility_Arena","2004-07-27",,"true",,,59,14,192,28.5,59,7,0.0007603504536412756,0.0009383101814233674
"category:activities","Activities","category",,,,,,,,,8,0,4,0,0,0,0.00014509464428340965,0.00007764845047308417
"category:minigames","Minigames","category",,,,,,,,,5,0,2.5,0,0,0,0.00012612681605668266,0.00007764845047308417
"page:brimhaven agility arena ticket exchange","Brimhaven Agility Arena Ticket Exchange","page","shop","shop","https://oldschool.runescape.wiki/w/Brimhaven_Agility_Arena_Ticket_Exchange","2004-07-27",,"true",,,1,11,4,26,1,7,0.00009909163737545644,0.000095173685235671
"page:brimstail","Brimstail","page","npc","npc","https://oldschool.runescape.wiki/w/Brimstail","2002-12-12",,"true",,,18,16,24,16,18,1,0.0002762894277416404,0.00044784918509498546
"category:the eyes of glouphrie","The Eyes of Glouphrie","category",,,,,,,,,5,0,2.5,0,0,0,0.00010979636910101876,0.00007764845047308417
"page:brimstail's cave","Brimstail's cave","page","location","location","https://oldschool.runescape.wiki/w/Brimstail's_cave","2002-12-12",,"true",,,7,8,10,8,7,2,0.00017174635918653503,0.00028138729141171
"page:broken armour","Broken armour","page","item","item","https://oldschool.runescape.wiki/w/Broken_armour","2003-07-09",,"true","false","false",5,12,11,8.5,5,2,0.0001523438665190125,0.00025001142279337883
"category:pages with jagex-supported success charts","Pages with Jagex-supported success charts","category",,,,,,,,,7,0,3.5,0,0,0,0.00011879761819932037,0.00007764845047308417
"page:broken arrow","Broken arrow","page","item","item|monster","https://oldschool.runescape.wiki/w/Broken_arrow","2003-07-09",,"true","false","false",18,15,21,13,18,2,0.000168477494413808,0.0001884034001499085
"page:broken axe (adamant)","Broken axe (adamant)","page","item","item","https://oldschool.runescape.wiki/w/Broken_axe_(adamant)","2004-03-29","2014-09-11","false","true","false",15,18,15,19.5,15,3,0.0001361937581417066,0.00014186491249853985
"page:broken axe (black)","Broken axe (black)","page","item","item","https://oldschool.runescape.wiki/w/Broken_axe_(black)","2004-03-29","2014-09-11","false","true","false",15,18,15,19.5,15,3,0.0001361937581417066,0.00014186491249853985
"page:broken axe (bronze)","Broken axe (bronze)","page","item","item","https://oldschool.runescape.wiki/w/Broken_axe_(bronze)","2004-03-29","2014-09-11","false","true","false",25,17,25,15.5,25,2,0.00020088159714776098,0.0003758765697304783
"category:bronze","Bronze","category",,,,,,,,,34,0,17,0,0,0,0.0002215681640039587,0.00007764845047308417
"page:broken axe (iron)","Broken axe (iron)","page","item","item","https://oldschool.runescape.wiki/w/Broken_axe_(iron)","2004-03-29","2014-09-11","false","true","false",24,18,24,16.5,24,3,0.0001910401356160115,0.0003292349513360903
"category:iron","Iron","category",,,,,,,,,31,0,15.5,0,0,0,0.00014892114602530848,0.00007764845047308417
"page:broken axe (mithril)","Broken axe (mithril)","page","item","item","https://oldschool.runescape.wiki/w/Broken_axe_(mithril)","2004-03-29","2014-09-11","false","true","false",15,19,15,17.5,15,4,0.0001361937581417066,0.00014186491249853985
"category:mithril","Mithril","category",,,,,,,,,31,0,15.5,0,0,0,0.00012972810864453273,0.00007764845047308417
"page:broken axe (rune)","Broken axe (rune)","page","item","item","https://oldschool.runescape.wiki/w/Broken_axe_(rune)","2004-03-29","2014-09-11","false","true","false",15,19,15,17.5,15,4,0.0001361937581417066,0.00014186491249853985
"category:rune","Rune","category",,,,,,,,,51,0,25.5,0,0,0,0.00014935164791293377,0.00007764845047308417
"page:broken axe (steel)","Broken axe (steel)","page","item","item","https://oldschool.runescape.wiki/w/Broken_axe_(steel)","2004-03-29","2014-09-11","false","true","false",15,19,15,17.5,15,4,0.0001361937581417066,0.00014186491249853985
"category:steel","Steel","category",,,,,,,,,32,0,16,0,0,0,0.0001194920148788278,0.00007764845047308417
"page:broken cart","Broken cart","page","scenery","scenery","https://oldschool.runescape.wiki/w/Broken_cart","2002-05-28",,"true",,,0,6,0,5,0,1,0.00008884151385506988,0.00007764845047308417
"page:broken fence (lumber yard)","Broken fence (Lumber Yard)","page","scenery","scenery","https://oldschool.runescape.wiki/w/Broken_fence_(Lumber_Yard)","2003-07-28",,"false",,,0,5,0,4,0,0,0.00008884151385506988,0.00007764845047308417
"page:broken glass","Broken glass","page","item","item","https://oldschool.runescape.wiki/w/Broken_glass","2002-09-09",,"true","false","false",23,12,37,8,22,1,0.0003257680887317918,0.0005058719832712986
"page:broken glass (unobtainable item)","Broken glass (unobtainable item)","page","item","item","https://oldschool.runescape.wiki/w/Broken_glass_(unobtainable_item)","2003-07-09","2004","true","false","false",0,9,0,9.5,0,1,0.00008884151385506988,0.00007764845047308417
"page:broken log raft","Broken log raft","page","scenery","scenery","https://oldschool.runescape.wiki/w/Broken_log_raft","2002-09-24",,"false",,,0,10,0,19,0,5,0.00008884151385506988,0.00007764845047308417
"page:broken pickaxe (adamant)","Broken pickaxe (adamant)","page","item","item","https://oldschool.runescape.wiki/w/Broken_pickaxe_(adamant)","2004-03-29","2014-09-11","false","true","false",0,19,0,17.5,0,4,0.00008884151385506988,0.00007764845047308417
"page:broken pickaxe (bronze)","Broken pickaxe (bronze)","page","item","item","https://oldschool.runescape.wiki/w/Broken_pickaxe_(bronze)","2004-03-29","2014-09-11","false","true","false",14,18,14,13.5,14,3,0.0001319973182114121,0.00013503656318288558
"page:broken pickaxe (iron)","Broken pickaxe (iron)","page","item","item","https://oldschool.runescape.wiki/w/Broken_pickaxe_(iron)","2004-03-29","2014-09-11","false","true","false",0,18,0,13.5,0,3,0.00008884151385506988,0.00007764845047308417
"page:broken pickaxe (mithril)","Broken pickaxe (mithril)","page","item","item","https://oldschool.runescape.wiki/w/Broken_pickaxe_(mithril)","2004-03-29","2014-09-11","false","true","false",0,18,0,13.5,0,3,0.00008884151385506988,0.00007764845047308417
"page:broken pickaxe (rune)","Broken pickaxe (rune)","page","item","item","https://oldschool.runescape.wiki/w/Broken_pickaxe_(rune)","2004-03-29","2014-09-11","false","true","false",0,18,0,13.5,0,3,0.00008884151385506988,0.00007764845047308417
"page:broken pickaxe (steel)","Broken pickaxe (steel)","page","item","item","https://oldschool.runescape.wiki/w/Broken_pickaxe_(steel)","2004-03-29","2014-09-11","false","true","false",0,18,0,13.5,0,3,0.00008884151385506988,0.00007764845047308417
"page:broken shield","Broken shield","page","item","item","https://oldschool.runescape.wiki/w/Broken_shield","2001-01-04",,"false","false","false",15,12,24,12,15,3,0.0001804654024682836,0.0002675356862296435
"category:the legend of arrav","The Legend of Arrav","category",,,,,,,,,3,0,1.5,0,0,0,0.0001007373930826094,0.00007764845047308417
"page:broken staff","Broken staff","page","item","item","https://oldschool.runescape.wiki/w/Broken_staff","2003-07-09",,"true","false","false",6,14,9,10,6,3,0.00012016777234582173,0.00011385293448391232
"page:bronze 2h sword","Bronze 2h sword","page","item","item|monster","https://oldschool.runescape.wiki/w/Bronze_2h_sword","2001-01-04",,"false","true","true",9,27,15,26,9,4,0.00017133390805452295,0.00029341671437861167
"page:bronze arrow","Bronze arrow","page","item","item|monster","https://oldschool.runescape.wiki/w/Bronze_arrow","2001-01-04",,"false","true","true",49,23,73,23,48,2,0.0004214233676261656,0.0007037039479959319
"page:bronze arrowtips","Bronze arrowtips","page","item","item","https://oldschool.runescape.wiki/w/Bronze_arrowtips","2002-03-25",,"true","true","false",16,20,19,22.5,16,6,0.00018944792999684202,0.00041638040379078704
"page:bronze axe","Bronze axe","page","item","item|monster","https://oldschool.runescape.wiki/w/Bronze_axe","2001-01-04",,"false","true","true",28,26,57,25,28,3,0.00036388051010859807,0.0007476803514783681
"page:bronze axe head","Bronze axe head","page","item","item","https://oldschool.runescape.wiki/w/Bronze_axe_head","2004-03-29","2007-07-17","false","true","false",13,26,13,23.5,13,12,0.00012738960895145805,0.00012779485471474674
"page:bronze bar","bronze bar","page","item","item|monster","https://oldschool.runescape.wiki/w/Bronze_bar","2001-01-04",,"false","true","false",89,18,224,18.5,70,4,0.0010676339517716302,0.002742036368649518
"page:bronze battleaxe","bronze battleaxe","page","item","item|monster","https://oldschool.runescape.wiki/w/Bronze_battleaxe","2001-01-04",,"false","true","true",3,28,6,32.5,3,5,0.00010855279804755367,0.00011549259114218968
"page:bronze bolts","Bronze bolts","page","item","item|monster","https://oldschool.runescape.wiki/w/Bronze_bolts","2001-01-04",,"false","true","true",29,24,52,24.5,28,4,0.00030737623796510687,0.00047081047277716047
"page:bronze chainbody","Bronze chainbody","page","item","item|monster","https://oldschool.runescape.wiki/w/Bronze_chainbody","2001-01-04",,"false","true","true",6,25,9,26,6,3,0.00016458201122046345,0.0003096228172181572
"page:bronze claws","Bronze claws","page","item","item","https://oldschool.runescape.wiki/w/Bronze_claws","2004-08-09",,"true","true","true",1,27,1,35.5,1,6,0.00009202346863398101,0.00008235457252772909
"page:bronze dagger","Bronze dagger","page","item","item|monster","https://oldschool.runescape.wiki/w/Bronze_dagger","2001-01-04",,"false","true","true",12,31,18,29.5,12,5,0.00022714644756290382,0.0006179082535691968
"page:bronze dart","Bronze dart","page","item","item|monster","https://oldschool.runescape.wiki/w/Bronze_dart","2003-04-14",,"true","true","true",3,22,6,16.5,3,0,0.00013621504459876852,0.0002118058118106419
"page:bronze dart tip","Bronze dart tip","page","item","item","https://oldschool.runescape.wiki/w/Bronze_dart_tip","2003-04-14",,"true","true","false",1,22,1,30,1,8,0.00011931244782375116,0.00016944464963533515
"page:bronze fire arrow","Bronze fire arrow","page","item","item","https://oldschool.runescape.wiki/w/Bronze_fire_arrow","2003-03-03",,"true","true","true",1,16,1,16.5,1,3,0.0000985890063015001,0.00009241522289155384
"page:bronze full helm","Bronze full helm","page","item","item|monster","https://oldschool.runescape.wiki/w/Bronze_full_helm","2001-01-04",,"false","true","true",10,27,10,31,10,5,0.00015466069759476525,0.0002652453122187771
"page:bronze javelin","Bronze javelin","page","item","item|monster","https://oldschool.runescape.wiki/w/Bronze_javelin","2004-03-29",,"true","true","true",1,18,1,13.5,1,0,0.0000906686876566914,0.00007954175364145393
"page:bronze key (prince ali rescue)","Bronze key (Prince Ali Rescue)","page","item","item","https://oldschool.runescape.wiki/w/Bronze_key_(Prince_Ali_Rescue)","2001-02-28",,"false","false","false",15,13,24,15,15,3,0.00017655066887438202,0.00018969157668136718
"page:bronze kiteshield","Bronze kiteshield","page","item","item|monster","https://oldschool.runescape.wiki/w/Bronze_kiteshield","2001-01-04",,"false","true","true",8,26,8,30,8,4,0.00014637950666007956,0.00028449403408429327
"page:bronze knife","bronze knife","page","item","item|monster","https://oldschool.runescape.wiki/w/Bronze_knife","2003-04-14",,"true","true","true",1,27,4,24,1,4,0.00009858005880747237,0.00009524165677492467
"page:bronze longsword","Bronze longsword","page","item","item|monster","https://oldschool.runescape.wiki/w/Bronze_longsword","2001-01-04",,"false","true","true",8,27,11,28.5,8,4,0.00011597422968525297,0.00011821006658304518
"page:bronze mace","Bronze mace","page","item","item|monster","https://oldschool.runescape.wiki/w/Bronze_mace","2001-01-04",,"false","true","true",4,29,7,36.5,4,6,0.00012137758150142702,0.00012161596326751434
"page:bronze med helm","Bronze med helm","page","item","item|monster","https://oldschool.runescape.wiki/w/Bronze_med_helm","2001-01-04",,"false","true","true",18,27,18,37.5,18,6,0.00016753792937807143,0.00021516626096529612
"page:bronze pick head","Bronze pick head","page","item","item","https://oldschool.runescape.wiki/w/Bronze_pick_head","2004-03-29","2014-09-11","false","true","false",0,24,0,19.5,0,12,0.00008884151385506988,0.00007764845047308417
"page:bronze pickaxe","Bronze pickaxe","page","item","item|monster","https://oldschool.runescape.wiki/w/Bronze_pickaxe","2001-01-04",,"false","true","true",27,19,43,15.5,27,1,0.0004051875752084529,0.0006235235639456596
"page:bronze platebody","Bronze platebody","page","item","item|monster","https://oldschool.runescape.wiki/w/Bronze_platebody","2001-01-04",,"false","true","true",14,27,23,34,14,5,0.0001662919635425523,0.00023405201060559903
"page:bronze platelegs","Bronze platelegs","page","item","item|monster","https://oldschool.runescape.wiki/w/Bronze_platelegs","2001-01-04",,"false","true","true",14,26,20,30,14,4,0.00017881598466038798,0.0003050529678587768
"page:bronze plateskirt","Bronze plateskirt","page","item","item|monster","https://oldschool.runescape.wiki/w/Bronze_plateskirt","2001-02-13",,"false","true","true",2,28,2,38,2,6,0.00009410183685747417,0.00008331563661397392
"page:bronze scimitar","Bronze scimitar","page","item","item|monster","https://oldschool.runescape.wiki/w/Bronze_scimitar","2001-01-04",,"false","true","true",7,30,10,37,7,6,0.0001169798633947612,0.0001277587846214524
"page:bronze spear","Bronze spear","page","item","item|monster","https://oldschool.runescape.wiki/w/Bronze_spear","2003-04-14",,"true","true","true",9,29,12,21.5,9,3,0.00018391097773787652,0.00035043445185630584
"page:bronze sq shield","Bronze sq shield","page","item","item|monster","https://oldschool.runescape.wiki/w/Bronze_sq_shield","2001-01-04",,"false","true","true",4,25,4,26,4,3,0.00014455205502281063,0.00028909523085815557
"page:bronze sword","Bronze sword","page","item","item","https://oldschool.runescape.wiki/w/Bronze_sword","2001-01-04",,"false","true","true",8,26,17,28,8,4,0.00012711754428812634,0.00014585345993687162
"page:bronze thrownaxe","Bronze thrownaxe","page","item","item|monster","https://oldschool.runescape.wiki/w/Bronze_thrownaxe","2004-03-29",,"true","true","true",1,17,1,14,1,0,0.0000906686876566914,0.00007954175364145393
"page:bronze warhammer","bronze warhammer","page","item","item|monster","https://oldschool.runescape.wiki/w/Bronze_warhammer","2004-03-29",,"false","true","true",2,27,5,28.5,2,4,0.00009947275714154652,0.00009852445277414976
"page:bronze wire","bronze wire","page","item","item","https://oldschool.runescape.wiki/w/Bronze_wire","2003-01-27",,"true","true","false",4,30,15,32.5,4,17,0.00012166297684073737,0.00011073228332572121
"page:brother brace","Brother Brace","page","npc","npc","https://oldschool.runescape.wiki/w/Brother_Brace","2004-03-29",,"false",,,18,10,18,7.5,18,2,0.00019023253754041767,0.0002238235305500522
"category:tutors","Tutors","category",,,,,,,,,9,0,4.5,0,0,0,0.00012327144737930655,0.00007764845047308417
"page:brother cedric","Brother Cedric","page","npc","npc","https://oldschool.runescape.wiki/w/Brother_Cedric","2002-05-28",,"true",,,6,11,9,15,6,4,0.00013045657985457162,0.00013554713245505674
"page:brother jered","Brother Jered","page","npc","npc","https://oldschool.runescape.wiki/w/Brother_Jered","2001-07-12",,"false",,,5,8,15.5,5.5,4,0,0.00022018160476124993,0.0003509678654468646
"category:2021 halloween event","2021 Halloween event","category",,,,,,,,,2,0,1,0,0,0,0.00010918814751221409,0.00007764845047308417
"page:brother kojo","Brother Kojo","page","npc","npc","https://oldschool.runescape.wiki/w/Brother_Kojo","2002-06-17",,"true",,,15,12,28,13.5,15,4,0.0001804034980924091,0.00018219431924821792
"page:brother omad","Brother Omad","page","npc","npc","https://oldschool.runescape.wiki/w/Brother_Omad","2002-05-28",,"true",,,5,13,12,17.5,5,5,0.00013627987725697553,0.0001426253477106048
"page:brown apron","Brown apron","page","item","item","https://oldschool.runescape.wiki/w/Brown_apron","2001-01-04",,"false","true","true",12,15,27,12.5,12,1,0.0015955385557207271,0.002886737647467547
"category:crafting guild","Crafting Guild","category",,,,,,,,,9,0,4.5,0,0,0,0.00016625484889090596,0.00007764845047308417
"page:brown headband","Brown headband","page","item","item","https://oldschool.runescape.wiki/w/Brown_headband","2004-05-05",,"true","true","true",1,18,1,14,1,1,0.00009303680756489742,0.00009084868708466988
"page:brown toy horsey","Brown toy horsey","page","item","item","https://oldschool.runescape.wiki/w/Brown_toy_horsey","2004-04-01",,"false","true","false",4,12,4,9.5,4,1,0.0001181284908925966,0.00021168879810480417
"page:bucket","Bucket","page","item","item|monster","https://oldschool.runescape.wiki/w/Bucket","2001-01-04",,"false","true","false",92,9,207,6,84,0,0.0015119540510784358,0.0032900209714481726
"page:bucket of milk","Bucket of milk","page","item","item","https://oldschool.runescape.wiki/w/Bucket_of_milk","2001-01-04",,"false","true","false",45,15,106,17,41,2,0.0007649460479175425,0.0016056314776059716
"category:cook's assistant","Cook's Assistant","category",,,,,,,,,9,0,4.5,0,0,0,0.0001406281134696678,0.00007764845047308417
"page:bucket of sand","bucket of sand","page","item","item|monster","https://oldschool.runescape.wiki/w/Bucket_of_sand","2002-03-18",,"true","true","false",14,15,38,29.5,13,3,0.00019757622416907502,0.0002682925827714139
"page:bucket of water","Bucket of water","page","item","item|monster","https://oldschool.runescape.wiki/w/Bucket_of_water","2001-01-04",,"false","true","false",52,19,141,24,43,6,0.0005471130232843181,0.000754082630742682
"page:bucket of wax","bucket of wax","page","item","item","https://oldschool.runescape.wiki/w/Bucket_of_wax","2002-02-27",,"true","true","false",23,15,39,24.5,23,5,0.0003405322305147201,0.0005893042293064932
"category:troll romance","Troll Romance","category",,,,,,,,,4,0,2,0,0,0,0.00010109505773594124,0.00007764845047308417
"page:bugs","Bugs","page","npc","npc","https://oldschool.runescape.wiki/w/Bugs","2004-05-18",,"true",,,19,14,40,16,19,4,0.00021036854926008243,0.00023033293778684701
"category:freeing skrach uglogwee","Freeing Skrach Uglogwee","category",,,,,,,,,4,0,2,0,0,0,0.00009898087599738442,0.00007764845047308417
"category:the corsair curse","The Corsair Curse","category",,,,,,,,,1,0,0.5,0,0,0,0.00009442942844479783,0.00007764845047308417
"category:ogres","Ogres","category",,,,,,,,,17,0,8.5,0,0,0,0.00015838626949980853,0.00007764845047308417
"page:bullroarer","Bullroarer","page","item","item|music","https://oldschool.runescape.wiki/w/Bullroarer","2003-08-20",,"true","false","false",282,12,303,13,282,2,0.002496304009765439,0.0036451605648813285
"action:swing","Swing","action",,,,,,,,,1,0,2,0,0,0,0.00041528126897863557,0.00007764845047308417
"page:bullrushes","Bullrushes","page","scenery","scenery","https://oldschool.runescape.wiki/w/Bullrushes","2001-01-04",,"false",,,0,6,0,5,0,1,0.00008884151385506988,0.00007764845047308417
"page:bunny ears","bunny ears","page","item","item","https://oldschool.runescape.wiki/w/Bunny_ears","2003-04-20",,"false","false","true",4,13,10,11,4,0,0.00012936665690145723,0.00019130321994427659
"category:2014 easter event","2014 Easter event","category",,,,,,,,,1,0,0.5,0,0,0,0.00009383977105354297,0.00007764845047308417
"category:warm clothing","Warm clothing","category",,,,,,,,,7,0,3.5,0,0,0,0.00010200556185907879,0.00007764845047308417
"page:buried skeleton (digsite)","Buried skeleton (Digsite)","page","scenery","scenery","https://oldschool.runescape.wiki/w/Buried_skeleton_(Digsite)","2003-07-09",,"true",,,0,6,0,4.5,0,0,0.00008884151385506988,0.00007764845047308417
"category:digsite","Digsite","category",,,,,,,,,15,0,7.5,0,0,0,0.00016671688355844824,0.00007764845047308417
"page:buried skeleton (shaman caves)","Buried skeleton (Shaman Caves)","page","scenery","scenery","https://oldschool.runescape.wiki/w/Buried_skeleton_(Shaman_Caves)","2003-08-20",,"true",,,0,11,0,12.5,0,5,0.00008884151385506988,0.00007764845047308417
"page:buried skeleton (temple of ikov)","Buried skeleton (Temple of Ikov)","page","scenery","scenery","https://oldschool.runescape.wiki/w/Buried_skeleton_(Temple_of_Ikov)","2004-03-09",,"true",,,0,5,0,4,0,0,0.00008884151385506988,0.00007764845047308417
"page:burnt batta","Burnt batta","page","item","item","https://oldschool.runescape.wiki/w/Burnt_batta","2002-12-12",,"true","true","false",1,14,1,14,1,2,0.00009036707520409807,0.00007948181666913773
"category:burnt food","Burnt food","category",,,,,,,,,25,0,12.5,0,0,0,0.0002645036203973622,0.00007764845047308417
"action:empty tin","Empty Tin","action",,,,,,,,,1,0,2,0,0,0,0.00009981465870129473,0.00007764845047308417
"page:burnt bones","Burnt bones","page","item","item|prayer","https://oldschool.runescape.wiki/w/Burnt_bones","2004-03-29",,"false","true","false",12,19,15,25.5,12,6,0.00019141835896825443,0.00021992886601621836
"page:burnt bread","Burnt bread","page","item","item|monster","https://oldschool.runescape.wiki/w/Burnt_bread","2001-01-04",,"false","true","false",0,16,0,19.5,0,3,0.00008884151385506988,0.00007764845047308417
"page:burnt cake","Burnt cake","page","item","item","https://oldschool.runescape.wiki/w/Burnt_cake","2001-06-11",,"false","true","false",2,10,5,6.5,2,0,0.00014472000806913372,0.0003007790180462867
"page:burnt chicken","Burnt chicken","page","item","item","https://oldschool.runescape.wiki/w/Burnt_chicken","2004-03-29",,"false","true","false",3,9,6,6,3,0,0.0002466096170736932,0.000572857959292786
"page:burnt crunchies","Burnt crunchies","page","item","item","https://oldschool.runescape.wiki/w/Burnt_crunchies","2002-12-12",,"true","true","false",27,13,27,10,27,1,0.000141195969107971,0.0001465564494226322
"action:empty tray","Empty Tray","action",,,,,,,,,1,0,2,0,0,0,0.0001128448286034631,0.00007764845047308417
"page:burnt curry","burnt curry","page","item","item","https://oldschool.runescape.wiki/w/Burnt_curry","2002-05-08",,"true","true","false",3,12,9,12.5,3,1,0.0001073044170544048,0.00010432532778414393
"action:empty bowl","Empty Bowl","action",,,,,,,,,3,0,6,0,0,0,0.0001265139212438803,0.00007764845047308417
"page:burnt fish (anchovies)","Burnt fish (anchovies)","page","item","item","https://oldschool.runescape.wiki/w/Burnt_fish_(anchovies)","2001-06-11",,"false","true","false",17,11,17,10.5,17,1,0.0002814507994640431,0.0017435170799322758
"page:burnt fish (herring)","Burnt fish (herring)","page","item","item","https://oldschool.runescape.wiki/w/Burnt_fish_(herring)","2001-06-11",,"false","true","false",18,11,24,7.5,18,1,0.0002692620494761823,0.0009567682232356806
"page:burnt fish (sardine)","Burnt fish (sardine)","page","item","item","https://oldschool.runescape.wiki/w/Burnt_fish_(sardine)","2004-03-29",,"false","true","false",16,12,19,8.5,16,2,0.00023237094001472508,0.0006564290302623123
"page:burnt fish (trout)","Burnt fish (trout)","page","item","item","https://oldschool.runescape.wiki/w/Burnt_fish_(trout)","2001-06-11",,"false","true","false",19,13,34,9.5,19,3,0.00036221123849098464,0.00108287865081114
"page:burnt fish (tuna)","Burnt fish (tuna)","page","item","item","https://oldschool.runescape.wiki/w/Burnt_fish_(tuna)","2001-06-11",,"false","true","false",13,15,13,14.5,13,5,0.00017795177641723544,0.0002882577314080823
"page:burnt gnomebowl","Burnt gnomebowl","page","item","item","https://oldschool.runescape.wiki/w/Burnt_gnomebowl","2002-12-12",,"true","true","false",1,13,1,10,1,1,0.00009046549851693861,0.00007948181666913773
"page:burnt lobster","Burnt lobster","page","item","item","https://oldschool.runescape.wiki/w/Burnt_lobster","2001-06-11",,"false","true","false",13,15,19,11.5,13,5,0.0001827551233476435,0.00026935990111445545
"page:burnt manta ray","Burnt manta ray","page","item","item","https://oldschool.runescape.wiki/w/Burnt_manta_ray","2003-07-28",,"true","true","false",10,16,13,12.5,10,6,0.00015921219419319635,0.00022096706458392694
"page:burnt meat","Burnt meat","page","item","item|monster","https://oldschool.runescape.wiki/w/Burnt_meat","2001-01-04",,"false","true","false",14,12,34,7.5,14,0,0.0004413210675443327,0.0009814737319289917
"category:witch's potion","Witch's Potion","category",,,,,,,,,5,0,2.5,0,0,0,0.00012667085533101492,0.00007764845047308417
"page:burnt oomlie","burnt oomlie","page","item","item","https://oldschool.runescape.wiki/w/Burnt_oomlie","2004-03-29",,"true","true","false",3,17,9,13.5,3,7,0.000100921273216245,0.0000902263403329399
"page:burnt oomlie wrap","burnt oomlie wrap","page","item","item","https://oldschool.runescape.wiki/w/Burnt_oomlie_wrap","2003-08-20",,"true","true","false",4,17,10,13.5,4,7,0.00016426202079770696,0.00026009291278728756
"page:burnt pie","Burnt pie","page","item","item","https://oldschool.runescape.wiki/w/Burnt_pie","2001-03-17",,"false","true","false",7,15,19,12.5,7,4,0.00012079249697090137,0.00012376189188127577
"action:empty dish","Empty Dish","action",,,,,,,,,1,0,2,0,0,0,0.0001052692934431323,0.00007764845047308417
"page:burnt pitta bread","Burnt pitta bread","page","item","item","https://oldschool.runescape.wiki/w/Burnt_pitta_bread","2003-04-14",,"true","true","false",29,19,32,18,29,8,0.00025621511807831266,0.0004171504835265715
"page:burnt pizza","burnt pizza","page","item","item","https://oldschool.runescape.wiki/w/Burnt_pizza","2001-06-11",,"false","true","false",3,17,9,13.5,3,7,0.00009958768877918602,0.00008989457162532808
"page:burnt sea turtle","burnt sea turtle","page","item","item","https://oldschool.runescape.wiki/w/Burnt_sea_turtle","2003-07-28",,"true","true","false",6,17,9,13.5,6,7,0.00011500717040540621,0.00011651228294926716
"page:burnt shark","burnt shark","page","item","item","https://oldschool.runescape.wiki/w/Burnt_shark","2002-02-27",,"true","true","false",5,18,8,14.5,5,8,0.00010729362989405448,0.0001036045526692312
"page:burnt stew","Burnt stew","page","item","item","https://oldschool.runescape.wiki/w/Burnt_stew","2001-06-11",,"false","true","false",2,21,5,21.5,2,10,0.00009738073312473348,0.00008832679909081735
"page:burnt swordfish","burnt swordfish","page","item","item","https://oldschool.runescape.wiki/w/Burnt_swordfish","2001-06-11",,"false","true","false",3,19,6,15.5,3,9,0.00009692404974204563,0.00008744939631123026
"page:burntmeat","Burntmeat","page","npc","npc","https://oldschool.runescape.wiki/w/Burntmeat","2004-08-24",,"true",,,20,11,36,14.5,20,1,0.00034174284539620055,0.00046836635013748455
"category:eadgar's ruse","Eadgar's Ruse","category",,,,,,,,,6,0,3,0,0,0,0.00011796449724660617,0.00007764845047308417
"page:burst of strength","Burst of Strength","page","prayer","prayer","https://oldschool.runescape.wiki/w/Burst_of_Strength","2001-05-24",,"false",,,16,3,22,5,16,1,0.0002577757184688071,0.00024615027418102185
"category:prayers","Prayers","category",,,,,,,,,15,0,7.5,0,0,0,0.0001613281499118173,0.00007764845047308417
"category:free-to-play prayers","Free-to-play prayers","category",,,,,,,,,15,0,7.5,0,0,0,0.0001613281499118173,0.00007764845047308417
"page:burthorpe","Burthorpe","page","location","location","https://oldschool.runescape.wiki/w/Burthorpe","2004-08-09",,"true",,,92,15,335,17.5,90,6,0.0019891748251235153,0.0026845914062175492
"category:warriors' guild","Warriors' Guild","category",,,,,,,,,1,0,0.5,0,0,0,0.00013715004532225997,0.00007764845047308417
"category:death plateau","Death Plateau","category",,,,,,,,,22,0,11,0,0,0,0.0001989540839081025,0.00007764845047308417
"page:burthorpe castle","Burthorpe Castle","page","location","location","https://oldschool.runescape.wiki/w/Burthorpe_Castle","2004-08-09",,"true",,,15,11,36,14.5,14,4,0.0002403343065329794,0.0002665205112341633
"page:burthorpe supplies","Burthorpe Supplies","page","shop","shop","https://oldschool.runescape.wiki/w/Burthorpe_Supplies","2004-08-09",,"true",,,47,10,54,14.5,47,5,0.00030683229409116813,0.000326105725670869
"page:bush (the dig site)","Bush (The Dig Site)","page","scenery","scenery","https://oldschool.runescape.wiki/w/Bush_(The_Dig_Site)","2003-07-09",,"true",,,0,9,0,7.5,0,3,0.00008884151385506988,0.00007764845047308417
"page:bush (watchtower)","Bush (Watchtower)","page","scenery","scenery","https://oldschool.runescape.wiki/w/Bush_(Watchtower)","2003-05-07",,"true",,,0,6,0,4.5,0,0,0.00008884151385506988,0.00007764845047308417
"page:butler jones","Butler Jones","page","npc","npc","https://oldschool.runescape.wiki/w/Butler_Jones","2002-08-15",,"true",,,17,17,23,16,17,5,0.00023569305894427246,0.0003778020995194416
"page:butterfly (scenery)","Butterfly (scenery)","page","npc","npc","https://oldschool.runescape.wiki/w/Butterfly_(scenery)","2004-03-29",,"false",,,0,7,0,3.5,0,0,0.00008884151385506988,0.00007764845047308417
"category:incomplete articles","Incomplete articles","category",,,,,,,,,18,0,9,0,0,0,0.00016938002555878283,0.00007764845047308417
"page:buttons","Buttons","page","item","item|monster","https://oldschool.runescape.wiki/w/Buttons","2003-07-09",,"true","false","false",5,11,8,8.5,5,0,0.00011509696808910665,0.00010710095395971927
"action:polish","Polish","action",,,,,,,,,1,0,2,0,0,0,0.0001118609074728924,0.00007764845047308417
"page:cabbage","Cabbage","page","item","item|monster","https://oldschool.runescape.wiki/w/Cabbage","2001-01-04",,"false","true","false",33,17,66,18.5,33,2,0.0011904009171589684,0.0034066840769077745
"page:cabbage (draynor manor)","Cabbage (Draynor Manor)","page","item","item","https://oldschool.runescape.wiki/w/Cabbage_(Draynor_Manor)","2001-04-06",,"false","true","false",6,19,9,21,6,5,0.00012014736622728205,0.00011118861017442952
"category:defence boosting items","Defence boosting items","category",,,,,,,,,5,0,2.5,0,0,0,0.00009903628994012965,0.00007764845047308417
"page:cabbage (scenery)","Cabbage (scenery)","page","scenery","scenery","https://oldschool.runescape.wiki/w/Cabbage_(scenery)","2004-03-29",,"false",,,6,11,6,11.5,6,3,0.00011637979522966378,0.00011188145140566255
"page:cabin boy jenkins","Cabin Boy Jenkins","page","npc","npc","https://oldschool.runescape.wiki/w/Cabin_Boy_Jenkins","2004-03-29",,"false",,,31,11,31,11,31,1,0.00034834573392299997,0.0006749762456460123
"action:examine","Examine","action",,,,,,,,,4,0,7,0,0,0,0.0001969909276900007,0.00007764845047308417
"page:cadantine","Cadantine","page","item","item","https://oldschool.runescape.wiki/w/Cadantine","2002-02-27",,"true","true","false",6,12,14,8,5,1,0.00016140832654578787,0.00021100283142322715
"page:cadantine potion (unf)","Cadantine potion (unf)","page","item","item","https://oldschool.runescape.wiki/w/Cadantine_potion_(unf)","2002-02-27",,"true","true","false",5,17,10,19,4,4,0.00010837948352756147,0.00009770429719506508
"page:cadava berries","Cadava berries","page","item","item|monster","https://oldschool.runescape.wiki/w/Cadava_berries","2001-01-04",,"false","true","false",11,18,20,18,10,3,0.0006613673309562484,0.0037241802188559244
"page:cadava potion","Cadava potion","page","item","item","https://oldschool.runescape.wiki/w/Cadava_potion","2001-01-04",,"false","false","false",6,20,9,28,6,6,0.0001399772518855151,0.00015095553644845942
"page:cairn isle","Cairn Isle","page","location","location","https://oldschool.runescape.wiki/w/Cairn_Isle","2003-01-27",,"true",,,11,7,40,7.5,11,2,0.00030286520335739747,0.0003875864598849636
"category:islands","Islands","category",,,,,,,,,9,0,4.5,0,0,0,0.00021380549124545744,0.00007764845047308417
"page:cake","Cake","page","item","item|monster","https://oldschool.runescape.wiki/w/Cake","2001-06-11",,"false","true","false",12,18,35,19,11,2,0.00030726812395125516,0.0005223355678824843
"page:cake tin","Cake tin","page","item","item","https://oldschool.runescape.wiki/w/Cake_tin","2001-06-11",,"false","true","false",33,15,41,24,32,6,0.00023883775260234355,0.00026833832245219056
"page:caleb","Caleb","page","npc","npc","https://oldschool.runescape.wiki/w/Caleb","2002-04-09",,"true",,,26,21,61,23.5,26,8,0.00023287483296037057,0.0002930997994260452
"page:camel","camel","page","npc","npc","https://oldschool.runescape.wiki/w/Camel","2001-01-04",,"false",,,4,10,11,18,4,5,0.0001701839006014882,0.00016974581472412503
"page:camelot","Camelot","page","location","location","https://oldschool.runescape.wiki/w/Camelot","2002-02-27",,"true",,,31,12,99,8,30,4,0.0010008922067590786,0.0015048329101326004
"category:camelot","Camelot","category",,,,,,,,,5,0,2.5,0,0,0,0.0001493532584051633,0.00007764845047308417
"page:camelot (music track)","Camelot (music track)","page","music","music","https://oldschool.runescape.wiki/w/Camelot_(music_track)","2004-03-15",,"true",,,0,6,0,4,0,2,0.00008884151385506988,0.00007764845047308417
"page:camelot teleport","Camelot Teleport","page","spell","spell","https://oldschool.runescape.wiki/w/Camelot_Teleport","2002-03-18",,"true",,,9,7,42,7.5,9,2,0.0004211083529070839,0.0004848182340405287
"page:campsite bed","Campsite bed","page","scenery","scenery","https://oldschool.runescape.wiki/w/Campsite_bed","2003-07-09",,"true",,,0,6,0,5,0,1,0.00008884151385506988,0.00007764845047308417
"page:candle","Candle","page","item","item|monster","https://oldschool.runescape.wiki/w/Candle","2002-02-27",,"true","true","false",35,18,68,15.5,34,1,0.00031589836031546096,0.00034488854952693324
"page:candle maker","candle maker","page","npc","npc","https://oldschool.runescape.wiki/w/Candle_maker","2002-02-27",,"true",,,20,19,33,26,20,9,0.00018362244265941703,0.00017856343428248797
"page:candle shop","Candle Shop","page","shop","shop","https://oldschool.runescape.wiki/w/Candle_Shop","2002-02-27",,"true",,,2,14,2,28,2,10,0.00010146506947423159,0.00009266682725845776
"page:canifis","Canifis","page","location","location","https://oldschool.runescape.wiki/w/Canifis","2004-06-29",,"true",,,78,8,312,5,78,2,0.001163363868510891,0.0014674669316040016
"category:morytania","Morytania","category",,,,,,,,,5,0,2.5,0,0,0,0.00021902876669775657,0.00007764845047308417
"page:canifis bank","Canifis bank","page","location","location","https://oldschool.runescape.wiki/w/Canifis_bank","2004-06-29",,"true",,,0,10,0,19,0,6,0.00008884151385506988,0.00007764845047308417
"page:cannon barrels","Cannon barrels","page","item","item","https://oldschool.runescape.wiki/w/Cannon_barrels","2003-05-27",,"true","true","false",18,10,24,7,18,1,0.00025029252184476526,0.000792104479998961
"page:cannon base","Cannon base","page","item","item","https://oldschool.runescape.wiki/w/Cannon_base","2003-05-27",,"true","true","false",16,12,19,10,16,2,0.00019334056835808,0.0004462590383688671
"action:set-up","Set-up","action",,,,,,,,,1,0,2,0,0,0,0.0001217094104759564,0.00007764845047308417
"page:cannon furnace","Cannon furnace","page","item","item","https://oldschool.runescape.wiki/w/Cannon_furnace","2003-05-27",,"true","true","false",14,13,14,13,14,4,0.00015492178449732239,0.0003215580799177464
"page:cannon stand","Cannon stand","page","item","item","https://oldschool.runescape.wiki/w/Cannon_stand","2003-05-27",,"true","true","false",14,15,14,18,14,6,0.00014976679005890566,0.0003023104280639523
"page:cap'n izzy no-beard","Cap'n Izzy No-Beard","page","npc","npc","https://oldschool.runescape.wiki/w/Cap'n_Izzy_No-Beard","2004-07-27",,"true",,,30,14,33,22,30,4,0.0002429998130285847,0.00026135566410771295
"page:cape of legends","Cape of legends","page","item","item","https://oldschool.runescape.wiki/w/Cape_of_legends","2003-08-20",,"true","false","true",67,15,80,12.5,67,1,0.0005673512758989374,0.0008361359708788608
"page:captain barnaby","Captain Barnaby","page","npc","npc","https://oldschool.runescape.wiki/w/Captain_Barnaby","2002-04-30",,"true",,,56,13,92,17,56,7,0.00043201785754291855,0.0004797900103200564
"page:captain lawgof","Captain Lawgof","page","npc","npc","https://oldschool.runescape.wiki/w/Captain_Lawgof","2003-05-27",,"true",,,17,12,39,10,17,5,0.00019947979945159785,0.000280362677967855
"page:captain rovin","Captain Rovin","page","npc","npc","https://oldschool.runescape.wiki/w/Captain_Rovin","2001-01-04",,"false",,,10,9,16,6.5,10,1,0.000143640713032916,0.00015023364766606972
"category:defender of varrock","Defender of Varrock","category",,,,,,,,,9,0,4.5,0,0,0,0.00012558244324721384,0.00007764845047308417
"page:captain shanks","Captain Shanks","page","npc","npc","https://oldschool.runescape.wiki/w/Captain_Shanks","2004-03-29",,"true",,,9,11,19,12.5,9,5,0.0001779369272614827,0.00021740630018325001
"page:captain siad","Captain Siad","page","npc","npc","https://oldschool.runescape.wiki/w/Captain_Siad","2003-04-14",,"true",,,28,13,34,17,28,6,0.0003260984669580881,0.0003807701126486478
"category:seated npcs","Seated NPCs","category",,,,,,,,,7,0,3.5,0,0,0,0.00011571815838033172,0.00007764845047308417
"page:captain tobias","Captain Tobias","page","npc","npc","https://oldschool.runescape.wiki/w/Captain_Tobias","2001-06-11",,"false",,,13,20,19,22.5,13,3,0.00014757886533958502,0.00016382502034690738
"category:2016 birthday event","2016 Birthday event","category",,,,,,,,,5,0,2.5,0,0,0,0.00009878202262955375,0.00007764845047308417
"action:travel","Travel","action",,,,,,,,,9,0,16,0,0,0,0.00014874327259811157,0.00007764845047308417
"action:musa point","Musa Point","action",,,,,,,,,6,0,10.5,0,0,0,0.00011835775882016078,0.00007764845047308417
"action:the pandemonium","The Pandemonium","action",,,,,,,,,8,0,14,0,0,0,0.00013873929347284973,0.00007764845047308417
"page:carla","Carla","page","npc","npc","https://oldschool.runescape.wiki/w/Carla","2002-08-27",,"true",,,21,9,21,10,21,2,0.00019985744242851148,0.00027294116347568564
"page:carnillean armour","Carnillean armour","page","item","item","https://oldschool.runescape.wiki/w/Carnillean_armour","2002-08-15",,"true","false","true",16,16,25,14,16,3,0.00018074567531378255,0.0002068482449615738
"page:carnillean mansion","Carnillean Mansion","page","location","location","https://oldschool.runescape.wiki/w/Carnillean_Mansion","2002-08-15",,"true",,,13,11,38,10.5,13,4,0.000219632036271632,0.00029252731081583016
"category:manors and mansions","Manors and mansions","category",,,,,,,,,4,0,2,0,0,0,0.0001247122369724817,0.00007764845047308417
"page:carol","Carol","page","npc","npc","https://oldschool.runescape.wiki/w/Carol","2003-06-09",,"true",,,45,8,57,6.5,45,2,0.0004729305376433489,0.0008178968442313079
"page:carol's barrel","Carol's barrel","page","scenery","scenery","https://oldschool.runescape.wiki/w/Carol's_barrel","2003-06-09",,"true",,,0,10,0,11.5,0,4,0.00008884151385506988,0.00007764845047308417
"page:carol's print","Carol's print","page","item","item","https://oldschool.runescape.wiki/w/Carol's_print","2003-06-09",,"true","false","false",1,11,4,12,1,4,0.00009759069462487776,0.00008664820439177008
"page:caroline","Caroline","page","npc","npc","https://oldschool.runescape.wiki/w/Caroline","2002-09-09",,"true",,,15,10,32,7.5,15,2,0.00023540249842216433,0.0002633572684584526
"category:witchaven","Witchaven","category",,,,,,,,,6,0,3,0,0,0,0.0001100245094929875,0.00007764845047308417
"page:carrallanger","Carrallanger","page","location","location","https://oldschool.runescape.wiki/w/Carrallanger","2001-08-13",,"false",,,3,4,6,2,3,0,0.0001392997576374866,0.00013728751766485783
"page:carved doors","carved doors","page","scenery","scenery","https://oldschool.runescape.wiki/w/Carved_doors","2003-01-27",,"true",,,2,22,5,28.5,2,8,0.00010425279687076289,0.0000941487462375663
"action:enter","Enter","action",,,,,,,,,20,0,38.5,0,0,0,0.0005385217239166818,0.00007764845047308417
"page:carved rock","Carved rock","page","scenery","scenery","https://oldschool.runescape.wiki/w/Carved_rock","2003-08-20",,"true",,,0,13,0,15.5,0,6,0.00008884151385506988,0.00007764845047308417
"action:look","Look","action",,,,,,,,,15,0,27,0,0,0,0.00014274122051439995,0.00007764845047308417
"page:casket","casket","page","item","item|monster","https://oldschool.runescape.wiki/w/Casket","2002-02-27",,"true","true","false",6,11,21,12,6,1,0.00018739021899891647,0.00023893030033532529
"page:casket (discontinued)","Casket (discontinued)","page","item","item","https://oldschool.runescape.wiki/w/Casket_(discontinued)","2004-05-05",,"true","false","false",0,11,0,10,0,0,0.00008884151385506988,0.00007764845047308417
"category:treasure trails","Treasure Trails","category",,,,,,,,,13,0,6.5,0,0,0,0.0002042426056039068,0.00007764845047308417
"action:check steps","Check steps","action",,,,,,,,,109,0,217.5,0,0,0,0.0015282137159395091,0.00007764845047308417
"page:cassie","Cassie","page","npc","npc","https://oldschool.runescape.wiki/w/Cassie","2001-04-06",,"false",,,21,10,28,9,21,2,0.00033954143206073653,0.0004058110824303523
"category:falador","Falador","category",,,,,,,,,29,0,14.5,0,0,0,0.00020108979036580077,0.00007764845047308417
"page:cassie's shield shop.","Cassie's Shield Shop.","page","shop","shop","https://oldschool.runescape.wiki/w/Cassie's_Shield_Shop.","2001-04-06",,"false",,,20,9,23,14,20,5,0.00018246627295533287,0.00018396426466752867
"page:cat","Cat","page","item","item|npc","https://oldschool.runescape.wiki/w/Cat","2003",,,,,12,11,43,13,12,3,0.0003916016610935334,0.0008549427335546482
"category:pets","Pets","category",,,,,,,,,2,0,1,0,0,0,0.00010311876376818471,0.00007764845047308417
"page:cat training medal","Cat training medal","page","item","item","https://oldschool.runescape.wiki/w/Cat_training_medal","2004-03-29",,"true","true","true",12,15,15,15.5,12,1,0.00019369402911897793,0.0003576889818521056
"page:catherby","Catherby","page","location","location","https://oldschool.runescape.wiki/w/Catherby","2002-02-27",,"true",,,55,7,208,7,54,1,0.0007010292016365492,0.0007745311683161017
"page:catherby bank","Catherby bank","page","location","location","https://oldschool.runescape.wiki/w/Catherby_bank","2002-02-27",,"true",,,1,12,4,16.5,1,7,0.00009759690942340562,0.00008589859835532523
"page:cattleprod","cattleprod","page","item","item","https://oldschool.runescape.wiki/w/Cattleprod","2002-08-15",,"true","false","true",18,17,27,18,18,2,0.00022035934305816556,0.0003892237488291626
"action:equip","Equip","action",,,,,,,,,1,0,2,0,0,0,0.00010965322958833341,0.00007764845047308417
"page:cauldron","Cauldron","page","scenery","scenery","https://oldschool.runescape.wiki/w/Cauldron","2001-02-05",,"false",,,1,7,1,5,1,0,0.00010102621216523465,0.00011268737855725163
"page:cauldron (mourner headquarters)","cauldron (Mourner Headquarters)","page","scenery","scenery","https://oldschool.runescape.wiki/w/Cauldron_(Mourner_Headquarters)","2002-10-23",,"true",,,1,11,4,19,1,3,0.0001016951796894351,0.00009154343638001649
"page:cauldron (witch's potion)","Cauldron (Witch's Potion)","page","scenery","scenery","https://oldschool.runescape.wiki/w/Cauldron_(Witch's_Potion)","2001-04-06",,"false",,,2,8,2,6.5,2,2,0.0000931771047246748,0.00008244453644413237
"action:drink-from","Drink-from","action",,,,,,,,,1,0,2,0,0,0,0.00011321091047539943,0.00007764845047308417
"page:cauldron of thunder","Cauldron of Thunder","page","scenery","scenery","https://oldschool.runescape.wiki/w/Cauldron_of_Thunder","2002-02-27",,"true",,,16,12,40,10.5,12,6,0.00025521457765601235,0.000260985149292406
"page:cave background","Cave Background","page","music","music","https://oldschool.runescape.wiki/w/Cave_Background","2004-03-15",,"false",,,0,7,0,4.5,0,2,0.00008884151385506988,0.00007764845047308417
"page:cave entrance (ardougne to underground pass)","Cave entrance (Ardougne to Underground Pass)","page","scenery","scenery","https://oldschool.runescape.wiki/w/Cave_entrance_(Ardougne_to_Underground_Pass)","2003-03-03",,"true",,,1,5,1,4,1,0,0.00009639304253275944,0.00008864864764940559
"page:cave entrance (clivet)","Cave entrance (Clivet)","page","scenery","scenery","https://oldschool.runescape.wiki/w/Cave_entrance_(Clivet)","2002-08-15",,"true",,,0,9,0,15,0,4,0.00008884151385506988,0.00007764845047308417
"page:cave entrance (eadgar's cave)","Cave Entrance (Eadgar's cave)","page","scenery","scenery","https://oldschool.runescape.wiki/w/Cave_Entrance_(Eadgar's_cave)","2004-08-24",,"true",,,1,5,1,4,1,0,0.00009639304253275944,0.00008864864764940559
"page:cave entrance (from ogre enclave)","Cave entrance (from Ogre Enclave)","page","scenery","scenery","https://oldschool.runescape.wiki/w/Cave_entrance_(from_Ogre_Enclave)","2003-05-07",,"true",,,0,5,0,4,0,0,0.00008884151385506988,0.00007764845047308417
"page:cave entrance (from shaman caves)","Cave entrance (from Shaman Caves)","page","scenery","scenery","https://oldschool.runescape.wiki/w/Cave_entrance_(from_Shaman_Caves)","2004-03-09",,"true",,,0,11,0,9.5,0,5,0.00008884151385506988,0.00007764845047308417
"action:walk through","Walk through","action",,,,,,,,,2,0,4,0,0,0,0.00011984252632137443,0.00007764845047308417
"page:cave entrance (goblin cave)","Cave Entrance (Goblin Cave)","page","scenery","scenery","https://oldschool.runescape.wiki/w/Cave_Entrance_(Goblin_Cave)","2003-05-27",,"true",,,1,5,1,4,1,0,0.00009639304253275944,0.00008864864764940559
"page:cave entrance (rantz's cave)","Cave entrance (Rantz's cave)","page","scenery","scenery","https://oldschool.runescape.wiki/w/Cave_entrance_(Rantz's_cave)","2004-05-18",,"true",,,0,8,0,14,0,3,0.00008884151385506988,0.00007764845047308417
"page:cave entrance (saba's cave)","Cave Entrance (Saba's cave)","page","scenery","scenery","https://oldschool.runescape.wiki/w/Cave_Entrance_(Saba's_cave)","2004-08-09",,"true",,,1,7,1,9,1,2,0.00009639304253275944,0.00008864864764940559
"page:cave entrance (skavid caves)","Cave entrance (Skavid caves)","page","scenery","scenery","https://oldschool.runescape.wiki/w/Cave_entrance_(Skavid_caves)","2003-05-07",,"true",,,0,5,0,4,0,0,0.00008884151385506988,0.00007764845047308417
"page:cave entrance (to ogre enclave)","Cave entrance (to Ogre Enclave)","page","scenery","scenery","https://oldschool.runescape.wiki/w/Cave_entrance_(to_Ogre_Enclave)","2003-05-07",,"true",,,0,5,0,4,0,0,0.00008884151385506988,0.00007764845047308417
"page:cave entrance (toban's island)","Cave entrance (Toban's island)","page","scenery","scenery","https://oldschool.runescape.wiki/w/Cave_entrance_(Toban's_island)","2003-05-07",,"true",,,0,5,0,4,0,0,0.00008884151385506988,0.00007764845047308417
"page:cave entrance (troll arena tunnel)","Cave Entrance (Troll Arena tunnel)","page","scenery","scenery","https://oldschool.runescape.wiki/w/Cave_Entrance_(Troll_Arena_tunnel)","2004-08-24",,"true",,,1,5,1,4,1,0,0.00009639304253275944,0.00008864864764940559
"page:cave exit (eadgar's cave)","Cave Exit (Eadgar's cave)","page","scenery","scenery","https://oldschool.runescape.wiki/w/Cave_Exit_(Eadgar's_cave)","2004-08-24",,"true",,,0,5,0,4,0,0,0.00008884151385506988,0.00007764845047308417
"action:exit","Exit","action",,,,,,,,,3,0,6,0,0,0,0.00020211444402041346,0.00007764845047308417
"page:cave exit (rantz's cave)","Cave exit (Rantz's cave)","page","scenery","scenery","https://oldschool.runescape.wiki/w/Cave_exit_(Rantz's_cave)","2004-05-18",,"true",,,0,7,0,10,0,2,0.00008884151385506988,0.00007764845047308417
"page:cave exit (saba's cave)","Cave Exit (Saba's cave)","page","scenery","scenery","https://oldschool.runescape.wiki/w/Cave_Exit_(Saba's_cave)","2004-08-09",,"true",,,0,5,0,4,0,0,0.00008884151385506988,0.00007764845047308417
"page:cave exit (skavid caves)","Cave exit (Skavid caves)","page","scenery","scenery","https://oldschool.runescape.wiki/w/Cave_exit_(Skavid_caves)","2003-05-07",,"true",,,0,5,0,4,0,0,0.00008884151385506988,0.00007764845047308417
"action:leave","Leave","action",,,,,,,,,4,0,7.5,0,0,0,0.0001681597287430323,0.00007764845047308417
"page:cave exit (troll arena tunnel)","Cave Exit (Troll Arena tunnel)","page","scenery","scenery","https://oldschool.runescape.wiki/w/Cave_Exit_(Troll_Arena_tunnel)","2004-08-24",,"true",,,0,5,0,4,0,0,0.00008884151385506988,0.00007764845047308417
"page:cave exit (underground pass to ardougne)","Cave exit (Underground Pass to Ardougne)","page","scenery","scenery","https://oldschool.runescape.wiki/w/Cave_exit_(Underground_Pass_to_Ardougne)","2003-03-03",,"true",,,0,5,0,4,0,0,0.00008884151385506988,0.00007764845047308417
"page:cave in","Cave in","page","scenery","scenery","https://oldschool.runescape.wiki/w/Cave_in","2003-01-27",,"true",,,0,10,0,15.5,0,4,0.00008884151385506988,0.00007764845047308417
"page:cave monk","Cave monk","page","npc","npc","https://oldschool.runescape.wiki/w/Cave_monk","2002-02-27",,"true",,,19,9,19,6.5,19,1,0.0004213946388419409,0.0023818097233872723
"page:cave nightshade","cave nightshade","page","item","item","https://oldschool.runescape.wiki/w/Cave_nightshade","2003-05-07",,"true","false","false",8,10,17,8,8,0,0.00018613353014858993,0.00030201614256025755
"category:self-damaging items","Self-damaging items","category",,,,,,,,,9,0,4.5,0,0,0,0.00011342919152451179,0.00007764845047308417
"page:cave rocks","Cave rocks","page","scenery","scenery","https://oldschool.runescape.wiki/w/Cave_rocks","2004-03-29",,"false",,,0,6,0,5,0,1,0.00008884151385506988,0.00007764845047308417
"page:cave web","Cave web","page","scenery","scenery","https://oldschool.runescape.wiki/w/Cave_web","2002-05-08",,"true",,,0,5,0,4,0,0,0.00008884151385506988,0.00007764845047308417
"page:cavern","Cavern","page","music","music","https://oldschool.runescape.wiki/w/Cavern","2004-03-15",,"true",,,3,6,11,4,3,2,0.00015533793138059244,0.0001886222923663204
"page:cell door key","Cell door key","page","item","item","https://oldschool.runescape.wiki/w/Cell_door_key","2003-04-14",,"true","false","false",16,8,19,5.5,16,0,0.00015908168846000284,0.0001615468526852464
"page:cell key 1","cell key 1","page","item","item","https://oldschool.runescape.wiki/w/Cell_key_1","2004-08-24",,"true","false","false",7,10,10,6.5,7,0,0.00013155888239178878,0.00014743095026397552
"page:cell key 2","Cell key 2","page","item","item","https://oldschool.runescape.wiki/w/Cell_key_2","2004-08-24",,"true","false","false",5,11,5,10.5,5,1,0.00012092292650771895,0.00013605143594364302
"page:cellar song","Cellar Song","page","music","music","https://oldschool.runescape.wiki/w/Cellar_Song","2004-04-15",,"false",,,1,6,5,4,1,2,0.00009772566524058701,0.00008589859835532523
"page:ceolburg","Ceolburg","page","monster","monster","https://oldschool.runescape.wiki/w/Ceolburg","2004-08-09",,"true",,,10,15,10,13.5,10,6,0.0001233018110867529,0.00011556027092193862
"page:ceramic remains","Ceramic remains","page","item","item","https://oldschool.runescape.wiki/w/Ceramic_remains","2003-07-09",,"true","false","false",2,10,5,8,2,3,0.0000933056626019233,0.00008196592368568618
"page:ceril carnillean","Ceril Carnillean","page","npc","npc|scenery","https://oldschool.runescape.wiki/w/Ceril_Carnillean","2002",,,,,20,15,33,8,20,1,0.0001953711775453794,0.000205108668793763
"page:certificate (death plateau)","Certificate (Death Plateau)","page","item","item","https://oldschool.runescape.wiki/w/Certificate_(Death_Plateau)","2004-08-09",,"true","false","false",15,8,15,5.5,15,0,0.00015276964665882168,0.00016935080275882195
"page:certificate (shield of arrav)","Certificate (Shield of Arrav)","page","item","item","https://oldschool.runescape.wiki/w/Certificate_(Shield_of_Arrav)","2001-01-04",,"false","false","false",10,11,10,10,10,3,0.00012584966215686282,0.0001367791432908917
"page:chadwell","Chadwell","page","npc","npc","https://oldschool.runescape.wiki/w/Chadwell","2003-03-03",,"true",,,13,14,20,13,13,6,0.00015052516374576216,0.0001659045576242394
"page:chain of command","Chain of Command","page","music","music","https://oldschool.runescape.wiki/w/Chain_of_Command","2004-03-15",,"true",,,3,7,7,4.5,3,2,0.00010265144188433442,0.00009427610998588988
"page:chair (draynor manor)","Chair (Draynor Manor)","page","npc","npc|scenery","https://oldschool.runescape.wiki/w/Chair_(Draynor_Manor)","2001",,,,,0,7,0,3.5,0,0,0.00008884151385506988,0.00007764845047308417
"page:chaise lounge","Chaise lounge","page","scenery","scenery","https://oldschool.runescape.wiki/w/Chaise_lounge","2004-03-29",,"false",,,0,11,0,20,0,6,0.00008884151385506988,0.00007764845047308417
"page:chalice of eternity","Chalice of Eternity","page","scenery","scenery","https://oldschool.runescape.wiki/w/Chalice_of_Eternity","2002-09-24",,"true",,,10,10,13,11.5,10,4,0.00014131358200928176,0.0001712730777029077
"action:take treasure","Take treasure","action",,,,,,,,,1,0,2,0,0,0,0.00010973134771733736,0.00007764845047308417
"page:challenge scroll","Challenge scroll","page","item","item","https://oldschool.runescape.wiki/w/Challenge_scroll","2004-05-05",,"true","false","false",5,9,5,7.5,5,0,0.00011375522449721441,0.00012636360939679333
"page:chamber guardian","chamber guardian","page","npc","npc","https://oldschool.runescape.wiki/w/Chamber_guardian","2003-09-22",,"true",,,25,10,56,9,25,2,0.0003549795926847579,0.0005057734729623002
"page:champions' guild","Champions' Guild","page","location","location","https://oldschool.runescape.wiki/w/Champions'_Guild","2001-02-13",,"false",,,45,8,146,4,45,0,0.000740163526290334,0.0008948384398555227
"category:locations with requirements","Locations with requirements","category",,,,,,,,,10,0,5,0,0,0,0.00021963785153237346,0.00007764845047308417
"category:guilds","Guilds","category",,,,,,,,,9,0,4.5,0,0,0,0.00021864422933794064,0.00007764845047308417
"category:champions' guild","Champions' Guild","category",,,,,,,,,7,0,3.5,0,0,0,0.00018209752757931968,0.00007764845047308417
"page:chancellor hassan","Chancellor Hassan","page","npc","npc","https://oldschool.runescape.wiki/w/Chancellor_Hassan","2001-02-28",,"false",,,22,14,22,18.5,22,6,0.00015785618007112292,0.00016058605280596543
"category:2022 birthday event","2022 Birthday event","category",,,,,,,,,1,0,0.5,0,0,0,0.00009246793961346331,0.00007764845047308417
"page:chancy","Chancy","page","npc","npc","https://oldschool.runescape.wiki/w/Chancy","2002-10-23",,"false",,,39,12,57,16,39,3,0.00032240425238317045,0.00039079321466677
"category:rimmington","Rimmington","category",,,,,,,,,14,0,7,0,0,0,0.0001284517455070608,0.00007764845047308417
"page:chandelier (black knights' base)","Chandelier (Black Knights' Base)","page","scenery","scenery","https://oldschool.runescape.wiki/w/Chandelier_(Black_Knights'_Base)","2004-03-29",,"true",,,0,7,0,9,0,2,0.00008884151385506988,0.00007764845047308417
"page:chaos altar","chaos altar","page","scenery","scenery","https://oldschool.runescape.wiki/w/Chaos_Altar","2004-03-29",,"true",,,6,9,20,7,5,2,0.0002470164701098848,0.0005290771350703166
"page:chaos altar (prayer)","Chaos altar (Prayer)","page","prayer","prayer|scenery","https://oldschool.runescape.wiki/w/Chaos_altar_(Prayer)","2001-01-04",,"false",,,4,17,13,18.5,4,4,0.00026327421664708653,0.0003648208858941764
"action:check","Check","action",,,,,,,,,6,0,11,0,0,0,0.0001561242929555095,0.00007764845047308417
"page:chaos druid","chaos druid","page","monster","monster","https://oldschool.runescape.wiki/w/Chaos_druid","2002-02-27",,"true",,,18,17,56,13,18,3,0.000374367487581608,0.00048015526449851387
"category:slepe","Slepe","category",,,,,,,,,2,0,1,0,0,0,0.00010287843396756155,0.00007764845047308417
"page:chaos druid tower","Chaos Druid Tower","page","location","location","https://oldschool.runescape.wiki/w/Chaos_Druid_Tower","2002-04-30",,"true",,,8,18,27,23.5,8,11,0.00022870052683119746,0.00025984623146063445
"category:towers","Towers","category",,,,,,,,,9,0,4.5,0,0,0,0.00011466658745626322,0.00007764845047308417
"page:chaos druid warrior","Chaos druid warrior","page","monster","monster","https://oldschool.runescape.wiki/w/Chaos_druid_warrior","2002-12-12",,"true",,,0,17,0,21,0,7,0.00008884151385506988,0.00007764845047308417
"page:chaos dwarf","Chaos dwarf","page","monster","monster","https://oldschool.runescape.wiki/w/Chaos_dwarf","2001-08-13",,"false",,,4,14,10,8,4,2,0.0001599755418438476,0.00022484663256322831
"category:deep wilderness dungeon","Deep Wilderness Dungeon","category",,,,,,,,,7,0,3.5,0,0,0,0.00011265072543456976,0.00007764845047308417
"page:chaos gauntlets","Chaos gauntlets","page","item","item","https://oldschool.runescape.wiki/w/Chaos_gauntlets","2002-04-09",,"true","false","true",14,20,26,18,14,7,0.00022372781032355588,0.00026603530745924895
"page:chaos rune","Chaos rune","page","item","item|monster","https://oldschool.runescape.wiki/w/Chaos_rune","2001-05-24",,"false","true","false",44,16,56,14,44,3,0.0004842122241080862,0.0007010451689247124
"page:chaos talisman","Chaos talisman","page","item","item|monster","https://oldschool.runescape.wiki/w/Chaos_talisman","2004-03-29",,"true","true","false",5,15,8,18.5,5,4,0.00010400932721062506,0.00009513640007552724
"page:chaos temple (asgarnia)","Chaos Temple (Asgarnia)","page","location","location","https://oldschool.runescape.wiki/w/Chaos_Temple_(Asgarnia)","2001-04-06",,"false",,,8,10,42,14,8,4,0.0001627856802827819,0.00015673915230511327
"category:temples","Temples","category",,,,,,,,,8,0,4,0,0,0,0.00013062096598005606,0.00007764845047308417
"page:chaos temple (hut)","Chaos Temple (hut)","page","location","location","https://oldschool.runescape.wiki/w/Chaos_Temple_(hut)","2002-02-27",,,,,18,10,33,11,18,6,0.00039419776265626593,0.0005576583700743765
"page:chaos temple (wilderness)","Chaos Temple (Wilderness)","page","location","location","https://oldschool.runescape.wiki/w/Chaos_Temple_(Wilderness)","2001-08-13",,"false",,,19,9,28,9,19,3,0.00024558132476495536,0.00026272406807631573
"page:charcoal","Charcoal","page","item","item","https://oldschool.runescape.wiki/w/Charcoal","2003-01-27",,"false","true","false",20,9,61,6.5,19,1,0.000385906031672361,0.0005904912875140354
"page:charge","Charge","page","spell","spell","https://oldschool.runescape.wiki/w/Charge","2003-09-22",,"true",,,16,11,37,10.5,16,4,0.0002710774423990355,0.000363958338566329
"category:spells with cooldowns","Spells with cooldowns","category",,,,,,,,,1,0,0.5,0,0,0,0.00009981369604741948,0.00007764845047308417
"page:charge air orb","Charge Air Orb","page","spell","spell","https://oldschool.runescape.wiki/w/Charge_Air_Orb","2002-03-18",,"true",,,0,8,0,19,0,4,0.00008884151385506988,0.00007764845047308417
"page:charge earth orb","Charge Earth Orb","page","spell","spell","https://oldschool.runescape.wiki/w/Charge_Earth_Orb","2002-03-18",,"true",,,3,6,9,10,3,2,0.00010537253536738213,0.00009662344921318572
"page:charge fire orb","Charge Fire Orb","page","spell","spell","https://oldschool.runescape.wiki/w/Charge_Fire_Orb","2002-03-18",,"true",,,2,8,8,15,2,4,0.00011223058713620614,0.00010964724085909522
"page:charge water orb","Charge Water Orb","page","spell","spell","https://oldschool.runescape.wiki/w/Charge_Water_Orb","2002-03-18",,"true",,,2,7,8,11,2,3,0.00010185443433155576,0.00009113015741581872
"page:charlie (prisoner)","Charlie (prisoner)","page","npc","npc","https://oldschool.runescape.wiki/w/Charlie_(prisoner)","2002-12-12",,"true",,,23,10,23,8,23,3,0.00023337958859964876,0.0003288594529055969
"page:charlie the cook","Charlie the cook","page","npc","npc","https://oldschool.runescape.wiki/w/Charlie_the_cook","2002-02-27",,"true",,,30,14,34,18.5,30,6,0.0001842002253528712,0.0001852174085754608
"page:charlie the tramp","Charlie the Tramp","page","npc","npc","https://oldschool.runescape.wiki/w/Charlie_the_Tramp","2001-01-04",,"false",,,39,13,42,11.5,39,1,0.0002371981196768758,0.00027849521872870444
"category:below ice mountain","Below Ice Mountain","category",,,,,,,,,2,0,1,0,0,0,0.00010114430339845825,0.00007764845047308417
"page:chart","chart","page","item","item","https://oldschool.runescape.wiki/w/Chart","2004-05-05",,"true","false","false",2,6,8,4.5,2,0,0.00009826251138568158,0.00008761937321488685
"page:cheer","Cheer","page","article","article","https://oldschool.runescape.wiki/w/Cheer","2004-03-29",,"false",,,13,4,16,3.5,13,3,0.00031348315255608347,0.00032702157082107496
"page:cheerleader","Cheerleader","page","npc","npc","https://oldschool.runescape.wiki/w/Cheerleader","2003-01-28",,"true",,,1,10,1,8,1,3,0.00009271409266414145,0.00008236282069150764
"category:gnome ball","Gnome Ball","category",,,,,,,,,7,0,3.5,0,0,0,0.00010934025873685157,0.00007764845047308417
"page:cheese","Cheese","page","item","item|monster","https://oldschool.runescape.wiki/w/Cheese","2001-06-11",,"false","true","false",42,19,102,26.5,41,5,0.00039120501261137423,0.0005582166470365805
"page:cheese+tom batta","Cheese+tom batta","page","item","item","https://oldschool.runescape.wiki/w/Cheese%2Btom_batta","2002-12-12",,"true","true","false",3,16,12,18.5,3,3,0.00011093192782149727,0.00010221447145306685
"page:chef's hat","Chef's hat","page","item","item|monster","https://oldschool.runescape.wiki/w/Chef's_hat","2001-01-04",,"false","true","true",6,15,19,12,6,0,0.00024236887376096418,0.0002946659570795497
"category:cooks' guild","Cooks' Guild","category",,,,,,,,,3,0,1.5,0,0,0,0.00011148953833892985,0.00007764845047308417
"page:chemical compound","chemical compound","page","item","item","https://oldschool.runescape.wiki/w/Chemical_compound","2003-07-09",,"true","false","false",10,15,29,18.5,10,3,0.00018489080579291498,0.000222459874795902
"page:chemist","Chemist","page","npc","npc","https://oldschool.runescape.wiki/w/Chemist","2002-10-23",,"false",,,37,13,50,17,37,4,0.00027814376176360067,0.0003265931005446459
"category:regicide","Regicide","category",,,,,,,,,8,0,4,0,0,0,0.00011497736980830298,0.00007764845047308417
"page:chemist's house","Chemist's house","page","location","location","https://oldschool.runescape.wiki/w/Chemist's_house","2002-10-23",,"false",,,4,14,14,19,4,6,0.00015364359552237457,0.00019418689051806738
"category:houses and homes","Houses and homes","category",,,,,,,,,5,0,2.5,0,0,0,0.00009848706998940096,0.00007764845047308417
"page:chemistry table","Chemistry Table","page","scenery","scenery","https://oldschool.runescape.wiki/w/Chemistry_Table","2004-03-29",,"false",,,0,13,0,17.5,0,2,0.00008884151385506988,0.00007764845047308417
"page:chest (10 coins)","Chest (10 coins)","page","scenery","scenery","https://oldschool.runescape.wiki/w/Chest_(10_coins)","2002-04-30",,"true",,,2,7,5,6.5,2,0,0.00009732637753786715,0.00008550573417045662
"action:search for traps","Search for traps","action",,,,,,,,,6,0,12,0,0,0,0.00020273062566914733,0.00007764845047308417
"page:chest (50 coins)","Chest (50 coins)","page","scenery","scenery","https://oldschool.runescape.wiki/w/Chest_(50_coins)","2002-04-30",,"true",,,0,7,0,6.5,0,0,0.00008884151385506988,0.00007764845047308417
"page:chest (ardougne castle)","Chest (Ardougne Castle)","page","scenery","scenery","https://oldschool.runescape.wiki/w/Chest_(Ardougne_Castle)","2002-04-30",,"true",,,2,11,5,17,2,3,0.00010308968117146529,0.0000941487462375663
"page:chest (chaos druid tower)","Chest (Chaos Druid Tower)","page","scenery","scenery","https://oldschool.runescape.wiki/w/Chest_(Chaos_Druid_Tower)","2002-04-30",,"true",,,0,10,0,16.5,0,3,0.00008884151385506988,0.00007764845047308417
"page:chest (chemical powder)","chest (Chemical powder)","page","scenery","scenery","https://oldschool.runescape.wiki/w/Chest_(Chemical_powder)","2003-07-09",,"true",,,1,12,4,17.5,1,2,0.00013339308115867103,0.00015663669219646755
"action:close","Close","action",,,,,,,,,49,0,85.5,0,0,0,0.0005115210178260419,0.00007764845047308417
"page:chest (desert mining camp)","Chest (Desert Mining Camp)","page","scenery","scenery","https://oldschool.runescape.wiki/w/Chest_(Desert_Mining_Camp)","2003-04-14",,"true",,,0,14,0,15.5,0,8,0.00008884151385506988,0.00007764845047308417
"page:chest (doll of iban)","chest (Doll of iban)","page","scenery","scenery","https://oldschool.runescape.wiki/w/Chest_(Doll_of_iban)","2003-03-03",,"true",,,2,9,8,9.5,2,0,0.00024103428810180155,0.0005910868798892792
"page:chest (dwarven mine)","Chest (Dwarven Mine)","page","scenery","scenery","https://oldschool.runescape.wiki/w/Chest_(Dwarven_Mine)","2001-09-23",,"false",,,1,13,4,15,1,2,0.00009583442674577562,0.00008499136919679732
"page:chest (fight arena)","chest (Fight Arena)","page","scenery","scenery","https://oldschool.runescape.wiki/w/Chest_(Fight_Arena)","2002-07-23",,"true",,,4,8,13,9,4,0,0.00011536013402522034,0.00010826689663285277
"page:chest (glarial's amulet)","Chest (Glarial's amulet)","page","scenery","scenery","https://oldschool.runescape.wiki/w/Chest_(Glarial's_amulet)","2002-09-24",,"true",,,1,15,4,17,1,4,0.0001245085154940783,0.00017955230716434754
"action:shut","Shut","action",,,,,,,,,22,0,38.5,0,0,0,0.0002909668835418391,0.00007764845047308417
"page:chest (gu'tanoth, spider)","Chest (Gu'Tanoth, spider)","page","scenery","scenery","https://oldschool.runescape.wiki/w/Chest_(Gu'Tanoth%2C_spider)","2003-05-07",,"true",,,0,8,0,9,0,0,0.00008884151385506988,0.00007764845047308417
"page:chest (gu'tanoth)","Chest (Gu'Tanoth)","page","scenery","scenery","https://oldschool.runescape.wiki/w/Chest_(Gu'Tanoth)","2003-05-07",,"true",,,0,10,0,11,0,2,0.00008884151385506988,0.00007764845047308417
"page:chest (hazeel cult)","chest (Hazeel Cult)","page","scenery","scenery","https://oldschool.runescape.wiki/w/Chest_(Hazeel_Cult)","2002-08-15",,"true",,,3,13,9,22.5,3,3,0.0001268135135453653,0.0001288832222777876
"page:chest (heroes' quest)","Chest (Heroes' Quest)","page","scenery","scenery","https://oldschool.runescape.wiki/w/Chest_(Heroes'_Quest)","2002-02-27",,"true",,,0,12,0,17.5,0,2,0.00008884151385506988,0.00007764845047308417
"page:chest (iban's shadow)","Chest (Iban's shadow)","page","scenery","scenery","https://oldschool.runescape.wiki/w/Chest_(Iban's_shadow)","2003-03-03",,"true",,,0,6,0,4.5,0,0,0.00008884151385506988,0.00007764845047308417
"page:chest (maze)","Chest (Maze)","page","scenery","scenery","https://oldschool.runescape.wiki/w/Chest_(Maze)","2004-08-02",,"false",,,0,12,0,12.5,0,3,0.00008884151385506988,0.00007764845047308417
"page:chest (melzar's maze)","Chest (Melzar's Maze)","page","scenery","scenery","https://oldschool.runescape.wiki/w/Chest_(Melzar's_Maze)","2001-09-23",,"false",,,1,13,4,15,1,2,0.00009926930378255571,0.00008934067992908993
"page:chest (nature runes)","Chest (nature runes)","page","scenery","scenery","https://oldschool.runescape.wiki/w/Chest_(nature_runes)","2002-04-30",,"true",,,0,8,0,7,0,0,0.00008884151385506988,0.00007764845047308417
"page:chest (observatory dungeon, antipoison)","Chest (Observatory Dungeon, antipoison)","page","scenery","scenery","https://oldschool.runescape.wiki/w/Chest_(Observatory_Dungeon%2C_antipoison)","2003-03-17",,"true",,,0,10,0,12.5,0,0,0.00008884151385506988,0.00007764845047308417
"page:chest (observatory dungeon, key)","Chest (Observatory Dungeon, key)","page","scenery","scenery","https://oldschool.runescape.wiki/w/Chest_(Observatory_Dungeon%2C_key)","2003-03-17",,"true",,,2,12,5,14,2,1,0.00011296759708828676,0.00015401459531196634
"page:chest (observatory dungeon, spider)","Chest (Observatory Dungeon, spider)","page","scenery","scenery","https://oldschool.runescape.wiki/w/Chest_(Observatory_Dungeon%2C_spider)","2003-03-17",,"true",,,1,12,4,17.5,1,2,0.00009934269566605749,0.00008984252308080192
"page:chest (pirate's treasure)","Chest (Pirate's Treasure)","page","scenery","scenery","https://oldschool.runescape.wiki/w/Chest_(Pirate's_Treasure)","2001-06-11",,"false",,,3,8,9,14,3,3,0.00013282963166784658,0.00015197152703592368
"page:chest (shield of arrav)","Chest (Shield of Arrav)","page","scenery","scenery","https://oldschool.runescape.wiki/w/Chest_(Shield_of_Arrav)","2001-01-04",,"false",,,0,12,0,17.5,0,2,0.00008884151385506988,0.00007764845047308417
"page:chest (specimen jar)","Chest (Specimen jar)","page","scenery","scenery","https://oldschool.runescape.wiki/w/Chest_(Specimen_jar)","2003-07-09",,"true",,,0,11,0,14,0,0,0.00008884151385506988,0.00007764845047308417
"page:chest (steel arrowtips)","Chest (steel arrowtips)","page","scenery","scenery","https://oldschool.runescape.wiki/w/Chest_(steel_arrowtips)","2002-06-17",,"true",,,1,7,4,6.5,1,0,0.00009237997094498643,0.00008173979081511254
"page:chest (toban)","Chest (Toban)","page","scenery","scenery","https://oldschool.runescape.wiki/w/Chest_(Toban)","2003-05-07",,"true",,,0,6,0,4.5,0,0,0.00008884151385506988,0.00007764845047308417
"page:chest (tribal totem)","chest (Tribal Totem)","page","scenery","scenery","https://oldschool.runescape.wiki/w/Chest_(Tribal_Totem)","2002-04-30",,"true",,,1,12,4,18.5,1,2,0.00009540806053132169,0.00008441780258158966
"page:chest (witchaven dungeon)","Chest (Witchaven Dungeon)","page","scenery","scenery","https://oldschool.runescape.wiki/w/Chest_(Witchaven_Dungeon)","2002-04-09",,"true",,,0,10,0,12.5,0,0,0.00008884151385506988,0.00007764845047308417
"page:chest key (digsite)","Chest key (Digsite)","page","item","item","https://oldschool.runescape.wiki/w/Chest_key_(Digsite)","2003-07-09",,"true","false","false",16,11,16,17.5,16,3,0.00022930953759272,0.0002787820303825291
"page:chest key (hazeel cult)","Chest key (Hazeel Cult)","page","item","item","https://oldschool.runescape.wiki/w/Chest_key_(Hazeel_Cult)","2002-08-15",,"true","false","false",13,11,19,17.5,13,3,0.00013911344603594403,0.00014200438043928792
"page:chest key (pirate's treasure)","Chest key (Pirate's Treasure)","page","item","item","https://oldschool.runescape.wiki/w/Chest_key_(Pirate's_Treasure)","2001-06-11",,"false","false","false",9,10,16,13.5,9,2,0.00013149237916929682,0.00014656305608265962
"category:pirate's treasure","Pirate's Treasure","category",,,,,,,,,10,0,5,0,0,0,0.00010722536091609062,0.00007764845047308417
"page:chicken","chicken","page","monster","npc|monster","https://oldschool.runescape.wiki/w/Chicken","2001-01-04",,"false",,,18,19,49,13.5,18,2,0.0005347180831213127,0.0009635148610848172
"category:monsters immune to poison","Monsters immune to poison","category",,,,,,,,,8,0,4,0,0,0,0.00013898391019737195,0.00007764845047308417
"category:monsters immune to venom","Monsters immune to venom","category",,,,,,,,,11,0,5.5,0,0,0,0.0001440763892224377,0.00007764845047308417
"category:south falador farm","South Falador Farm","category",,,,,,,,,6,0,3,0,0,0,0.000128377947752102,0.00007764845047308417
"category:kourend woodland","Kourend Woodland","category",,,,,,,,,5,0,2.5,0,0,0,0.00012208794612687595,0.00007764845047308417
"category:birds","Birds","category",,,,,,,,,14,0,7,0,0,0,0.00015515947289787866,0.00007764845047308417
"page:chicken (tutorial island)","Chicken (Tutorial Island)","page","monster","monster","https://oldschool.runescape.wiki/w/Chicken_(Tutorial_Island)","2002-09-24",,"false",,,2,9,5,10,2,5,0.00011164006055568905,0.00010424030667972575
"page:child's blanket","Child's blanket","page","item","item","https://oldschool.runescape.wiki/w/Child's_blanket","2002-05-28",,"true","false","false",3,12,6,13,3,5,0.00010996618935105431,0.00009959728140400837
"page:chisel","Chisel","page","item","item|monster","https://oldschool.runescape.wiki/w/Chisel","2001-01-04",,"false","true","false",106,12,218,11,93,1,0.0010391376209195988,0.0013586491634577252
"page:choc saturday","Choc saturday","page","item","item","https://oldschool.runescape.wiki/w/Choc_saturday","2002-12-12",,"true","true","false",85,16,97,22,85,4,0.00037629155435904397,0.0006693416142950304
"page:chocchip crunchies","Chocchip crunchies","page","item","item","https://oldschool.runescape.wiki/w/Chocchip_crunchies","2002-12-12",,"true","true","false",48,13,54,10.5,48,2,0.00023277512070053635,0.00029840470327968606
"page:chocolate bar","Chocolate bar","page","item","item","https://oldschool.runescape.wiki/w/Chocolate_bar","2001-06-11",,"false","true","false",30,18,69,16.5,28,3,0.0004300272307178972,0.0006285346823920734
"category:random event rewards","Random event rewards","category",,,,,,,,,14,0,7,0,0,0,0.00014494429670000987,0.00007764845047308417
"category:sandwich lady","Sandwich lady","category",,,,,,,,,3,0,1.5,0,0,0,0.00010303423193653465,0.00007764845047308417
"page:chocolate bomb","Chocolate bomb","page","item","item|monster","https://oldschool.runescape.wiki/w/Chocolate_bomb","2002-12-12",,"true","true","false",5,16,14,12,5,2,0.00011763521364057246,0.00011894333353730357
"page:chocolate cake","chocolate cake","page","item","item|monster","https://oldschool.runescape.wiki/w/Chocolate_cake","2001-06-11",,"false","true","false",7,21,16,33,7,5,0.00016040390689026312,0.00024102555840165783
"page:chocolate dust","Chocolate dust","page","item","item|monster","https://oldschool.runescape.wiki/w/Chocolate_dust","2002-08-27",,"false","true","false",21,22,60,33,19,10,0.0003259030966036591,0.0004309539438651051
"page:chocolatey milk","Chocolatey milk","page","item","item","https://oldschool.runescape.wiki/w/Chocolatey_milk","2002-08-27",,"true","false","false",6,17,15,32.5,5,6,0.00014696032206464087,0.00014742729695554793
"page:chompy bird hat (bowman)","Chompy bird hat (bowman)","page","item","item","https://oldschool.runescape.wiki/w/Chompy_bird_hat_(bowman)","2004-07-20",,"true","false","true",17,12,17,10.5,17,0,0.00019616141872707632,0.0010255262165806407
"category:ogre hats","Ogre hats","category",,,,,,,,,18,0,9,0,0,0,0.0001504413332395577,0.00007764845047308417
"page:chompy bird hat (bowmaster)","Chompy bird hat (bowmaster)","page","item","item","https://oldschool.runescape.wiki/w/Chompy_bird_hat_(bowmaster)","2004-07-20",,"true","false","true",16,13,16,11.5,16,1,0.00018266043039361811,0.000554338495216211
"page:chompy bird hat (dragon archer)","Chompy bird hat (dragon archer)","page","item","item","https://oldschool.runescape.wiki/w/Chompy_bird_hat_(dragon_archer)","2004-07-20",,"true","false","true",0,14,0,12.5,0,2,0.00008884151385506988,0.00007764845047308417
"page:chompy bird hat (expert dragon archer)","Chompy bird hat (expert dragon archer)","page","item","item","https://oldschool.runescape.wiki/w/Chompy_bird_hat_(expert_dragon_archer)","2004-07-20",,"true","false","true",0,14,0,12.5,0,2,0.00008884151385506988,0.00007764845047308417
"page:chompy bird hat (expert ogre dragon archer)","Chompy bird hat (expert ogre dragon archer)","page","item","item","https://oldschool.runescape.wiki/w/Chompy_bird_hat_(expert_ogre_dragon_archer)","2004-07-20",,"true","false","true",0,14,0,12.5,0,2,0.00008884151385506988,0.00007764845047308417
"page:chompy bird hat (expert)","Chompy bird hat (expert)","page","item","item","https://oldschool.runescape.wiki/w/Chompy_bird_hat_(expert)","2004-07-20",,"true","false","true",0,14,0,12.5,0,2,0.00008884151385506988,0.00007764845047308417
"page:chompy bird hat (forester)","Chompy bird hat (forester)","page","item","item","https://oldschool.runescape.wiki/w/Chompy_bird_hat_(forester)","2004-07-20",,"true","false","true",11,14,11,12.5,11,2,0.00014840406238295884,0.0002963762307986537
"page:chompy bird hat (marksman)","Chompy bird hat (marksman)","page","item","item","https://oldschool.runescape.wiki/w/Chompy_bird_hat_(marksman)","2004-07-20",,"true","false","true",11,15,11,13.5,11,3,0.00014105241504721878,0.00023246365504041614
"page:chompy bird hat (ogre bowman)","Chompy bird hat (ogre bowman)","page","item","item","https://oldschool.runescape.wiki/w/Chompy_bird_hat_(ogre_bowman)","2004-07-20",,"true","false","true",10,16,10,14.5,10,4,0.0001332416949957339,0.00019172260195049034
"page:chompy bird hat (ogre bowmaster)","Chompy bird hat (ogre bowmaster)","page","item","item","https://oldschool.runescape.wiki/w/Chompy_bird_hat_(ogre_bowmaster)","2004-07-20",,"true","false","true",8,17,8,15.5,8,5,0.00012486483776015105,0.0001621969872590707
"page:chompy bird hat (ogre dragon archer)","Chompy bird hat (ogre dragon archer)","page","item","item","https://oldschool.runescape.wiki/w/Chompy_bird_hat_(ogre_dragon_archer)","2004-07-20",,"true","false","true",0,18,0,16.5,0,6,0.00008884151385506988,0.00007764845047308417
"page:chompy bird hat (ogre expert)","Chompy bird hat (ogre expert)","page","item","item","https://oldschool.runescape.wiki/w/Chompy_bird_hat_(ogre_expert)","2004-07-20",,"true","false","true",7,18,7,16.5,7,6,0.00011584957590601925,0.00013414503655086863
"page:chompy bird hat (ogre forester)","Chompy bird hat (ogre forester)","page","item","item","https://oldschool.runescape.wiki/w/Chompy_bird_hat_(ogre_forester)","2004-07-20",,"true","false","true",6,19,6,17.5,6,7,0.00011048324677685037,0.00011961977776091274
"page:chompy bird hat (ogre marksman)","Chompy bird hat (ogre marksman)","page","item","item","https://oldschool.runescape.wiki/w/Chompy_bird_hat_(ogre_marksman)","2004-07-20",,"true","false","true",4,20,4,18.5,4,8,0.00010416773118192144,0.00010636623817992327
"page:chompy bird hat (ogre woodsman)","Chompy bird hat (ogre woodsman)","page","item","item","https://oldschool.runescape.wiki/w/Chompy_bird_hat_(ogre_woodsman)","2004-07-20",,"true","false","true",3,21,3,19.5,3,9,0.0000998167448671918,0.00009718742571804684
"page:chompy bird hat (ogre yeoman)","Chompy bird hat (ogre yeoman)","page","item","item","https://oldschool.runescape.wiki/w/Chompy_bird_hat_(ogre_yeoman)","2004-07-20",,"true","false","true",2,22,2,20.5,2,10,0.00009584277610198252,0.00008957366423384408
"page:chompy bird hat (woodsman)","Chompy bird hat (woodsman)","page","item","item","https://oldschool.runescape.wiki/w/Chompy_bird_hat_(woodsman)","2004-07-20",,"true","false","true",1,23,1,21.5,1,11,0.00009219774882293191,0.00008314854906124489
"page:chompy bird hat (yeoman)","Chompy bird hat (yeoman)","page","item","item","https://oldschool.runescape.wiki/w/Chompy_bird_hat_(yeoman)","2004-07-20",,"true","false","true",0,24,0,22.5,0,12,0.00008884151385506988,0.00007764845047308417
"page:chompy bird obj","Chompy bird obj","page","item","item","https://oldschool.runescape.wiki/w/Chompy_bird_obj","2004-05-18",,"false","false","false",0,14,0,18,0,5,0.00008884151385506988,0.00007764845047308417
"page:chompy hunt","Chompy Hunt","page","music","music","https://oldschool.runescape.wiki/w/Chompy_Hunt","2004-05-18",,"false",,,0,7,0,4.5,0,2,0.00008884151385506988,0.00007764845047308417
"page:chopped onion","Chopped onion","page","item","item","https://oldschool.runescape.wiki/w/Chopped_onion","2003-04-14",,"true","true","false",18,14,25,17,16,3,0.00014934631019514668,0.00017293063336627882
"page:chopped tomato","Chopped tomato","page","item","item","https://oldschool.runescape.wiki/w/Chopped_tomato","2003-04-14",,"true","true","false",18,15,25,18,16,4,0.00014744374508507993,0.0001597203738470705
"page:chopped ugthanki","Chopped ugthanki","page","item","item","https://oldschool.runescape.wiki/w/Chopped_ugthanki","2004-03-29",,"true","true","false",5,11,9,10.5,3,2,0.0001004130356561953,0.00008249606544771797
"page:christmas cracker","Christmas cracker","page","item","item","https://oldschool.runescape.wiki/w/Christmas_cracker","2001-12-24",,"false","true","false",7,12,10,9.5,7,4,0.00012846905958275516,0.000241079951378431
"page:chronozon","Chronozon","page","monster","monster","https://oldschool.runescape.wiki/w/Chronozon","2002-04-09",,"true",,,11,15,37,9.5,11,4,0.00015339233861010818,0.00014904829661749374
"page:chunk of crystal","chunk of crystal","page","item","item|monster","https://oldschool.runescape.wiki/w/Chunk_of_crystal","2003-08-20",,"true","false","false",6,13,21,10,6,4,0.00020731011648477633,0.00024981666094094405
"page:church organ","Church organ","page","scenery","scenery|music","https://oldschool.runescape.wiki/w/Church_organ","2004-03-29",,"false",,,211,9,211,6.5,211,1,0.0018567619740482786,0.002521706464367535
"action:play","Play","action",,,,,,,,,1,0,2,0,0,0,0.0005744561839915334,0.00007764845047308417
"page:city gate","City gate","page","scenery","scenery","https://oldschool.runescape.wiki/w/City_gate","2003-05-07",,"true",,,0,5,0,4,0,0,0.00008884151385506988,0.00007764845047308417
"page:city guard","City guard","page","monster","monster","https://oldschool.runescape.wiki/w/City_guard","2003-05-07",,"true",,,7,12,14,7,7,2,0.00014009505713775904,0.00016933142312128432
"category:bandosians","Bandosians","category",,,,,,,,,18,0,9,0,0,0,0.00018126769013423064,0.00007764845047308417
"page:civic office of west ardougne","Civic Office of West Ardougne","page","location","location","https://oldschool.runescape.wiki/w/Civic_Office_of_West_Ardougne","2002-08-27",,"true",,,0,16,0,15,0,8,0.00008884151385506988,0.00007764845047308417
"page:civilian","civilian","page","npc","npc","https://oldschool.runescape.wiki/w/Civilian","2002-08-27",,"true",,,14,11,26,13,14,6,0.00022437868771993928,0.0002993881868098023
"page:clap","Clap","page","article","article","https://oldschool.runescape.wiki/w/Clap","2004-03-29",,"false",,,12,5,15,4.5,12,4,0.00025740174595799235,0.0002603143236678332
"page:clarity of thought","Clarity of Thought","page","prayer","prayer","https://oldschool.runescape.wiki/w/Clarity_of_Thought","2001-05-24",,"false",,,14,5,17,10,14,3,0.00018089524103073127,0.00016719641245738134
"page:claus the chef","Claus the Chef","page","npc","npc","https://oldschool.runescape.wiki/w/Claus_the_Chef","2002-08-15",,"true",,,1,13,1,10.5,1,5,0.00009189349892125465,0.0000811376826759298
"page:claws of guthix","Claws of Guthix","page","spell","spell","https://oldschool.runescape.wiki/w/Claws_of_Guthix","2003-09-22",,"true",,,11,12,17,14.5,11,5,0.00017260968227091034,0.00022139490192087032
"category:defence reduction","Defence reduction","category",,,,,,,,,4,0,2,0,0,0,0.00014302191157029073,0.00007764845047308417
"page:clay","Clay","page","item","item|monster","https://oldschool.runescape.wiki/w/Clay","2001-02-28",,"false","true","false",24,15,63,13.5,23,3,0.00032458315169979913,0.0003867868833141622
"page:clay rocks","clay rocks","page","scenery","scenery","https://oldschool.runescape.wiki/w/Clay_rocks","2001-02-28",,"false",,,5,9,14,10,5,2,0.00010857174753232805,0.00010018109622863809
"page:clerk","Clerk","page","npc","npc","https://oldschool.runescape.wiki/w/Clerk","2002-08-27",,"true",,,22,19,22,23.5,22,11,0.00016231665921017627,0.00017442527773758946
"page:climb rope","Climb Rope","page","article","article","https://oldschool.runescape.wiki/w/Climb_Rope","2004-08-02",,"false",,,1,8,4,6.5,1,5,0.00010571038103554406,0.00010170390489280885
"page:climbing boots","Climbing boots","page","item","item","https://oldschool.runescape.wiki/w/Climbing_boots","2004-08-09",,"true","true","true",26,19,51,18.5,25,3,0.0002770685400686658,0.0003286022740258604
"page:climbing rocks (tomb of bervirius)","Climbing rocks (Tomb of Bervirius)","page","scenery","scenery","https://oldschool.runescape.wiki/w/Climbing_rocks_(Tomb_of_Bervirius)","2003-01-27",,"true",,,0,10,0,11,0,3,0.00008884151385506988,0.00007764845047308417
"action:climb","Climb","action",,,,,,,,,14,0,27.5,0,0,0,0.00020892939298681128,0.00007764845047308417
"page:climbing rocks (yanille)","Climbing rocks (Yanille)","page","scenery","scenery","https://oldschool.runescape.wiki/w/Climbing_rocks_(Yanille)","2002-12-12",,"true",,,1,10,4,11,1,3,0.00009620885890647434,0.00008478371350637374
"action:climb-up","Climb-up","action",,,,,,,,,12,0,22,0,0,0,0.00016748817705089357,0.00007764845047308417
"page:climbing rope (brimhaven agility arena)","Climbing rope (Brimhaven Agility Arena)","page","scenery","scenery","https://oldschool.runescape.wiki/w/Climbing_rope_(Brimhaven_Agility_Arena)","2004-07-27",,"true",,,0,16,0,21.5,0,10,0.00008884151385506988,0.00007764845047308417
"page:climbing rope (crandor dungeon)","Climbing rope (Crandor Dungeon)","page","scenery","scenery","https://oldschool.runescape.wiki/w/Climbing_rope_(Crandor_Dungeon)","2001-09-23",,"false",,,0,9,0,7.5,0,3,0.00008884151385506988,0.00007764845047308417
"page:climbing rope (viyeldi caves)","Climbing rope (Viyeldi caves)","page","scenery","scenery","https://oldschool.runescape.wiki/w/Climbing_rope_(Viyeldi_caves)","2004-03-09",,"true",,,3,11,3,9.5,3,5,0.000096832082389786,0.00008589389662496052
"page:clivet","Clivet","page","monster","monster","https://oldschool.runescape.wiki/w/Clivet","2002-08-15",,"true",,,13,19,13,26,13,9,0.00012147372630040025,0.00011794685000540592
"page:clock spindle (black)","Clock spindle (black)","page","scenery","scenery","https://oldschool.runescape.wiki/w/Clock_spindle_(black)","2002-06-17",,"true",,,0,13,0,17.5,0,7,0.00008884151385506988,0.00007764845047308417
"page:clock spindle (blue)","Clock spindle (blue)","page","scenery","scenery","https://oldschool.runescape.wiki/w/Clock_spindle_(blue)","2002-06-17",,"true",,,0,13,0,17.5,0,7,0.00008884151385506988,0.00007764845047308417
"page:clock spindle (red)","Clock spindle (red)","page","scenery","scenery","https://oldschool.runescape.wiki/w/Clock_spindle_(red)","2002-06-17",,"true",,,1,12,4,13.5,1,6,0.00009739419216805974,0.00008635034342708637
"page:clock spindle (white)","Clock spindle (white)","page","scenery","scenery","https://oldschool.runescape.wiki/w/Clock_spindle_(white)","2002-06-17",,"true",,,2,12,5,13.5,2,6,0.00009742279644335348,0.00008611014060871602
"page:clock tower","Clock Tower","page","quest","quest","https://oldschool.runescape.wiki/w/Clock_Tower","2002-06-17",,"true",,,15,24,52,50,15,20,0.00023843695719106802,0.00024544834818300326
"page:clock tower (building)","Clock Tower (building)","page","location","location","https://oldschool.runescape.wiki/w/Clock_Tower_(building)","2002-06-17",,"true",,,12,22,36,34,12,14,0.0001491694828532035,0.00013968907627102048
"page:clock tower dungeon","Clock Tower Dungeon","page","location","location","https://oldschool.runescape.wiki/w/Clock_Tower_dungeon","2002-06-17",,"true",,,7,21,20,23.5,7,12,0.00014000371594699687,0.00012883357564082235
"category:articles in need of cleanup","Articles in need of cleanup","category",,,,,,,,,1,0,0.5,0,0,0,0.0000913734959519882,0.00007764845047308417
"page:close quarters","Close Quarters","page","music","music","https://oldschool.runescape.wiki/w/Close_Quarters","2004-04-20",,"false",,,0,7,0,5,0,3,0.00008884151385506988,0.00007764845047308417
"page:closed chest (temple of ikov)","Closed chest (Temple of Ikov)","page","scenery","scenery","https://oldschool.runescape.wiki/w/Closed_chest_(Temple_of_Ikov)","2002-06-17",,"true",,,1,10,4,12.5,1,0,0.00010313799827473574,0.0001003312827800315
"page:closed chest (the grand tree)","Closed chest (The Grand Tree)","page","scenery","scenery","https://oldschool.runescape.wiki/w/Closed_chest_(The_Grand_Tree)","2002-12-12",,"true",,,0,11,0,12.5,0,5,0.00008884151385506988,0.00007764845047308417
"page:closed chest (tree gnome village)","Closed chest (Tree Gnome Village)","page","scenery","scenery","https://oldschool.runescape.wiki/w/Closed_chest_(Tree_Gnome_Village)","2002-07-23",,"true",,,0,13,0,19,0,2,0.00008884151385506988,0.00007764845047308417
"page:clue scroll (easy)","Clue scroll (easy)","page","item","item|monster","https://oldschool.runescape.wiki/w/Clue_scroll_(easy)","2004-05-05",,"true","false","false",88,25,220,24.5,88,15,0.0012717733375453982,0.0027427507633487848
"page:clue scroll (easy) - a crate found in the tower of a church","Clue scroll (easy) - A crate found in the tower of a church","page","item","item","https://oldschool.runescape.wiki/w/Clue_scroll_(easy)_-_A_crate_found_in_the_tower_of_a_church","2004-05-05",,"true","false","false",0,14,0,17.5,0,6,0.00008884151385506988,0.00007764845047308417
"category:clue scrolls","Clue scrolls","category",,,,,,,,,102,0,51,0,0,0,0.00036776541042840463,0.00007764845047308417
"page:clue scroll (easy) - at the standing stones north of falador","Clue scroll (easy) - At the standing stones north of Falador","page","item","item","https://oldschool.runescape.wiki/w/Clue_scroll_(easy)_-_At_the_standing_stones_north_of_Falador","2004-05-05",,"true","false","false",0,10,0,13.5,0,2,0.00008884151385506988,0.00007764845047308417
"page:clue scroll (easy) - look in the ground floor crates of houses in falador","Clue scroll (easy) - Look in the ground floor crates of houses in Falador","page","item","item","https://oldschool.runescape.wiki/w/Clue_scroll_(easy)_-_Look_in_the_ground_floor_crates_of_houses_in_Falador","2004-05-05",,"true","false","false",0,11,0,14.5,0,3,0.00008884151385506988,0.00007764845047308417
"page:clue scroll (easy) - search the boxes in the goblin house near lumbridge","Clue scroll (easy) - Search the boxes in the goblin house near Lumbridge","page","item","item","https://oldschool.runescape.wiki/w/Clue_scroll_(easy)_-_Search_the_boxes_in_the_goblin_house_near_Lumbridge","2004-05-05",,"true","false","false",1,10,4,13.5,1,2,0.00009813570299684166,0.0000864486082141413
"page:clue scroll (easy) - search the boxes in the house near the south entrance to varrock","Clue scroll (easy) - Search the boxes in the house near the south entrance to Varrock","page","item","item","https://oldschool.runescape.wiki/w/Clue_scroll_(easy)_-_Search_the_boxes_in_the_house_near_the_south_entrance_to_Varrock","2004-05-05",,"true","false","false",0,10,0,13.5,0,2,0.00008884151385506988,0.00007764845047308417
"page:clue scroll (easy) - search the boxes just outside the armour shop in east ardougne","Clue scroll (easy) - Search the boxes just outside the Armour shop in East Ardougne","page","item","item","https://oldschool.runescape.wiki/w/Clue_scroll_(easy)_-_Search_the_boxes_just_outside_the_Armour_shop_in_East_Ardougne","2004-05-05",,"true","false","false",0,10,0,13.5,0,2,0.00008884151385506988,0.00007764845047308417
"page:clue scroll (easy) - search the boxes of falador's general store","Clue scroll (easy) - Search the boxes of Falador's general store","page","item","item","https://oldschool.runescape.wiki/w/Clue_scroll_(easy)_-_Search_the_boxes_of_Falador's_general_store","2004-05-05",,"true","false","false",0,10,0,13.5,0,2,0.00008884151385506988,0.00007764845047308417
"page:clue scroll (easy) - search the chest in the duke of lumbridge's bedroom","Clue scroll (easy) - Search the chest in the Duke of Lumbridge's bedroom","page","item","item","https://oldschool.runescape.wiki/w/Clue_scroll_(easy)_-_Search_the_chest_in_the_Duke_of_Lumbridge's_bedroom","2004-05-05",,"true","false","false",0,10,0,13.5,0,2,0.00008884151385506988,0.00007764845047308417
"page:clue scroll (easy) - search the chest in the left-hand tower of camelot castle","Clue scroll (easy) - Search the chest in the left-hand tower of Camelot Castle","page","item","item","https://oldschool.runescape.wiki/w/Clue_scroll_(easy)_-_Search_the_chest_in_the_left-hand_tower_of_Camelot_Castle","2004-05-05",,"true","false","false",0,11,0,14.5,0,3,0.00008884151385506988,0.00007764845047308417
"page:clue scroll (easy) - search the chests upstairs in al kharid palace","Clue scroll (easy) - Search the chests upstairs in Al Kharid Palace","page","item","item","https://oldschool.runescape.wiki/w/Clue_scroll_(easy)_-_Search_the_chests_upstairs_in_Al_Kharid_Palace","2004-05-05",,"true","false","false",0,11,0,14.5,0,3,0.00008884151385506988,0.00007764845047308417
"page:clue scroll (easy) - search the crate in the left-hand tower of lumbridge castle","Clue scroll (easy) - Search the crate in the left-hand tower of Lumbridge Castle","page","item","item","https://oldschool.runescape.wiki/w/Clue_scroll_(easy)_-_Search_the_crate_in_the_left-hand_tower_of_Lumbridge_Castle","2004-05-05",,"true","false","false",0,10,0,13.5,0,2,0.00008884151385506988,0.00007764845047308417
"page:clue scroll (easy) - search the crates in east ardougne's general store","Clue scroll (easy) - Search the crates in East Ardougne's general store","page","item","item","https://oldschool.runescape.wiki/w/Clue_scroll_(easy)_-_Search_the_crates_in_East_Ardougne's_general_store","2004-05-05",,"true","false","false",0,11,0,14.5,0,3,0.00008884151385506988,0.00007764845047308417
"page:clue scroll (easy) - search the crates in horvik's armoury","Clue scroll (easy) - Search the crates in Horvik's armoury","page","item","item","https://oldschool.runescape.wiki/w/Clue_scroll_(easy)_-_Search_the_crates_in_Horvik's_armoury","2004-05-05",,"true","false","false",0,10,0,13.5,0,2,0.00008884151385506988,0.00007764845047308417
"page:clue scroll (easy) - search the crates in the barbarian village helmet shop","Clue scroll (easy) - Search the crates in the Barbarian Village helmet shop","page","item","item","https://oldschool.runescape.wiki/w/Clue_scroll_(easy)_-_Search_the_crates_in_the_Barbarian_Village_helmet_shop","2004-05-05",,"true","false","false",0,11,0,14.5,0,3,0.00008884151385506988,0.00007764845047308417
"page:clue scroll (easy) - search the crates in the guard house in northern east ardougne","Clue scroll (easy) - Search the crates in the guard house in northern East Ardougne","page","item","item","https://oldschool.runescape.wiki/w/Clue_scroll_(easy)_-_Search_the_crates_in_the_guard_house_in_northern_East_Ardougne","2004-05-05",,"true","false","false",0,10,0,13.5,0,2,0.00008884151385506988,0.00007764845047308417
"page:clue scroll (easy) - search the crates in the most north-western house in al kharid","Clue scroll (easy) - Search the crates in the most north-western house in Al Kharid","page","item","item","https://oldschool.runescape.wiki/w/Clue_scroll_(easy)_-_Search_the_crates_in_the_most_north-western_house_in_Al_Kharid","2004-05-05",,"true","false","false",0,11,0,14.5,0,3,0.00008884151385506988,0.00007764845047308417
"page:clue scroll (easy) - search the crates in the port sarim fishing shop","Clue scroll (easy) - Search the crates in the Port Sarim Fishing shop","page","item","item","https://oldschool.runescape.wiki/w/Clue_scroll_(easy)_-_Search_the_crates_in_the_Port_Sarim_Fishing_shop","2004-05-05",,"true","false","false",0,10,0,13.5,0,2,0.00008884151385506988,0.00007764845047308417
"page:clue scroll (easy) - search the crates in the shed just north of east ardougne","Clue scroll (easy) - Search the crates in the shed just north of East Ardougne","page","item","item","https://oldschool.runescape.wiki/w/Clue_scroll_(easy)_-_Search_the_crates_in_the_shed_just_north_of_East_Ardougne","2004-05-05",,"true","false","false",0,11,0,14.5,0,3,0.00008884151385506988,0.00007764845047308417
"page:clue scroll (easy) - search the crates near a cart in varrock","Clue scroll (easy) - Search the crates near a cart in Varrock","page","item","item","https://oldschool.runescape.wiki/w/Clue_scroll_(easy)_-_Search_the_crates_near_a_cart_in_Varrock","2004-05-05",,"true","false","false",0,10,0,13.5,0,2,0.00008884151385506988,0.00007764845047308417
"page:clue scroll (easy) - search the drawers above varrock's shops","Clue scroll (easy) - Search the drawers above Varrock's shops","page","item","item","https://oldschool.runescape.wiki/w/Clue_scroll_(easy)_-_Search_the_drawers_above_Varrock's_shops","2004-05-05",,"true","false","false",0,10,0,13.5,0,2,0.00008884151385506988,0.00007764845047308417
"page:clue scroll (easy) - search the drawers found upstairs in east ardougne's houses","Clue scroll (easy) - Search the drawers found upstairs in East Ardougne's houses","page","item","item","https://oldschool.runescape.wiki/w/Clue_scroll_(easy)_-_Search_the_drawers_found_upstairs_in_East_Ardougne's_houses","2004-05-05",,"true","false","false",0,11,0,14.5,0,3,0.00008884151385506988,0.00007764845047308417
"page:clue scroll (easy) - search the drawers in catherby's archery shop","Clue scroll (easy) - Search the drawers in Catherby's Archery shop","page","item","item","https://oldschool.runescape.wiki/w/Clue_scroll_(easy)_-_Search_the_drawers_in_Catherby's_Archery_shop","2004-05-05",,"true","false","false",0,11,0,14.5,0,3,0.00008884151385506988,0.00007764845047308417
"page:clue scroll (easy) - search the drawers in falador's chain mail shop","Clue scroll (easy) - Search the drawers in Falador's chain mail shop","page","item","item","https://oldschool.runescape.wiki/w/Clue_scroll_(easy)_-_Search_the_drawers_in_Falador's_chain_mail_shop","2004-05-05",,"true","false","false",0,10,0,13.5,0,2,0.00008884151385506988,0.00007764845047308417
"page:clue scroll (easy) - search the drawers in one of gertrude's bedrooms","Clue scroll (easy) - Search the drawers in one of Gertrude's bedrooms","page","item","item","https://oldschool.runescape.wiki/w/Clue_scroll_(easy)_-_Search_the_drawers_in_one_of_Gertrude's_bedrooms","2004-05-05",,"true","false","false",0,10,0,13.5,0,2,0.00008884151385506988,0.00007764845047308417
"page:clue scroll (easy) - search the drawers upstairs in falador's shield shop","Clue scroll (easy) - Search the drawers upstairs in Falador's shield shop","page","item","item","https://oldschool.runescape.wiki/w/Clue_scroll_(easy)_-_Search_the_drawers_upstairs_in_Falador's_shield_shop","2004-05-05",,"true","false","false",0,10,0,13.5,0,2,0.00008884151385506988,0.00007764845047308417
"page:clue scroll (easy) - search the drawers, upstairs in the bank to the east of varrock","Clue scroll (easy) - Search the drawers, upstairs in the bank to the East of Varrock","page","item","item","https://oldschool.runescape.wiki/w/Clue_scroll_(easy)_-_Search_the_drawers%2C_upstairs_in_the_bank_to_the_East_of_Varrock","2004-05-05",,"true","false","false",0,10,0,13.5,0,2,0.00008884151385506988,0.00007764845047308417
"page:clue scroll (easy) - south-east varrock mine","Clue scroll (easy) - South-east Varrock mine","page","item","item","https://oldschool.runescape.wiki/w/Clue_scroll_(easy)_-_South-east_Varrock_mine","2004-05-05",,"true","false","false",0,10,0,13.5,0,2,0.00008884151385506988,0.00007764845047308417
"page:clue scroll (easy) - speak to arhein in catherby","Clue scroll (easy) - Speak to Arhein in Catherby","page","item","item","https://oldschool.runescape.wiki/w/Clue_scroll_(easy)_-_Speak_to_Arhein_in_Catherby","2004-05-05",,"true","false","false",0,12,0,15.5,0,4,0.00008884151385506988,0.00007764845047308417
"page:clue scroll (easy) - speak to doric, who lives north of falador","Clue scroll (easy) - Speak to Doric, who lives north of Falador","page","item","item","https://oldschool.runescape.wiki/w/Clue_scroll_(easy)_-_Speak_to_Doric%2C_who_lives_north_of_Falador","2004-05-05",,"true","false","false",0,10,0,13.5,0,2,0.00008884151385506988,0.00007764845047308417
"page:clue scroll (easy) - speak to ellis in al kharid","Clue scroll (easy) - Speak to Ellis in Al Kharid","page","item","item","https://oldschool.runescape.wiki/w/Clue_scroll_(easy)_-_Speak_to_Ellis_in_Al_Kharid","2004-05-05",,"true","false","false",0,11,0,14.5,0,3,0.00008884151385506988,0.00007764845047308417
"page:clue scroll (easy) - speak to gaius in taverley","Clue scroll (easy) - Speak to Gaius in Taverley","page","item","item","https://oldschool.runescape.wiki/w/Clue_scroll_(easy)_-_Speak_to_Gaius_in_Taverley","2004-05-05",,"true","false","false",0,10,0,13.5,0,2,0.00008884151385506988,0.00007764845047308417
"page:clue scroll (easy) - speak to hans to solve the clue","Clue scroll (easy) - Speak to Hans to solve the clue","page","item","item","https://oldschool.runescape.wiki/w/Clue_scroll_(easy)_-_Speak_to_Hans_to_solve_the_clue","2004-05-05",,"true","false","false",0,10,0,13.5,0,2,0.00008884151385506988,0.00007764845047308417
"page:clue scroll (easy) - speak to ned in draynor village","Clue scroll (easy) - Speak to Ned in Draynor Village","page","item","item","https://oldschool.runescape.wiki/w/Clue_scroll_(easy)_-_Speak_to_Ned_in_Draynor_Village","2004-05-05",,"true","false","false",0,10,0,13.5,0,2,0.00008884151385506988,0.00007764845047308417
"page:clue scroll (easy) - speak to sir kay in camelot castle","Clue scroll (easy) - Speak to Sir Kay in Camelot Castle","page","item","item","https://oldschool.runescape.wiki/w/Clue_scroll_(easy)_-_Speak_to_Sir_Kay_in_Camelot_Castle","2004-05-05",,"true","false","false",0,10,0,13.5,0,2,0.00008884151385506988,0.00007764845047308417
"page:clue scroll (easy) - speak to the bartender of the blue moon inn in varrock","Clue scroll (easy) - Speak to the bartender of the Blue Moon Inn in Varrock","page","item","item","https://oldschool.runescape.wiki/w/Clue_scroll_(easy)_-_Speak_to_the_bartender_of_the_Blue_Moon_Inn_in_Varrock","2004-05-05",,"true","false","false",0,12,0,15.5,0,4,0.00008884151385506988,0.00007764845047308417
"page:clue scroll (easy) - talk to the bartender of the rusty anchor in port sarim","Clue scroll (easy) - Talk to the bartender of the Rusty Anchor in Port Sarim","page","item","item","https://oldschool.runescape.wiki/w/Clue_scroll_(easy)_-_Talk_to_the_bartender_of_the_Rusty_Anchor_in_Port_Sarim","2004-05-05",,"true","false","false",0,10,0,13.5,0,2,0.00008884151385506988,0.00007764845047308417
"page:clue scroll (easy) - talk to the squire in the white knights' castle","Clue scroll (easy) - Talk to the Squire in the White Knights' castle","page","item","item","https://oldschool.runescape.wiki/w/Clue_scroll_(easy)_-_Talk_to_the_Squire_in_the_White_Knights'_castle","2004-05-05",,"true","false","false",0,10,0,13.5,0,2,0.00008884151385506988,0.00007764845047308417
"page:clue scroll (easy) - talk to zeke in al kharid","Clue scroll (easy) - Talk to Zeke in Al Kharid","page","item","item","https://oldschool.runescape.wiki/w/Clue_scroll_(easy)_-_Talk_to_Zeke_in_Al_Kharid","2004-05-05",,"true","false","false",0,11,0,14.5,0,3,0.00008884151385506988,0.00007764845047308417
"page:clue scroll (easy) - west of the champions' guild","Clue scroll (easy) - West of the Champions' Guild","page","item","item","https://oldschool.runescape.wiki/w/Clue_scroll_(easy)_-_West_of_the_Champions'_Guild","2004-05-05",,"true","false","false",0,11,0,14.5,0,3,0.00008884151385506988,0.00007764845047308417
"page:clue scroll (hard)","Clue scroll (hard)","page","item","item|monster","https://oldschool.runescape.wiki/w/Clue_scroll_(hard)","2004-05-05",,"true","false","false",97,20,274,19.5,97,10,0.001310525955133203,0.0028240088472050668
"page:clue scroll (hard) - 16.07n 22.45e","Clue scroll (hard) - 16.07N 22.45E","page","item","item","https://oldschool.runescape.wiki/w/Clue_scroll_(hard)_-_16.07N_22.45E","2004-05-05",,"true","false","false",0,10,0,13.5,0,2,0.00008884151385506988,0.00007764845047308417
"page:clue scroll (hard) - 16.43n 19.13e","Clue scroll (hard) - 16.43N 19.13E","page","item","item","https://oldschool.runescape.wiki/w/Clue_scroll_(hard)_-_16.43N_19.13E","2004-05-05",,"true","false","false",0,11,0,14.5,0,3,0.00008884151385506988,0.00007764845047308417
"page:clue scroll (hard) - 19.00n 27.13e","Clue scroll (hard) - 19.00N 27.13E","page","item","item","https://oldschool.runescape.wiki/w/Clue_scroll_(hard)_-_19.00N_27.13E","2004-05-05",,"true","false","false",0,10,0,13.5,0,2,0.00008884151385506988,0.00007764845047308417
"page:clue scroll (hard) - 19.43n 25.07e","Clue scroll (hard) - 19.43N 25.07E","page","item","item","https://oldschool.runescape.wiki/w/Clue_scroll_(hard)_-_19.43N_25.07E","2004-05-05",,"true","false","false",0,11,0,14.5,0,3,0.00008884151385506988,0.00007764845047308417
"page:clue scroll (hard) - 20.05n 21.52e","Clue scroll (hard) - 20.05N 21.52E","page","item","item","https://oldschool.runescape.wiki/w/Clue_scroll_(hard)_-_20.05N_21.52E","2004-05-05",,"true","false","false",0,10,0,13.5,0,2,0.00008884151385506988,0.00007764845047308417
"page:clue scroll (hard) - 20.33n 15.48e","Clue scroll (hard) - 20.33N 15.48E","page","item","item","https://oldschool.runescape.wiki/w/Clue_scroll_(hard)_-_20.33N_15.48E","2004-05-05",,"true","false","false",0,10,0,13.5,0,2,0.00008884151385506988,0.00007764845047308417
"page:clue scroll (hard) - 21.24n 17.54e","Clue scroll (hard) - 21.24N 17.54E","page","item","item","https://oldschool.runescape.wiki/w/Clue_scroll_(hard)_-_21.24N_17.54E","2004-05-05",,"true","false","false",0,10,0,13.5,0,2,0.00008884151385506988,0.00007764845047308417
"page:clue scroll (hard) - 22.35n 19.18e","Clue scroll (hard) - 22.35N 19.18E","page","item","item","https://oldschool.runescape.wiki/w/Clue_scroll_(hard)_-_22.35N_19.18E","2004-05-05",,"true","false","false",0,10,0,13.5,0,2,0.00008884151385506988,0.00007764845047308417
"page:clue scroll (hard) - 22.45n 26.33e","Clue scroll (hard) - 22.45N 26.33E","page","item","item","https://oldschool.runescape.wiki/w/Clue_scroll_(hard)_-_22.45N_26.33E","2004-05-05",,"true","false","false",0,10,0,13.5,0,2,0.00008884151385506988,0.00007764845047308417
"page:clue scroll (hard) - 24.56n 22.28e","Clue scroll (hard) - 24.56N 22.28E","page","item","item","https://oldschool.runescape.wiki/w/Clue_scroll_(hard)_-_24.56N_22.28E","2004-05-05",,"true","false","false",0,10,0,13.5,0,2,0.00008884151385506988,0.00007764845047308417
"page:clue scroll (hard) - 24.58n 18.43e","Clue scroll (hard) - 24.58N 18.43E","page","item","item","https://oldschool.runescape.wiki/w/Clue_scroll_(hard)_-_24.58N_18.43E","2004-05-05",,"true","false","false",0,10,0,13.5,0,2,0.00008884151385506988,0.00007764845047308417
"page:clue scroll (hard) - 25.03n 17.05e","Clue scroll (hard) - 25.03N 17.05E","page","item","item","https://oldschool.runescape.wiki/w/Clue_scroll_(hard)_-_25.03N_17.05E","2004-05-05",,"true","false","false",0,10,0,13.5,0,2,0.00008884151385506988,0.00007764845047308417
"page:clue scroll (hard) - 25.03n 23.24e","Clue scroll (hard) - 25.03N 23.24E","page","item","item","https://oldschool.runescape.wiki/w/Clue_scroll_(hard)_-_25.03N_23.24E","2004-05-05",,"true","false","false",0,10,0,13.5,0,2,0.00008884151385506988,0.00007764845047308417
"page:clue scroll (hard) - 46 is my number","Clue scroll (hard) - 46 is my number","page","item","item","https://oldschool.runescape.wiki/w/Clue_scroll_(hard)_-_46_is_my_number","2004-05-05",,"true","false","false",0,10,0,13.5,0,2,0.00008884151385506988,0.00007764845047308417
"page:clue scroll (hard) - a bag belt only?","Clue scroll (hard) - A bag belt only?","page","item","item","https://oldschool.runescape.wiki/w/Clue_scroll_(hard)_-_A_bag_belt_only%3F","2004-05-05",,"true","false","false",0,11,0,14.5,0,3,0.00008884151385506988,0.00007764845047308417
"page:clue scroll (hard) - a crate in the lumber yard","Clue scroll (hard) - A crate in the Lumber Yard","page","item","item","https://oldschool.runescape.wiki/w/Clue_scroll_(hard)_-_A_crate_in_the_Lumber_Yard","2004-05-05",,"true","false","false",2,10,5,13.5,2,2,0.00011320128378310075,0.00010764898822668805
"page:clue scroll (hard) - aggie i see","Clue scroll (hard) - Aggie I see","page","item","item","https://oldschool.runescape.wiki/w/Clue_scroll_(hard)_-_Aggie_I_see","2004-05-05",,"true","false","false",0,11,0,14.5,0,3,0.00008884151385506988,0.00007764845047308417
"page:clue scroll (hard) - come to the evil ledge","Clue scroll (hard) - Come to the evil ledge","page","item","item","https://oldschool.runescape.wiki/w/Clue_scroll_(hard)_-_Come_to_the_evil_ledge","2004-05-05",,"true","false","false",0,10,0,13.5,0,2,0.00008884151385506988,0.00007764845047308417
"page:clue scroll (hard) - four blades i have, yet draw no blood","Clue scroll (hard) - Four blades I have, yet draw no blood","page","item","item","https://oldschool.runescape.wiki/w/Clue_scroll_(hard)_-_Four_blades_I_have%2C_yet_draw_no_blood","2004-05-05",,"true","false","false",0,10,0,13.5,0,2,0.00008884151385506988,0.00007764845047308417
"page:clue scroll (hard) - generally speaking, his nose was very bent","Clue scroll (hard) - Generally speaking, his nose was very bent","page","item","item","https://oldschool.runescape.wiki/w/Clue_scroll_(hard)_-_Generally_speaking%2C_his_nose_was_very_bent","2004-05-05",,"true","false","false",0,10,0,13.5,0,2,0.00008884151385506988,0.00007764845047308417
"page:clue scroll (hard) - i am a token of the greatest love","Clue scroll (hard) - I am a token of the greatest love","page","item","item","https://oldschool.runescape.wiki/w/Clue_scroll_(hard)_-_I_am_a_token_of_the_greatest_love","2004-05-05",,"true","false","false",0,12,0,15.5,0,4,0.00008884151385506988,0.00007764845047308417
"page:clue scroll (hard) - i lie lonely and forgotten in mid wilderness","Clue scroll (hard) - I lie lonely and forgotten in mid wilderness","page","item","item","https://oldschool.runescape.wiki/w/Clue_scroll_(hard)_-_I_lie_lonely_and_forgotten_in_mid_wilderness","2004-05-05",,"true","false","false",0,10,0,13.5,0,2,0.00008884151385506988,0.00007764845047308417
"page:clue scroll (hard) - if a man carried my burden","Clue scroll (hard) - If a man carried my burden","page","item","item","https://oldschool.runescape.wiki/w/Clue_scroll_(hard)_-_If_a_man_carried_my_burden","2004-05-05",,"true","false","false",0,10,0,13.5,0,2,0.00008884151385506988,0.00007764845047308417
"page:clue scroll (hard) - my giant guardians below the market streets","Clue scroll (hard) - My giant guardians below the market streets","page","item","item","https://oldschool.runescape.wiki/w/Clue_scroll_(hard)_-_My_giant_guardians_below_the_market_streets","2004-05-05",,"true","false","false",0,10,0,13.5,0,2,0.00008884151385506988,0.00007764845047308417
"page:clue scroll (hard) - my home is grey, and made of stone","Clue scroll (hard) - My home is grey, and made of stone","page","item","item","https://oldschool.runescape.wiki/w/Clue_scroll_(hard)_-_My_home_is_grey%2C_and_made_of_stone","2004-05-05",,"true","false","false",0,10,0,13.5,0,2,0.00008884151385506988,0.00007764845047308417
"page:clue scroll (hard) - my name is like a tree, yet it is spelt with a 'g'","Clue scroll (hard) - My name is like a tree, yet it is spelt with a 'g'","page","item","item","https://oldschool.runescape.wiki/w/Clue_scroll_(hard)_-_My_name_is_like_a_tree%2C_yet_it_is_spelt_with_a_'g'","2004-05-05",,"true","false","false",0,10,0,13.5,0,2,0.00008884151385506988,0.00007764845047308417
"page:clue scroll (hard) - snah? i feel all confused, like one of those cakes","Clue scroll (hard) - Snah? I feel all confused, like one of those cakes","page","item","item","https://oldschool.runescape.wiki/w/Clue_scroll_(hard)_-_Snah%3F_I_feel_all_confused%2C_like_one_of_those_cakes","2004-05-05",,"true","false","false",0,10,0,13.5,0,2,0.00008884151385506988,0.00007764845047308417
"page:clue scroll (hard) - surprising","Clue scroll (hard) - Surprising","page","item","item","https://oldschool.runescape.wiki/w/Clue_scroll_(hard)_-_Surprising","2004-05-05",,"true","false","false",0,10,0,13.5,0,2,0.00008884151385506988,0.00007764845047308417
"page:clue scroll (hard) - the beasts to my east snap claws and tails","Clue scroll (hard) - The beasts to my east snap claws and tails","page","item","item","https://oldschool.runescape.wiki/w/Clue_scroll_(hard)_-_The_beasts_to_my_east_snap_claws_and_tails","2004-05-05",,"true","false","false",0,11,0,14.5,0,3,0.00008884151385506988,0.00007764845047308417
"page:clue scroll (hard) - the keeper of melzars spare? skeleton? anar?","Clue scroll (hard) - The keeper of Melzars Spare? Skeleton? Anar?","page","item","item","https://oldschool.runescape.wiki/w/Clue_scroll_(hard)_-_The_keeper_of_Melzars_Spare%3F_Skeleton%3F_Anar%3F","2004-05-05",,"true","false","false",0,10,0,13.5,0,2,0.00008884151385506988,0.00007764845047308417
"page:clue scroll (hard) - you will need to under-cook to solve this one","Clue scroll (hard) - You will need to under-cook to solve this one","page","item","item","https://oldschool.runescape.wiki/w/Clue_scroll_(hard)_-_You_will_need_to_under-cook_to_solve_this_one","2004-05-05",,"true","false","false",0,10,0,13.5,0,2,0.00008884151385506988,0.00007764845047308417
"page:clue scroll (medium)","Clue scroll (medium)","page","item","item|monster","https://oldschool.runescape.wiki/w/Clue_scroll_(medium)","2004-05-05",,"true","false","false",76,25,197,27.5,76,15,0.00111248647124954,0.0023597744187339982
"page:clue scroll (medium) - 00.05s 01.13e","Clue scroll (medium) - 00.05S 01.13E","page","item","item","https://oldschool.runescape.wiki/w/Clue_scroll_(medium)_-_00.05S_01.13E","2004-05-05",,"true","false","false",0,10,0,13.5,0,2,0.00008884151385506988,0.00007764845047308417
"page:clue scroll (medium) - 00.30n 24.16e","Clue scroll (medium) - 00.30N 24.16E","page","item","item","https://oldschool.runescape.wiki/w/Clue_scroll_(medium)_-_00.30N_24.16E","2004-05-05",,"true","false","false",0,10,0,13.5,0,2,0.00008884151385506988,0.00007764845047308417
"page:clue scroll (medium) - 00.31s 17.43e","Clue scroll (medium) - 00.31S 17.43E","page","item","item","https://oldschool.runescape.wiki/w/Clue_scroll_(medium)_-_00.31S_17.43E","2004-05-05",,"true","false","false",0,11,0,14.5,0,3,0.00008884151385506988,0.00007764845047308417
"page:clue scroll (medium) - 01.26n 08.01e","Clue scroll (medium) - 01.26N 08.01E","page","item","item","https://oldschool.runescape.wiki/w/Clue_scroll_(medium)_-_01.26N_08.01E","2004-05-05",,"true","false","false",0,11,0,14.5,0,3,0.00008884151385506988,0.00007764845047308417
"page:clue scroll (medium) - 01.35s 07.28e","Clue scroll (medium) - 01.35S 07.28E","page","item","item","https://oldschool.runescape.wiki/w/Clue_scroll_(medium)_-_01.35S_07.28E","2004-05-05",,"true","false","false",0,10,0,13.5,0,2,0.00008884151385506988,0.00007764845047308417
"page:clue scroll (medium) - 02.48n 22.30e","Clue scroll (medium) - 02.48N 22.30E","page","item","item","https://oldschool.runescape.wiki/w/Clue_scroll_(medium)_-_02.48N_22.30E","2004-05-05",,"true","false","false",0,10,0,13.5,0,2,0.00008884151385506988,0.00007764845047308417
"page:clue scroll (medium) - 02.50n 06.20e","Clue scroll (medium) - 02.50N 06.20E","page","item","item","https://oldschool.runescape.wiki/w/Clue_scroll_(medium)_-_02.50N_06.20E","2004-05-05",,"true","false","false",0,11,0,14.5,0,3,0.00008884151385506988,0.00007764845047308417
"page:clue scroll (medium) - 04.00s 12.46e","Clue scroll (medium) - 04.00S 12.46E","page","item","item","https://oldschool.runescape.wiki/w/Clue_scroll_(medium)_-_04.00S_12.46E","2004-05-05",,"true","false","false",0,10,0,13.5,0,2,0.00008884151385506988,0.00007764845047308417
"page:clue scroll (medium) - 04.13n 12.45e","Clue scroll (medium) - 04.13N 12.45E","page","item","item","https://oldschool.runescape.wiki/w/Clue_scroll_(medium)_-_04.13N_12.45E","2004-05-05",,"true","false","false",0,10,0,13.5,0,2,0.00008884151385506988,0.00007764845047308417
"page:clue scroll (medium) - 05.43n 23.05e","Clue scroll (medium) - 05.43N 23.05E","page","item","item","https://oldschool.runescape.wiki/w/Clue_scroll_(medium)_-_05.43N_23.05E","2004-05-05",,"true","false","false",0,10,0,13.5,0,2,0.00008884151385506988,0.00007764845047308417
"page:clue scroll (medium) - 06.31n 01.46w","Clue scroll (medium) - 06.31N 01.46W","page","item","item","https://oldschool.runescape.wiki/w/Clue_scroll_(medium)_-_06.31N_01.46W","2004-05-05",,"true","false","false",0,10,0,13.5,0,2,0.00008884151385506988,0.00007764845047308417
"page:clue scroll (medium) - 07.33n 15.00e","Clue scroll (medium) - 07.33N 15.00E","page","item","item","https://oldschool.runescape.wiki/w/Clue_scroll_(medium)_-_07.33N_15.00E","2004-05-05",,"true","false","false",0,10,0,13.5,0,2,0.00008884151385506988,0.00007764845047308417
"page:clue scroll (medium) - 09.33n 02.15e","Clue scroll (medium) - 09.33N 02.15E","page","item","item","https://oldschool.runescape.wiki/w/Clue_scroll_(medium)_-_09.33N_02.15E","2004-05-05",,"true","false","false",0,11,0,14.5,0,3,0.00008884151385506988,0.00007764845047308417
"page:clue scroll (medium, map 2)","Clue scroll (medium, map 2)","page","item","item","https://oldschool.runescape.wiki/w/Clue_scroll_(medium%2C_map_2)","2004-05-05",,"true","false","false",19,13,19,12.5,19,3,0.00021262701669119588,0.0003219246929660401
"page:clue scroll (medium) - are col","Clue scroll (medium) - ARE COL","page","item","item","https://oldschool.runescape.wiki/w/Clue_scroll_(medium)_-_ARE_COL","2004-05-05",,"true","false","false",0,11,0,14.5,0,3,0.00008884151385506988,0.00007764845047308417
"page:clue scroll (medium) - eek zero op","Clue scroll (medium) - EEK ZERO OP","page","item","item","https://oldschool.runescape.wiki/w/Clue_scroll_(medium)_-_EEK_ZERO_OP","2004-05-05",,"true","false","false",0,11,0,14.5,0,3,0.00008884151385506988,0.00007764845047308417
"page:clue scroll (medium) - el ow","Clue scroll (medium) - EL OW","page","item","item","https://oldschool.runescape.wiki/w/Clue_scroll_(medium)_-_EL_OW","2004-05-05",,"true","false","false",0,10,0,13.5,0,2,0.00008884151385506988,0.00007764845047308417
"page:clue scroll (medium) - goblin kern","Clue scroll (medium) - GOBLIN KERN","page","item","item","https://oldschool.runescape.wiki/w/Clue_scroll_(medium)_-_GOBLIN_KERN","2004-05-05",,"true","false","false",0,10,0,13.5,0,2,0.00008884151385506988,0.00007764845047308417
"page:clue scroll (medium) - halt us","Clue scroll (medium) - HALT US","page","item","item","https://oldschool.runescape.wiki/w/Clue_scroll_(medium)_-_HALT_US","2004-05-05",,"true","false","false",0,10,0,13.5,0,2,0.00008884151385506988,0.00007764845047308417
"page:clue scroll (medium) - in a town where everyone has perfect vision","Clue scroll (medium) - In a town where everyone has perfect vision","page","item","item","https://oldschool.runescape.wiki/w/Clue_scroll_(medium)_-_In_a_town_where_everyone_has_perfect_vision","2004-05-05",,"true","false","false",0,11,0,14.5,0,3,0.00008884151385506988,0.00007764845047308417
"page:clue scroll (medium) - in a town where the guards are armed with maces","Clue scroll (medium) - In a town where the guards are armed with maces","page","item","item","https://oldschool.runescape.wiki/w/Clue_scroll_(medium)_-_In_a_town_where_the_guards_are_armed_with_maces","2004-05-05",,"true","false","false",0,11,0,14.5,0,3,0.00008884151385506988,0.00007764845047308417
"page:clue scroll (medium) - in a town where thieves steal from stalls","Clue scroll (medium) - In a town where thieves steal from stalls","page","item","item","https://oldschool.runescape.wiki/w/Clue_scroll_(medium)_-_In_a_town_where_thieves_steal_from_stalls","2004-05-05",,"true","false","false",0,10,0,13.5,0,2,0.00008884151385506988,0.00007764845047308417
"page:clue scroll (medium) - in a town where wizards are known to gather","Clue scroll (medium) - In a town where wizards are known to gather","page","item","item","https://oldschool.runescape.wiki/w/Clue_scroll_(medium)_-_In_a_town_where_wizards_are_known_to_gather","2004-05-05",,"true","false","false",0,10,0,13.5,0,2,0.00008884151385506988,0.00007764845047308417
"page:clue scroll (medium) - look for a locked chest in the town's chapel","Clue scroll (medium) - Look for a locked chest in the town's chapel","page","item","item","https://oldschool.runescape.wiki/w/Clue_scroll_(medium)_-_Look_for_a_locked_chest_in_the_town's_chapel","2004-05-05",,"true","false","false",0,11,0,14.5,0,3,0.00008884151385506988,0.00007764845047308417
"page:clue scroll (medium) - ok co","Clue scroll (medium) - OK CO","page","item","item","https://oldschool.runescape.wiki/w/Clue_scroll_(medium)_-_OK_CO","2004-05-05",,"true","false","false",0,11,0,14.5,0,3,0.00008884151385506988,0.00007764845047308417
"page:clue scroll (medium) - peaty pert","Clue scroll (medium) - PEATY PERT","page","item","item","https://oldschool.runescape.wiki/w/Clue_scroll_(medium)_-_PEATY_PERT","2004-05-05",,"true","false","false",0,10,0,13.5,0,2,0.00008884151385506988,0.00007764845047308417
"page:clue scroll (medium) - r ak mi","Clue scroll (medium) - R AK MI","page","item","item","https://oldschool.runescape.wiki/w/Clue_scroll_(medium)_-_R_AK_MI","2004-05-05",,"true","false","false",0,11,0,14.5,0,3,0.00008884151385506988,0.00007764845047308417
"page:clue scroll (medium) - south of draynor village bank","Clue scroll (medium) - South of Draynor Village bank","page","item","item","https://oldschool.runescape.wiki/w/Clue_scroll_(medium)_-_South_of_Draynor_Village_bank","2004-05-05",,"true","false","false",0,10,0,13.5,0,2,0.00008884151385506988,0.00007764845047308417
"page:clue scroll (medium) - speak to a referee","Clue scroll (medium) - Speak to a referee","page","item","item","https://oldschool.runescape.wiki/w/Clue_scroll_(medium)_-_Speak_to_a_referee","2004-05-05",,"true","false","false",0,10,0,13.5,0,2,0.00008884151385506988,0.00007764845047308417
"page:clue scroll (medium) - speak to donovan, the family handyman","Clue scroll (medium) - Speak to Donovan, the Family Handyman","page","item","item","https://oldschool.runescape.wiki/w/Clue_scroll_(medium)_-_Speak_to_Donovan%2C_the_Family_Handyman","2004-05-05",,"true","false","false",0,10,0,13.5,0,2,0.00008884151385506988,0.00007764845047308417
"page:clue scroll (medium) - speak to hajedy","Clue scroll (medium) - Speak to Hajedy","page","item","item","https://oldschool.runescape.wiki/w/Clue_scroll_(medium)_-_Speak_to_Hajedy","2004-05-05",,"true","false","false",0,11,0,14.5,0,3,0.00008884151385506988,0.00007764845047308417
"page:clue scroll (medium) - speak to hazelmere","Clue scroll (medium) - Speak to Hazelmere","page","item","item","https://oldschool.runescape.wiki/w/Clue_scroll_(medium)_-_Speak_to_Hazelmere","2004-05-05","2024-07-10","true","false","false",0,11,0,14,0,2,0.00008884151385506988,0.00007764845047308417
"page:clue scroll (medium) - to the east of the ranging guild","Clue scroll (medium) - To the east of the Ranging guild","page","item","item","https://oldschool.runescape.wiki/w/Clue_scroll_(medium)_-_To_the_east_of_the_Ranging_guild","2004-05-05",,"true","false","false",0,10,0,13.5,0,2,0.00008884151385506988,0.00007764845047308417
"page:coal","Coal","page","item","item|monster","https://oldschool.runescape.wiki/w/Coal","2001-01-04",,"false","true","false",59,14,146,9.5,55,2,0.0008801717690747517,0.0012014511593603854
"page:coal rocks","coal rocks","page","scenery","scenery","https://oldschool.runescape.wiki/w/Coal_rocks","2001-01-04",,"false",,,9,12,27,15,9,3,0.00022199197443833598,0.00028134208917898
"page:coal truck","Coal Truck","page","scenery","scenery","https://oldschool.runescape.wiki/w/Coal_Truck","2002-07-23",,"true",,,3,8,3,11,3,2,0.00009980439526081951,0.00008922404278195522
"action:remove-coal","Remove-coal","action",,,,,,,,,1,0,2,0,0,0,0.00010426582948630335,0.00007764845047308417
"action:investigate","Investigate","action",,,,,,,,,17,0,33.5,0,0,0,0.00019095092146730354,0.00007764845047308417
"page:coal trucks","Coal Trucks","page","location","location","https://oldschool.runescape.wiki/w/Coal_Trucks","2002-07-23",,"true",,,27,13,77,16,27,7,0.00035630382607380136,0.0005087579124675636
"page:cocktail glass","Cocktail glass","page","item","item","https://oldschool.runescape.wiki/w/Cocktail_glass","2002-12-12",,"true","true","false",32,9,85,6.5,28,1,0.0002957768051197768,0.0003252927285938096
"page:cocktail guide","Cocktail guide","page","item","item","https://oldschool.runescape.wiki/w/Cocktail_guide","2002-12-12",,"true","true","false",89,15,95,19.5,89,4,0.00040731332966518466,0.0006078252548388286
"page:cocktail shaker","cocktail shaker","page","item","item","https://oldschool.runescape.wiki/w/Cocktail_shaker","2002-12-12",,"true","true","false",14,15,44,19.5,14,6,0.00018124223440166984,0.00019936653901017084
"action:mix-cocktail","Mix-cocktail","action",,,,,,,,,1,0,2,0,0,0,0.00010464211890546512,0.00007764845047308417
"page:cocoon","Cocoon","page","scenery","scenery","https://oldschool.runescape.wiki/w/Cocoon","2004-09-07",,"true",,,0,5,0,4,0,0,0.00008884151385506988,0.00007764845047308417
"page:cod","Cod","page","item","item","https://oldschool.runescape.wiki/w/Cod","2002-02-27",,"true","true","false",18,17,21,15.5,18,2,0.0006508284590880764,0.00104271990497703
"page:coffin (hazeel cult)","Coffin (Hazeel Cult)","page","scenery","scenery","https://oldschool.runescape.wiki/w/Coffin_(Hazeel_Cult)","2002-08-15",,"true",,,0,9,0,14,0,4,0.00008884151385506988,0.00007764845047308417
"page:coffin (priest in peril)","Coffin (Priest in Peril)","page","scenery","scenery","https://oldschool.runescape.wiki/w/Coffin_(Priest_in_Peril)","2004-06-29",,"true",,,3,8,9,9.5,3,2,0.00011149392184302845,0.00010543005432262513
"page:coffin (the restless ghost)","Coffin (The Restless Ghost)","page","scenery","scenery","https://oldschool.runescape.wiki/w/Coffin_(The_Restless_Ghost)","2001-01-04",,"false",,,2,13,5,16,2,0,0.00010986773739169044,0.0001128441373577505
"category:the restless ghost","The Restless Ghost","category",,,,,,,,,8,0,4,0,0,0,0.00012752968132560773,0.00007764845047308417
"page:coffin (vampyre slayer)","Coffin (Vampyre Slayer)","page","scenery","scenery","https://oldschool.runescape.wiki/w/Coffin_(Vampyre_Slayer)","2001-01-28",,"false",,,2,10,5,10.5,2,1,0.00019053233142952305,0.0003412716933264821
"page:coif","Coif","page","item","item","https://oldschool.runescape.wiki/w/Coif","2004-03-29",,"false","true","true",18,17,24,13.5,18,1,0.00015074144446609,0.0001892736737913504
"page:coins","Coins","page","item","item","https://oldschool.runescape.wiki/w/Coins","2001-01-04",,"false","true","false",640,13,1125,9,633,2,0.005244033312368322,0.008326112279408923
"category:economy","Economy","category",,,,,,,,,1,0,0.5,0,0,0,0.0003364764202716577,0.00007764845047308417
"page:coins (shilo village)","Coins (Shilo Village)","page","item","item","https://oldschool.runescape.wiki/w/Coins_(Shilo_Village)","2004-03-29",,"true","false","false",25,12,25,10.5,25,6,0.0001706375964557117,0.0001913639996871454
"page:colonel radick","Colonel Radick","page","monster","monster","https://oldschool.runescape.wiki/w/Colonel_Radick","2002-10-23",,"true",,,11,12,14,8.5,11,5,0.00014596727263608086,0.00015721774278620908
"page:column (mage arena)","Column (Mage Arena)","page","scenery","scenery","https://oldschool.runescape.wiki/w/Column_(Mage_Arena)","2004-03-29",,"true",,,4,9,4,7.5,4,3,0.00009544482901659261,0.000084095511112623
"page:combat training camp","Combat Training Camp","page","location","location|guide","https://oldschool.runescape.wiki/w/Combat_Training_Camp","2002-10-23",,"true",,,17,11,58,11,16,5,0.00022912539666318317,0.00024364166275207062
"category:arenas","Arenas","category",,,,,,,,,4,0,2,0,0,0,0.00012415707009020982,0.00007764845047308417
"page:combination","Combination","page","item","item","https://oldschool.runescape.wiki/w/Combination","2004-08-09",,"true","false","false",17,14,23,12.5,17,5,0.00015922696563448226,0.0001607304352294686
"page:commander montai","Commander Montai","page","npc","npc","https://oldschool.runescape.wiki/w/Commander_Montai","2002-07-23",,"true",,,15,12,15,16.5,15,4,0.0001671078246712337,0.00023608238726178339
"page:commence the fight! (duel arena)","Commence The Fight! (Duel Arena)","page","music","music","https://oldschool.runescape.wiki/w/Commence_The_Fight!_(Duel_Arena)","2004-03-25",,,,,0,8,0,5.5,0,3,0.00008884151385506988,0.00007764845047308417
"category:unused music","Unused music","category",,,,,,,,,1,0,0.5,0,0,0,0.00009570653992569676,0.00007764845047308417
"page:competition judge","Competition Judge","page","npc","npc","https://oldschool.runescape.wiki/w/Competition_Judge","2004-03-29",,"true",,,15,14,18,23,15,9,0.0001617574041241823,0.00016439734176306202
"page:compost (scenery)","Compost (scenery)","page","scenery","scenery","https://oldschool.runescape.wiki/w/Compost_(scenery)","2004-03-29",,"true",,,0,7,0,9,0,2,0.00008884151385506988,0.00007764845047308417
"page:compost heap","compost heap","page","scenery","scenery","https://oldschool.runescape.wiki/w/Compost_heap","2001-01-21",,"false",,,2,8,8,9.5,2,2,0.00010911885591671479,0.00009987730142026983
"category:ernest the chicken","Ernest the Chicken","category",,,,,,,,,14,0,7,0,0,0,0.00014112763168829798,0.00007764845047308417
"page:confuse","Confuse","page","spell","spell","https://oldschool.runescape.wiki/w/Confuse","2001-01-04",,"false",,,4,7,10,11,4,3,0.0002722314906034751,0.0005420344130186364
"page:contest","Contest","page","music","music","https://oldschool.runescape.wiki/w/Contest","2004-08-09",,"true",,,1,8,1,5.5,1,3,0.00009519395131242432,0.00008505001172299061
"page:cook (lumbridge)","Cook (Lumbridge)","page","npc","npc","https://oldschool.runescape.wiki/w/Cook_(Lumbridge)","2001-01-04",,"false",,,25,20,35,13,25,3,0.00037280515305651997,0.000697598802660572
"page:cook's assistant","Cook's Assistant","page","quest","quest","https://oldschool.runescape.wiki/w/Cook's_Assistant","2001-01-04",,"false",,,20,13,72,29,20,9,0.00048705842358877523,0.0010388383078288252
"page:cooked chicken","Cooked chicken","page","item","item","https://oldschool.runescape.wiki/w/Cooked_chicken","2004-03-29",,"false","true","false",31,18,67,20,27,4,0.0007327231828554272,0.001159839339602822
"category:meat","Meat","category",,,,,,,,,13,0,6.5,0,0,0,0.00013520397809664694,0.00007764845047308417
"page:cooked chompy","Cooked chompy","page","item","item|monster","https://oldschool.runescape.wiki/w/Cooked_chompy","2004-05-18",,"true","true","false",12,20,18,17.5,12,3,0.00015445939015876504,0.00017855153452327866
"page:cooked meat","Cooked meat","page","item","item|monster","https://oldschool.runescape.wiki/w/Cooked_meat","2001-01-04",,"false","true","false",39,23,84,23.5,35,6,0.0007672446803573074,0.0011829379557958895
"page:cooked oomlie wrap","cooked oomlie wrap","page","item","item","https://oldschool.runescape.wiki/w/Cooked_oomlie_wrap","2003-08-20",,"true","true","false",4,18,13,13.5,4,3,0.00011681540770822348,0.0001122628402520614
"page:cooking","Cooking","page","skill","skill","https://oldschool.runescape.wiki/w/Cooking","2001-01-04",,"false",,,355,7,1014,5.5,285,4,0.003363201027372017,0.00430063235973843
"page:cooking apple","Cooking apple","page","item","item|monster","https://oldschool.runescape.wiki/w/Cooking_apple","2001-03-17",,"false","true","false",8,19,16,16,7,4,0.00014938224414421606,0.0001607924397540171
"page:cooking gauntlets","Cooking gauntlets","page","item","item","https://oldschool.runescape.wiki/w/Cooking_gauntlets","2002-04-09",,"true","false","true",11,24,27,43.5,11,8,0.00013530301140067408,0.0001321787698100607
"category:falo items","Falo Items","category",,,,,,,,,2,0,1,0,0,0,0.00009126230518012953,0.00007764845047308417
"page:cooking level up!","Cooking Level Up!","page","music","music","https://oldschool.runescape.wiki/w/Cooking_Level_Up!","2004-03-29",,"false",,,0,8,0,5.5,0,3,0.00008884151385506988,0.00007764845047308417
"page:cooking level up! (unlocks)","Cooking Level Up! (Unlocks)","page","music","music","https://oldschool.runescape.wiki/w/Cooking_Level_Up!_(Unlocks)","2004-03-29",,"false",,,0,9,0,9.5,0,4,0.00008884151385506988,0.00007764845047308417
"page:cooking pot (fred's farm)","Cooking pot (Fred's farm)","page","scenery","scenery","https://oldschool.runescape.wiki/w/Cooking_pot_(Fred's_farm)","2001-01-04",,"false",,,0,7,0,9,0,2,0.00008884151385506988,0.00007764845047308417
"page:cooking pot (scenery)","Cooking pot (scenery)","page","scenery","scenery","https://oldschool.runescape.wiki/w/Cooking_pot_(scenery)","2001-01-04",,"false",,,2,12,5,14,2,7,0.00012510788776356945,0.00011533064336272378
"page:cooking pot (unobtainable item)","Cooking pot (unobtainable item)","page","item","item","https://oldschool.runescape.wiki/w/Cooking_pot_(unobtainable_item)","2004-03-29",,"false","false","false",3,9,3,9.5,3,1,0.00010618062162745992,0.00010451711961167391
"page:cooking range (lumbridge castle)","Cooking range (Lumbridge Castle)","page","scenery","scenery","https://oldschool.runescape.wiki/w/Cooking_range_(Lumbridge_Castle)","2001-01-04",,"false",,,13,16,49,24,13,9,0.0001804827623519714,0.00020813207819814195
"action:cook","Cook","action",,,,,,,,,24,0,37,0,0,0,0.00016513555366375504,0.00007764845047308417
"page:cooks' guild","Cooks' Guild","page","location","location","https://oldschool.runescape.wiki/w/Cooks'_Guild","2001-03-17",,"false",,,41,18,128,19.5,38,9,0.000582298523105148,0.0006636148298188912
"category:windmills","Windmills","category",,,,,,,,,4,0,2,0,0,0,0.00010477934299887195,0.00007764845047308417
"page:copper ore","Copper ore","page","item","item|monster","https://oldschool.runescape.wiki/w/Copper_ore","2001-01-04",,"false","true","false",32,15,45,13,32,2,0.00036626262797286046,0.00044997656320882603
"page:copper rocks","copper rocks","page","scenery","scenery","https://oldschool.runescape.wiki/w/Copper_rocks","2001-01-04",,"false",,,4,13,13,19.5,4,5,0.00010921604891415924,0.00009682683148388253
"page:cormorant","cormorant","page","npc","npc","https://oldschool.runescape.wiki/w/Cormorant","2004-03-29",,"false",,,2,8,5,5.5,2,0,0.00011244004097284979,0.00010764898822668805
"category:lake molch","Lake Molch","category",,,,,,,,,2,0,1,0,0,0,0.00009946195705332642,0.00007764845047308417
"page:cosmic altar","Cosmic Altar","page","scenery","scenery","https://oldschool.runescape.wiki/w/Cosmic_Altar","2004-03-29",,"true",,,11,8,39,6,10,1,0.00036873505052051065,0.0009464659773171743
"page:cosmic rune","Cosmic rune","page","item","item|monster","https://oldschool.runescape.wiki/w/Cosmic_rune","2001-05-24",,"false","true","false",76,17,146,14.5,68,3,0.00062725424054407,0.0011104193348187026
"page:cosmic talisman","Cosmic talisman","page","item","item|monster","https://oldschool.runescape.wiki/w/Cosmic_talisman","2004-03-29",,"true","true","false",8,16,17,25.5,8,5,0.00016405314165098895,0.00021313463537791117
"page:councillor halgrive","Councillor Halgrive","page","npc","npc","https://oldschool.runescape.wiki/w/Councillor_Halgrive","2002-08-15",,"true",,,50,11,60,8,50,2,0.00028073907762021896,0.00034976643260466574
"page:count draynor","Count Draynor","page","monster","monster","https://oldschool.runescape.wiki/w/Count_Draynor","2001-01-28",,"false",,,9,14,29,11.5,9,3,0.0003364783653979042,0.0004612542667655259
"category:vampyres","Vampyres","category",,,,,,,,,2,0,1,0,0,0,0.00010331839716169214,0.00007764845047308417
"page:counter","counter","page","scenery","scenery","https://oldschool.runescape.wiki/w/Counter","2001-01-04",,"false",,,2,10,5,9,2,5,0.00010457386526692315,0.0000941487462375663
"page:counter (gu'tanoth)","Counter (Gu'Tanoth)","page","scenery","scenery","https://oldschool.runescape.wiki/w/Counter_(Gu'Tanoth)","2003-05-07",,"true",,,5,9,8,7,5,2,0.00012236349660195935,0.00011892289673308092
"page:counter (the toad and chicken)","Counter (The Toad and Chicken)","page","scenery","scenery","https://oldschool.runescape.wiki/w/Counter_(The_Toad_and_Chicken)","2004-08-09",,"true",,,0,13,0,24,0,8,0.00008884151385506988,0.00007764845047308417
"page:cow","cow","page","monster","monster","https://oldschool.runescape.wiki/w/Cow","2001-01-04",,"false",,,12,17,41,16,12,3,0.0002531092890115471,0.0003016406013695882
"page:cowhide","cowhide","page","item","item|monster","https://oldschool.runescape.wiki/w/Cowhide","2001-06-23",,"false","true","false",14,17,45,29,12,8,0.00021227040476821086,0.00020065478972882648
"page:cracked jenny's tea cup","Cracked Jenny's Tea Cup","page","npc","npc","https://oldschool.runescape.wiki/w/Cracked_Jenny's_Tea_Cup","2004-07-27",,"true",,,26,14,26,19.5,26,8,0.00016316827352872598,0.00016185853008486627
"page:cracked sample","Cracked sample","page","item","item","https://oldschool.runescape.wiki/w/Cracked_sample","2003-07-09",,"true","false","false",2,10,2,8,2,3,0.00009270021375466309,0.00008204988016638427
"page:crafting","Crafting","page","skill","skill","https://oldschool.runescape.wiki/w/Crafting","2001-05-08",,"false",,,343,7,865,8,280,3,0.003018498131600803,0.004362944220773903
"page:crafting guild","Crafting Guild","page","location","location","https://oldschool.runescape.wiki/w/Crafting_Guild","2002-02-27",,"false",,,43,15,155,17,42,7,0.000604586098634971,0.0007610128725676115
"page:crafting guild mine","Crafting Guild mine","page","location","location","https://oldschool.runescape.wiki/w/Crafting_Guild_mine","2002-02-27",,"false",,,4,17,4,33,4,11,0.00009840303707665623,0.00008734922294588267
"page:crafting level up!","Crafting Level Up!","page","music","music","https://oldschool.runescape.wiki/w/Crafting_Level_Up!","2004-03-29",,"false",,,0,8,0,5.5,0,3,0.00008884151385506988,0.00007764845047308417
"page:crafting level up! (unlocks)","Crafting Level Up! (Unlocks)","page","music","music","https://oldschool.runescape.wiki/w/Crafting_Level_Up!_(Unlocks)","2004-03-29",,"false",,,0,9,0,9.5,0,4,0.00008884151385506988,0.00007764845047308417
"page:crandor","Crandor","page","location","location","https://oldschool.runescape.wiki/w/Crandor","2001-09-23",,"false",,,31,7,119,4.5,31,2,0.0006131969226637298,0.0007625437911424615
"page:crandor and karamja dungeon","Crandor and Karamja Dungeon","page","location","location","https://oldschool.runescape.wiki/w/Crandor_and_Karamja_Dungeon","2001-06-11",,"false",,,12,11,37,14.5,12,4,0.00019774558383534624,0.00019554441936185565
"category:crandor and karamja dungeon","Crandor and Karamja Dungeon","category",,,,,,,,,7,0,3.5,0,0,0,0.00012223053948583613,0.00007764845047308417
"page:crandor map","Crandor map","page","item","item","https://oldschool.runescape.wiki/w/Crandor_map","2001-09-23",,"false","false","false",28,11,40,13,28,3,0.00020649439296075881,0.0002252388375838682
"action:study","Study","action",,,,,,,,,5,0,10,0,0,0,0.00013362179142069417,0.00007764845047308417
"page:crane (sea slug)","Crane (Sea Slug)","page","scenery","scenery","https://oldschool.runescape.wiki/w/Crane_(Sea_Slug)","2002-09-09",,"true",,,1,11,1,12.5,1,5,0.00009166408746381146,0.0000804147613286235
"action:rotate","Rotate","action",,,,,,,,,1,0,2,0,0,0,0.00010130782975016248,0.00007764845047308417
"page:crashed glider","Crashed glider","page","scenery","scenery","https://oldschool.runescape.wiki/w/Crashed_glider","2002-12-12",,"true",,,0,5,0,4,0,0,0.00008884151385506988,0.00007764845047308417
"page:crate (biohazard)","crate (Biohazard)","page","scenery","scenery","https://oldschool.runescape.wiki/w/Crate_(Biohazard)","2002-10-23",,"true",,,3,11,12,16.5,3,5,0.00014643764274252215,0.0001469553737945219
"page:crate (dwarf cannon)","Crate (Dwarf Cannon)","page","scenery","scenery","https://oldschool.runescape.wiki/w/Crate_(Dwarf_Cannon)","2003-05-27",,"true",,,3,13,6,14.5,3,7,0.0001024148701477559,0.00015159402894625112
"page:crate (food store, banana)","Crate (Food Store, banana)","page","scenery","scenery","https://oldschool.runescape.wiki/w/Crate_(Food_Store%2C_banana)","2001-06-11",,"false",,,1,13,4,14,1,6,0.00009726175222275219,0.00008549676243599113
"page:crate (food store, cabbage)","Crate (Food Store, cabbage)","page","scenery","scenery","https://oldschool.runescape.wiki/w/Crate_(Food_Store%2C_cabbage)","2004-03-29",,"false",,,1,12,4,13.5,1,6,0.00009726175222275219,0.00008549676243599113
"page:crate (food store, potato)","Crate (Food Store, potato)","page","scenery","scenery","https://oldschool.runescape.wiki/w/Crate_(Food_Store%2C_potato)","2004-03-29",,"false",,,1,10,4,8.5,1,4,0.00009726175222275219,0.00008549676243599113
"page:crate (gertrude's cat)","crate (Gertrude's Cat)","page","npc","npc","https://oldschool.runescape.wiki/w/Crate_(Gertrude's_Cat)","2003-07-28",,"false",,,6,7,15,5.5,6,1,0.00014417090793043932,0.0001379941666047829
"page:crate (hazeel cult)","Crate (Hazeel Cult)","page","scenery","scenery","https://oldschool.runescape.wiki/w/Crate_(Hazeel_Cult)","2002-08-15",,"true",,,0,20,0,34.5,0,14,0.00008884151385506988,0.00007764845047308417
"page:crate (lumber yard)","Crate (Lumber Yard)","page","scenery","scenery","https://oldschool.runescape.wiki/w/Crate_(Lumber_Yard)","2003-07-28",,"false",,,0,11,0,15.5,0,5,0.00008884151385506988,0.00007764845047308417
"page:crate (merlin's crystal)","Crate (Merlin's Crystal)","page","scenery","scenery","https://oldschool.runescape.wiki/w/Crate_(Merlin's_Crystal)","2004-03-29",,"true",,,0,19,0,31.5,0,12,0.00008884151385506988,0.00007764845047308417
"action:hide-in","Hide-in","action",,,,,,,,,1,0,2,0,0,0,0.00009363613523772992,0.00007764845047308417
"page:crate (pirate's treasure)","Crate (Pirate's Treasure)","page","scenery","scenery","https://oldschool.runescape.wiki/w/Crate_(Pirate's_Treasure)","2001-06-11",,"false",,,0,12,0,17.5,0,5,0.00008884151385506988,0.00007764845047308417
"action:fill","Fill","action",,,,,,,,,7,0,12,0,0,0,0.00018141967621287318,0.00007764845047308417
"page:crate (shaman caves)","Crate (Shaman Caves)","page","scenery","scenery","https://oldschool.runescape.wiki/w/Crate_(Shaman_Caves)","2004-03-09",,"true",,,0,11,0,9.5,0,5,0.00008884151385506988,0.00007764845047308417
"page:crate (shop of distaste)","Crate (Shop of Distaste)","page","scenery","scenery","https://oldschool.runescape.wiki/w/Crate_(Shop_of_Distaste)","2004-03-29","2022-07-06","true",,,0,6,0,4.5,0,0,0.00008884151385506988,0.00007764845047308417
"action:buy","Buy","action",,,,,,,,,2,0,4,0,0,0,0.00013618278165224477,0.00007764845047308417
"page:crate (tribal totem)","Crate (Tribal Totem)","page","scenery","scenery","https://oldschool.runescape.wiki/w/Crate_(Tribal_Totem)","2002-04-30",,"true",,,0,17,0,25,0,10,0.00008884151385506988,0.00007764845047308417
"page:crate (underground pass)","Crate (Underground Pass)","page","scenery","scenery","https://oldschool.runescape.wiki/w/Crate_(Underground_Pass)","2003-03-03",,"true",,,0,5,0,4,0,0,0.00008884151385506988,0.00007764845047308417
"page:crates (food store, raw chicken)","Crates (Food Store, raw chicken)","page","scenery","scenery","https://oldschool.runescape.wiki/w/Crates_(Food_Store%2C_raw_chicken)","2004-03-29",,"false",,,1,10,4,8.5,1,4,0.00009726175222275219,0.00008549676243599113
"page:cream boots","Cream boots","page","item","item","https://oldschool.runescape.wiki/w/Cream_boots","2002-12-12",,"true","true","true",14,18,14,16,14,5,0.0001412463932989321,0.00018202097953440354
"page:cream hat","Cream hat","page","item","item","https://oldschool.runescape.wiki/w/Cream_hat","2002-12-12",,"true","true","true",16,18,16,16.5,16,6,0.0001458118432385991,0.000180834276560049
"page:cream robe bottoms","Cream robe bottoms","page","item","item","https://oldschool.runescape.wiki/w/Cream_robe_bottoms","2002-12-12",,"true","true","true",14,19,14,17.5,14,7,0.00013505283457761755,0.0001537381579012171
"page:cream robe top","Cream robe top","page","item","item","https://oldschool.runescape.wiki/w/Cream_robe_top","2002-12-12",,"true","true","true",15,21,15,19,15,8,0.00013786509184659384,0.00015875700604151848
"page:crest part","Crest part","page","item","item|monster","https://oldschool.runescape.wiki/w/Crest_part","2002-04-09",,"true","false","false",10,29,21,49.5,9,19,0.00011870083641483497,0.00010092562742576285
"page:crevice (shaman caves, exit)","Crevice (Shaman Caves, exit)","page","scenery","scenery","https://oldschool.runescape.wiki/w/Crevice_(Shaman_Caves%2C_exit)","2004-03-09",,"true",,,0,13,0,15.5,0,6,0.00008884151385506988,0.00007764845047308417
"page:criminal's dagger","Criminal's dagger","page","item","item","https://oldschool.runescape.wiki/w/Criminal's_dagger","2003-06-09",,"true","false","false",39,10,42,8,39,3,0.0003632793619884426,0.0005576296216655533
"page:criminal's thread","Criminal's thread","page","item","item","https://oldschool.runescape.wiki/w/Criminal's_thread","2003-06-09",,"true","false","false",0,12,0,9.5,0,4,0.00008884151385506988,0.00007764845047308417
"page:crone","Crone","page","npc","npc","https://oldschool.runescape.wiki/w/Crone","2002-07-23",,"true",,,22,9,22,7,22,2,0.00017528716935871628,0.0001818209081627307
"page:cross","Cross","page","scenery","scenery","https://oldschool.runescape.wiki/w/Cross","2002-08-15",,"true",,,0,5,0,4,0,0,0.00008884151385506988,0.00007764845047308417
"page:crossbow","crossbow","page","item","item","https://oldschool.runescape.wiki/w/Crossbow","2001-01-04",,"false","true","true",16,18,47,22,16,3,0.00022642353646071579,0.0002482601125466237
"category:crossbows","Crossbows","category",,,,,,,,,2,0,1,0,0,0,0.00009469665733379857,0.00007764845047308417
"combat_style:crossbow","Crossbow","combat_style",,,,,,,,,2,0,3,0,0,0,0.00010640694429125599,0.00007764845047308417
"page:crude raft","crude raft","page","scenery","scenery","https://oldschool.runescape.wiki/w/Crude_raft","2003-01-27",,"true",,,1,16,4,21.5,1,10,0.00009548022038490686,0.00008441780258158966
"action:disembark","Disembark","action",,,,,,,,,1,0,2,0,0,0,0.00009639111267621182,0.00007764845047308417
"page:crumble undead","Crumble Undead","page","spell","spell","https://oldschool.runescape.wiki/w/Crumble_Undead","2001-05-24",,"false",,,7,8,30,12,7,4,0.0002184487924773456,0.00025599153342314594
"page:crumbled wall","Crumbled wall","page","scenery","scenery","https://oldschool.runescape.wiki/w/Crumbled_wall","2002-07-23",,"true",,,0,5,0,4,0,0,0.00008884151385506988,0.00007764845047308417
"page:crumbling wall (barbarian outpost agility course)","Crumbling wall (Barbarian Outpost Agility Course)","page","scenery","scenery","https://oldschool.runescape.wiki/w/Crumbling_wall_(Barbarian_Outpost_Agility_Course)","2002-12-12",,"true",,,11,18,11,26,11,11,0.00012631073080096757,0.00012122273580853252
"page:crumbling wall (falador)","Crumbling wall (Falador)","page","scenery","scenery","https://oldschool.runescape.wiki/w/Crumbling_wall_(Falador)","2002-12-12",,"true",,,3,13,6,14,3,6,0.00011563953151583,0.00010976573586449301
"page:crumpled scroll","Crumpled scroll","page","item","item","https://oldschool.runescape.wiki/w/Crumpled_scroll","2003-01-27",,"true","false","false",31,20,40,24,31,10,0.00019797976230714315,0.0002160193006219225
"page:crunchy tray","crunchy tray","page","item","item","https://oldschool.runescape.wiki/w/Crunchy_tray","2004-03-29",,"true","true","false",9,13,27.5,10,7,4,0.00016665288756066758,0.00016557390909738512
"page:crushed gem","crushed gem","page","item","item","https://oldschool.runescape.wiki/w/Crushed_gem","2003-01-27",,"true","true","false",10,17,31,29,10,3,0.0001900183332613918,0.00025175651047998067
"category:gems","Gems","category",,,,,,,,,19,0,9.5,0,0,0,0.00012564248296142321,0.00007764845047308417
"page:cry","Cry","page","article","article","https://oldschool.runescape.wiki/w/Cry","2004-03-29",,"false",,,10,6,17,5.5,10,5,0.00023204632063423574,0.00023800903200337496
"page:crystal (watchtower)","Crystal (Watchtower)","page","item","item","https://oldschool.runescape.wiki/w/Crystal_(Watchtower)","2003-05-07",,"true","false","false",36,7,57,5,36,0,0.00036547182764711786,0.0005327163183277018
"page:crystal ball (sorcerer's tower)","Crystal ball (Sorcerer's Tower)","page","scenery","scenery","https://oldschool.runescape.wiki/w/Crystal_ball_(Sorcerer's_Tower)","2004-03-29",,"true",,,0,5,0,4,0,0,0.00008884151385506988,0.00007764845047308417
"page:crystal cave","Crystal Cave","page","music","music","https://oldschool.runescape.wiki/w/Crystal_Cave","2004-03-15",,"true",,,1,8,5,5.5,1,3,0.00010158665500506753,0.00009028852083857732
"page:crystal chest","crystal chest","page","scenery","scenery","https://oldschool.runescape.wiki/w/Crystal_chest","2002-02-27",,"true",,,10,16,49,16.5,10,7,0.00030421865205811365,0.000664959834784185
"page:crystal key","Crystal key","page","item","item|monster","https://oldschool.runescape.wiki/w/Crystal_key","2002-02-27",,"true","true","false",32,13,44,16,32,2,0.00028288992701104603,0.0006146849512457408
"category:crystal items","Crystal items","category",,,,,,,,,3,0,1.5,0,0,0,0.00009910812824741417,0.00007764845047308417
"page:crystal sword","Crystal Sword","page","music","music","https://oldschool.runescape.wiki/w/Crystal_Sword","2004-03-15",,"false",,,0,13,0,28.5,0,8,0.00008884151385506988,0.00007764845047308417
"page:cube part","Cube part","page","item","item","https://oldschool.runescape.wiki/w/Cube_part","2004-08-02","2006-01-30","false","false","false",0,7,0,5.5,0,1,0.00008884151385506988,0.00007764845047308417
"page:cup of tea","Cup of tea","page","item","item|monster","https://oldschool.runescape.wiki/w/Cup_of_tea","2002-07-23",,"true","true","false",40,18,59,16.5,40,3,0.00040880820396910396,0.0005780859626799629
"category:tea","Tea","category",,,,,,,,,2,0,1,0,0,0,0.00010218240675536214,0.00007764845047308417
"page:cupboard (edmond's house)","cupboard (Edmond's house)","page","scenery","scenery","https://oldschool.runescape.wiki/w/Cupboard_(Edmond's_house)","2002-08-27",,"true",,,1,18,4,23,1,7,0.00009725208293520022,0.00009028567352390046
"page:cupboard (hazeel cult)","Cupboard (Hazeel Cult)","page","scenery","scenery","https://oldschool.runescape.wiki/w/Cupboard_(Hazeel_Cult)","2002-08-15",,"true",,,0,23,0,38,0,12,0.00008884151385506988,0.00007764845047308417
"page:cupboard (heroes' quest)","cupboard (Heroes' Quest)","page","scenery","scenery","https://oldschool.runescape.wiki/w/Cupboard_(Heroes'_Quest)","2002-02-27",,"true",,,1,20,4,31.5,1,8,0.00009409475119607133,0.00008314854906124489
"page:cupboard (jerico's house)","Cupboard (Jerico's house)","page","scenery","scenery","https://oldschool.runescape.wiki/w/Cupboard_(Jerico's_house)","2002-10-23",,"true",,,0,17,0,29,0,6,0.00008884151385506988,0.00007764845047308417
"page:cupboard (legends' quest)","cupboard (Legends' Quest)","page","scenery","scenery","https://oldschool.runescape.wiki/w/Cupboard_(Legends'_Quest)","2004-03-09",,"true",,,1,15,4,17,1,4,0.00010217828059264552,0.00010100447566913697
"page:cupboard (morgan's home)","Cupboard (Morgan's home)","page","scenery","scenery","https://oldschool.runescape.wiki/w/Cupboard_(Morgan's_home)","2001-01-28",,"false",,,0,10,0,12.5,0,0,0.00008884151385506988,0.00007764845047308417
"page:cupboard (nurse sarah's house)","cupboard (Nurse Sarah's house)","page","scenery","scenery","https://oldschool.runescape.wiki/w/Cupboard_(Nurse_Sarah's_house)","2002-10-23",,"true",,,2,16,8,25,2,5,0.00011000735084890572,0.0001027320177337889
"page:cupboard (shield of arrav)","Cupboard (Shield of Arrav)","page","scenery","scenery","https://oldschool.runescape.wiki/w/Cupboard_(Shield_of_Arrav)","2001-01-04",,"false",,,0,21,0,33,0,10,0.00008884151385506988,0.00007764845047308417
"page:cupboard (the grand tree)","cupboard (The Grand Tree)","page","scenery","scenery","https://oldschool.runescape.wiki/w/Cupboard_(The_Grand_Tree)","2002-12-12",,"true",,,1,15,4,17,1,4,0.00010788600260949593,0.00010588742362791973
"page:cupboard (the knight's sword)","Cupboard (The Knight's Sword)","page","scenery","scenery","https://oldschool.runescape.wiki/w/Cupboard_(The_Knight's_Sword)","2001-04-06",,"false",,,2,14,5,16,2,3,0.00010967293723631395,0.00010307966615229971
"page:cupboard (witch's house)","Cupboard (witch's house)","page","scenery","scenery","https://oldschool.runescape.wiki/w/Cupboard_(witch's_house)","2002-02-27",,"true",,,5,13,11,15,5,2,0.00017174927780772126,0.0002184704560245693
"page:curator haig halen","Curator Haig Halen","page","npc","npc","https://oldschool.runescape.wiki/w/Curator_Haig_Halen","2001-01-04",,"false",,,37,17,52,16,37,3,0.00036795172876570397,0.00047198075518778594
"category:the golem","The Golem","category",,,,,,,,,2,0,1,0,0,0,0.0000999877410754381,0.00007764845047308417
"action:pickpocket","Pickpocket","action",,,,,,,,,3,0,5.5,0,0,0,0.00013592681531204398,0.00007764845047308417
"page:curling plant","Curling plant","page","scenery","scenery","https://oldschool.runescape.wiki/w/Curling_plant","2002-07-23",,"false",,,0,6,0,4.5,0,0,0.00008884151385506988,0.00007764845047308417
"page:curry","curry","page","item","item|monster","https://oldschool.runescape.wiki/w/Curry","2002-05-08",,"true","true","false",10,21,22,36,10,6,0.0001335477256241507,0.00013540505968476436
"page:curse","Curse","page","spell","spell","https://oldschool.runescape.wiki/w/Curse","2001-05-24",,"false",,,7,6,29,3.5,7,1,0.00036030247047520074,0.0006410440306565653
"page:cursed","Cursed","page","music","music","https://oldschool.runescape.wiki/w/Cursed","2004-05-18",,"true",,,1,9,5,6,1,3,0.00009963539294092764,0.00008821658261719374
"page:customs officer","Customs officer","page","npc","npc","https://oldschool.runescape.wiki/w/Customs_officer","2001-06-11",,"false",,,23,16,26,23,23,2,0.00015757152840718635,0.00015300589829370673
"action:port sarim","Port Sarim","action",,,,,,,,,2,0,3.5,0,0,0,0.00010922304850775883,0.00007764845047308417
"page:cyclops (ardougne zoo)","Cyclops (Ardougne Zoo)","page","monster","monster","https://oldschool.runescape.wiki/w/Cyclops_(Ardougne_Zoo)","2004-03-29",,"true",,,0,14,0,11.5,0,3,0.00008884151385506988,0.00007764845047308417
"page:da vinci","Da Vinci","page","npc","npc","https://oldschool.runescape.wiki/w/Da_Vinci","2002-10-23",,"false",,,31,17,43,26.5,31,7,0.00021444541819348717,0.00022297687064398405
"page:daconia rock","Daconia rock","page","item","item","https://oldschool.runescape.wiki/w/Daconia_rock","2002-12-12",,"true","false","false",18,12,21,9.5,18,4,0.00018219749874119295,0.00020724040570030346
"page:daconia rocks","Daconia rocks","page","scenery","scenery","https://oldschool.runescape.wiki/w/Daconia_rocks","2002-12-12",,"true",,,0,11,0,9.5,0,5,0.00008884151385506988,0.00007764845047308417
"page:dad","Dad","page","monster","monster","https://oldschool.runescape.wiki/w/Dad","2004-08-24",,"true",,,11,12,21,7,11,2,0.00020424458731439164,0.0002451930561557735
"page:dairy cow","Dairy cow","page","scenery","scenery","https://oldschool.runescape.wiki/w/Dairy_cow","2002-02-27",,"false",,,8,21,21,40,8,6,0.00013866659201998438,0.00013140849559185752
"action:milk","Milk","action",,,,,,,,,3,0,5,0,0,0,0.00010357483925721205,0.00007764845047308417
"action:steal-cowbell","Steal-cowbell","action",,,,,,,,,3,0,5,0,0,0,0.00010357483925721205,0.00007764845047308417
"page:daisies","Daisies","page","scenery","scenery","https://oldschool.runescape.wiki/w/Daisies","2004-03-29",,"false",,,0,8,0,7,0,3,0.00008884151385506988,0.00007764845047308417
"page:dal's general ogre supplies","Dal's General Ogre Supplies","page","shop","shop","https://oldschool.runescape.wiki/w/Dal's_General_Ogre_Supplies","2003-05-07",,"true",,,6,10,10,7.5,6,5,0.00012138084645952366,0.00011505705872562781
"page:dalal","Dalal","page","npc","npc","https://oldschool.runescape.wiki/w/Dalal","2004-03-25",,"false",,,12,7,15,6,12,2,0.00019425587232250674,0.0002360551887941924
"page:damaged armour","Damaged armour","page","item","item|monster","https://oldschool.runescape.wiki/w/Damaged_armour","2003-07-09",,"true","false","false",3,18,6,19.5,3,6,0.00011068591641705941,0.00010265642984807425
"page:damaged dagger","Damaged dagger","page","item","item","https://oldschool.runescape.wiki/w/Damaged_dagger","2003-05-07",,"true","false","false",1,8,1,6,1,1,0.00008947810984267998,0.00007823820363432856
"page:damaged earth","Damaged Earth","page","scenery","scenery","https://oldschool.runescape.wiki/w/Damaged_Earth","2003-08-20",,"true",,,0,11,0,9.5,0,5,0.00008884151385506988,0.00007764845047308417
"page:damp sticks","Damp sticks","page","item","item","https://oldschool.runescape.wiki/w/Damp_sticks","2002-09-09",,"true","false","false",11,13,16,13.5,10,5,0.00016806998014111185,0.0001787656205125767
"page:dance","Dance","page","article","article","https://oldschool.runescape.wiki/w/Dance","2004-03-29",,"false",,,10,7,16,6.5,10,6,0.00019861280066433274,0.0001984980250109978
"page:dancing donkey inn","Dancing Donkey Inn","page","shop","shop","https://oldschool.runescape.wiki/w/Dancing_Donkey_Inn","2002-10-23",,"false",,,4,19,20,39,4,13,0.00012233593246341334,0.00011180837303989742
"page:danger sign (death plateau)","Danger sign (Death Plateau)","page","scenery","scenery","https://oldschool.runescape.wiki/w/Danger_sign_(Death_Plateau)","2004-08-09",,"true",,,0,5,0,4,0,0,0.00008884151385506988,0.00007764845047308417
"page:danger sign (wilderness)","Danger sign (Wilderness)","page","scenery","scenery","https://oldschool.runescape.wiki/w/Danger_sign_(Wilderness)","2001-08-13",,"false",,,0,7,0,9,0,2,0.00008884151385506988,0.00007764845047308417
"page:dangerous","Dangerous","page","music","music","https://oldschool.runescape.wiki/w/Dangerous","2004-03-15",,"false",,,0,7,0,5,0,3,0.00008884151385506988,0.00007764845047308417
"page:dargaud's bow and arrows.","Dargaud's Bow and Arrows.","page","shop","shop","https://oldschool.runescape.wiki/w/Dargaud's_Bow_and_Arrows.","2004-01-21",,"true",,,2,13,2,21,2,9,0.0000961893788825415,0.0000861870650644945
"page:dark","Dark","page","music","music","https://oldschool.runescape.wiki/w/Dark","2004-03-15",,"false",,,0,9,0,9.5,0,4,0.00008884151385506988,0.00007764845047308417
"page:dark cavalier","Dark cavalier","page","item","item","https://oldschool.runescape.wiki/w/Dark_cavalier","2004-05-05",,"true","true","true",1,18,1,17.5,1,2,0.00009180289765024226,0.00008272546455446329
"page:dark dagger","Dark dagger","page","item","item","https://oldschool.runescape.wiki/w/Dark_dagger","2003-08-20",,"true","false","true",4,20,16,19,4,4,0.00015965142599392215,0.00020103629779333977
"page:dark mage","Dark Mage","page","npc","npc","https://oldschool.runescape.wiki/w/Dark_Mage","2003-03-03",,"true",,,8,18,18,18.5,8,7,0.00012906624449258845,0.00012989457442261361
"action:staves","Staves","action",,,,,,,,,2,0,3.5,0,0,0,0.00010959676128025278,0.00007764845047308417
"page:dark warrior","dark warrior","page","monster","monster","https://oldschool.runescape.wiki/w/Dark_warrior","2002-02-27",,"false",,,2,19,9,12,2,5,0.00014306443842622605,0.00013911155876421895
"page:dark warriors' fortress","Dark Warriors' Fortress","page","location","location","https://oldschool.runescape.wiki/w/Dark_Warriors'_Fortress","2002-02-27",,"false",,,11,18,17,22,11,12,0.0001559352079168749,0.00015265347088971236
"page:dark wizard","Dark wizard","page","monster","monster","https://oldschool.runescape.wiki/w/Dark_wizard","2001-01-04",,"false",,,17,14,46,8.5,17,3,0.00034281633557053796,0.00042624361496480085
"page:dark wizards' tower","Dark Wizards' Tower","page","location","location","https://oldschool.runescape.wiki/w/Dark_Wizards'_Tower","2002-02-27",,"true",,,8,15,23,31.5,8,8,0.00019056241993965062,0.00020781607378333067
"category:fairytale i - growing pains","Fairytale I - Growing Pains","category",,,,,,,,,6,0,3,0,0,0,0.00010730897789683973,0.00007764845047308417
"page:dark wizards' tower portal","Dark Wizards' Tower Portal","page","scenery","scenery","https://oldschool.runescape.wiki/w/Dark_Wizards'_Tower_Portal","2002-10-23",,"true",,,1,8,1,9.5,1,2,0.00009158752428332063,0.00008051806712777672
"category:wizards' guild","Wizards' Guild","category",,,,,,,,,9,0,4.5,0,0,0,0.00011126244014582316,0.00007764845047308417
"page:david (murder mystery)","David (Murder Mystery)","page","npc","npc","https://oldschool.runescape.wiki/w/David_(Murder_Mystery)","2003-06-09",,"true",,,40,11,46,9,40,4,0.0003462247282433777,0.00047263105623846034
"page:david's barrel","David's barrel","page","scenery","scenery","https://oldschool.runescape.wiki/w/David's_barrel","2003-06-09",,"true",,,0,11,0,9.5,0,5,0.00008884151385506988,0.00007764845047308417
"page:david's print","David's print","page","item","item","https://oldschool.runescape.wiki/w/David's_print","2003-06-09",,"true","false","false",1,13,4,14,1,6,0.00009738683463231121,0.0000865470584761699
"page:davon","Davon","page","npc","npc","https://oldschool.runescape.wiki/w/Davon","2002-02-27",,"true",,,12,21,19,27.5,12,14,0.00013611069522678987,0.0001245791597506354
"page:davon's amulet store.","Davon's Amulet Store.","page","shop","shop","https://oldschool.runescape.wiki/w/Davon's_Amulet_Store.","2002-02-27",,"true",,,0,21,0,33,0,17,0.00008884151385506988,0.00007764845047308417
"page:dead man's chest","Dead Man's Chest","page","shop","shop","https://oldschool.runescape.wiki/w/Dead_Man's_Chest","2002-02-27",,"true",,,5,31,18,54,5,25,0.00015928313956946975,0.00015844888320373763
"page:dead orb","dead orb","page","item","item","https://oldschool.runescape.wiki/w/Dead_orb","2004-04-06",,"false","false","false",1,9,4,6.5,1,1,0.00010024004770818621,0.00008964866557452572
"page:dead quiet","Dead Quiet","page","music","music","https://oldschool.runescape.wiki/w/Dead_Quiet","2004-07-13",,"true",,,2,7,8,5,2,3,0.00011481585404113805,0.00010249003862559098
"page:dead tree","dead tree","page","scenery","scenery","https://oldschool.runescape.wiki/w/Dead_tree","2002-07-23",,"false",,,14,10,45,11,14,3,0.0004669991989909132,0.0006131876903339409
"action:chop down","Chop down","action",,,,,,,,,15,0,30,0,0,0,0.0003701027502785126,0.00007764845047308417
"page:dead tree (snowy)","Dead tree (snowy)","page","scenery","scenery","https://oldschool.runescape.wiki/w/Dead_tree_(snowy)","2001-04-06",,"false",,,0,9,0,7,0,2,0.00008884151385506988,0.00007764845047308417
"page:dead tree (weathered)","Dead tree (weathered)","page","scenery","scenery","https://oldschool.runescape.wiki/w/Dead_tree_(weathered)","2002-03-25",,"false",,,3,9,10,7,3,2,0.00012858640163238342,0.00012164923917836986
"page:deadly red spider","deadly red spider","page","monster","monster","https://oldschool.runescape.wiki/w/Deadly_red_spider","2001-02-05",,"false",,,8,12,14,6.5,8,1,0.0001224285036151355,0.00011523535004779047
"page:death plateau","Death Plateau","page","quest","quest","https://oldschool.runescape.wiki/w/Death_Plateau","2004-08-09",,"true",,,43,15,171,41,42,11,0.0006029159232840636,0.0006980079560600834
"page:death plateau (location)","Death Plateau (location)","page","location","location","https://oldschool.runescape.wiki/w/Death_Plateau_(location)","2004-08-09",,"true",,,33,9,134,9.5,33,4,0.000490151047149303,0.0005202745357472494
"category:troll country","Troll Country","category",,,,,,,,,4,0,2,0,0,0,0.00012230327344887838,0.00007764845047308417
"page:death rune","Death rune","page","item","item|monster","https://oldschool.runescape.wiki/w/Death_rune","2001-05-24",,"false","true","false",26,17,39,18,26,4,0.00030093175310487045,0.000374696311326341
"page:death wing","Death wing","page","monster","monster|prayer","https://oldschool.runescape.wiki/w/Death_wing","2003-08-20",,"true",,,6,11,19,9.5,6,2,0.00020926698543694255,0.00023271291716213713
"page:deep wilderness dungeon","Deep Wilderness Dungeon","page","location","location","https://oldschool.runescape.wiki/w/Deep_Wilderness_Dungeon","2002-05-08",,"true",,,11,11,27,18,11,5,0.00020804078416884704,0.0003057424701902887
"page:deep wildy","Deep Wildy","page","music","music","https://oldschool.runescape.wiki/w/Deep_Wildy","2004-03-15",,"false",,,0,9,0,9.5,0,4,0.00008884151385506988,0.00007764845047308417
"page:defence","Defence","page","skill","skill","https://oldschool.runescape.wiki/w/Defence","2001-01-04",,"false",,,441,5,725,3.5,441,2,0.003257736419923053,0.005873240258976258
"category:defence","Defence","category",,,,,,,,,1,0,0.5,0,0,0,0.00048442379341678116,0.00007764845047308417
"page:defence level up!","Defence Level Up!","page","music","music","https://oldschool.runescape.wiki/w/Defence_Level_Up!","2004-03-29",,"false",,,0,8,0,5.5,0,3,0.00008884151385506988,0.00007764845047308417
"page:defence level up! (unlocks)","Defence Level Up! (Unlocks)","page","music","music","https://oldschool.runescape.wiki/w/Defence_Level_Up!_(Unlocks)","2004-03-29",,"false",,,0,9,0,9.5,0,4,0.00008884151385506988,0.00007764845047308417
"page:defence potion","defence potion","page","item","item|monster","https://oldschool.runescape.wiki/w/Defence_potion","2002-02-27",,"true","true","false",3,19,9,18,3,2,0.0001279530015692458,0.00013880034498853423
"page:delrith","Delrith","page","monster","npc|monster","https://oldschool.runescape.wiki/w/Delrith","2001",,,,,8,20,25,16,8,6,0.0001877050148358962,0.0001971925375470704
"page:demon slayer","Demon Slayer","page","quest","quest","https://oldschool.runescape.wiki/w/Demon_Slayer","2001-01-04",,"false",,,24,18,93,52,21,14,0.00034508160463817754,0.0003736858800348432
"page:demonic ruins","Demonic Ruins","page","location","location","https://oldschool.runescape.wiki/w/Demonic_Ruins","2001-08-13",,"false",,,11,18,21,25,11,12,0.00020803790140743256,0.00022035820094156935
"page:denulth","Denulth","page","npc","npc","https://oldschool.runescape.wiki/w/Denulth","2004-08-09",,"true",,,30,20,40,32,30,10,0.00022795380400211947,0.0002610831918699356
"page:desert boots","Desert boots","page","item","item","https://oldschool.runescape.wiki/w/Desert_boots","2003-04-14",,"true","true","true",6,14,13,12,6,1,0.00011738023801266862,0.00012850657739432595
"category:heat-resistant gear","Heat-resistant gear","category",,,,,,,,,8,0,4,0,0,0,0.00010881778572215613,0.00007764845047308417
"page:desert mining camp","Desert Mining Camp","page","location","location","https://oldschool.runescape.wiki/w/Desert_Mining_Camp","2003-04-14",,"true",,,39,16,162,22.5,39,9,0.0006830122300152318,0.0007692419433295175
"page:desert robe","Desert robe","page","item","item","https://oldschool.runescape.wiki/w/Desert_robe","2003-04-14",,"true","true","true",6,14,13,12.5,6,2,0.00011752910824880104,0.00012850657739432595
"page:desert shirt","Desert shirt","page","item","item","https://oldschool.runescape.wiki/w/Desert_shirt","2003-04-14",,"true","true","true",9,15,16,13,9,2,0.0001316297776571361,0.00015576240432059658
"page:desert voyage","Desert Voyage","page","music","music","https://oldschool.runescape.wiki/w/Desert_Voyage","2004-03-15",,"true",,,2,10,8,13.5,2,5,0.0001229644654184395,0.00011212179569513004
"page:desert wolf","Desert Wolf","page","monster","monster","https://oldschool.runescape.wiki/w/Desert_Wolf","2003-04-14",,"true",,,0,9,0,5.5,0,2,0.00008884151385506988,0.00007764845047308417
"page:deserted keep","Deserted Keep","page","location","location","https://oldschool.runescape.wiki/w/Deserted_Keep","2002-05-08",,"true",,,11,12,30,10,11,8,0.0001838504111711021,0.00018926219429115033
"page:desk (shaman caves)","Desk (Shaman Caves)","page","scenery","scenery","https://oldschool.runescape.wiki/w/Desk_(Shaman_Caves)","2004-03-09",,"true",,,1,11,4,9.5,1,5,0.0000962932754063133,0.00008566558257864006
"page:diamond","Diamond","page","item","item|monster","https://oldschool.runescape.wiki/w/Diamond","2001-01-23",,"false","true","false",38,22,99,26.5,35,7,0.00042507034618289533,0.0005754068936372774
"page:diamond amulet","Diamond amulet","page","item","item|monster","https://oldschool.runescape.wiki/w/Diamond_amulet","2001-05-08",,"false","true","true",6,30,13,47,6,9,0.00012064573551928549,0.00012579251026677507
"page:diamond amulet (u)","Diamond amulet (u)","page","item","item","https://oldschool.runescape.wiki/w/Diamond_amulet_(u)","2001-05-08",,"false","true","false",8,27,8,49.5,8,11,0.00012275942231656215,0.0001480086174762857
"page:diamond necklace","Diamond necklace","page","item","item","https://oldschool.runescape.wiki/w/Diamond_necklace","2001-05-08",,"false","true","true",7,26,7,34.5,7,6,0.00011524049334657782,0.00011260939953868708
"page:diamond ring","Diamond ring","page","item","item|monster","https://oldschool.runescape.wiki/w/Diamond_ring","2001-05-08",,"false","true","true",8,28,13,32.5,7,6,0.00012345562035234227,0.00012323474375578857
"page:diango","Diango","page","npc","npc","https://oldschool.runescape.wiki/w/Diango","2004-04-01",,"false",,,10,15,23,15,10,3,0.0002819421007594436,0.00040667368352775195
"category:2013 halloween event","2013 Halloween event","category",,,,,,,,,5,0,2.5,0,0,0,0.00010879129507545155,0.00007764845047308417
"category:2014 christmas event","2014 Christmas event","category",,,,,,,,,1,0,0.5,0,0,0,0.00009682987337658375,0.00007764845047308417
"category:2017 christmas event","2017 Christmas event","category",,,,,,,,,1,0,0.5,0,0,0,0.00009682987337658375,0.00007764845047308417
"action:holiday-items","Holiday-items","action",,,,,,,,,1,0,2,0,0,0,0.00012079495194112534,0.00007764845047308417
"action:redeem-code","Redeem-code","action",,,,,,,,,1,0,2,0,0,0,0.00012079495194112534,0.00007764845047308417
"page:diango's toy store","Diango's Toy Store","page","shop","shop","https://oldschool.runescape.wiki/w/Diango's_Toy_Store","2004-04-01",,"false",,,4,9,7,14,4,5,0.00013004529531491767,0.00014171642768323806
"page:diary (witch's house)","Diary (Witch's House)","page","item","item","https://oldschool.runescape.wiki/w/Diary_(Witch's_House)","2002-02-27",,"true","false","false",11,13,14,11,11,3,0.00014276785421627714,0.00014120883188429797
"page:digsite","Digsite","page","location","location","https://oldschool.runescape.wiki/w/Digsite","2003-07-09",,"true",,,65,13,255,13,61,7,0.0011158943233279556,0.0013670153856828883
"page:digsite dungeon","Digsite Dungeon","page","location","location","https://oldschool.runescape.wiki/w/Digsite_Dungeon","2003-07-09",,"true",,,9,12,33,15,9,6,0.00019416540020976414,0.0001876889957240287
"page:digsite workman","Digsite workman","page","npc","npc","https://oldschool.runescape.wiki/w/Digsite_workman","2003-07-09",,"true",,,36,17,51,21.5,36,6,0.00029713365031009537,0.00033876092394860796
"page:dimintheis","Dimintheis","page","npc","npc","https://oldschool.runescape.wiki/w/Dimintheis","2002-04-09",,"false",,,14,28,38,32,14,14,0.0001499184049048021,0.00014695935471902195
"page:disciple of iban","Disciple of Iban","page","monster","monster","https://oldschool.runescape.wiki/w/Disciple_of_Iban","2003-03-03",,"true",,,50,11,60,7.5,50,4,0.00042746184799433574,0.0007124874344407668
"page:disk of returning","Disk of returning","page","item","item","https://oldschool.runescape.wiki/w/Disk_of_returning","2001-07-12",,"false","true","false",4,19,7,39.5,4,7,0.00010929638817262617,0.00010802500868539305
"category:2013 goblin invasion","2013 Goblin Invasion","category",,,,,,,,,2,0,1,0,0,0,0.0000932434801350542,0.00007764845047308417
"action:activate","Activate","action",,,,,,,,,2,0,4,0,0,0,0.00011599689340903144,0.00007764845047308417
"action:blackout","Blackout","action",,,,,,,,,1,0,2,0,0,0,0.00009354540904225238,0.00007764845047308417
"page:distillator","Distillator","page","item","item","https://oldschool.runescape.wiki/w/Distillator","2002-10-23",,"true","false","false",25,14,49,22,25,7,0.0002154898465783826,0.00021679255380854578
"page:doctor orbon","Doctor Orbon","page","npc","npc","https://oldschool.runescape.wiki/w/Doctor_Orbon","2002-08-15",,"true",,,36,12,45,9.5,36,4,0.00023122432079751234,0.0002744410601723839
"page:dog","dog","page","npc","npc","https://oldschool.runescape.wiki/w/Dog","2004-06",,"false",,,2,10,9,11.5,2,4,0.00010650349835288207,0.00009468988497544529
"category:pettable npcs","Pettable NPCs","category",,,,,,,,,1,0,0.5,0,0,0,0.00009277751270724737,0.00007764845047308417
"action:pet","Pet","action",,,,,,,,,1,0,2,0,0,0,0.00010458550926377987,0.00007764845047308417
"page:doll of iban","Doll of iban","page","item","item","https://oldschool.runescape.wiki/w/Doll_of_iban","2003-03-03",,"true","false","false",11,12,48,13,11,2,0.00030533237420953734,0.00038458541788655203
"page:dolmen","Dolmen","page","scenery","scenery","https://oldschool.runescape.wiki/w/Dolmen","2002-07-23",,"true",,,0,7,0,6,0,2,0.00008884151385506988,0.00007764845047308417
"page:dommik","Dommik","page","npc","npc","https://oldschool.runescape.wiki/w/Dommik","2001-06-23",,"false",,,15,18,22,30,15,10,0.00016143795476612852,0.00015512408539780355
"page:dommik's crafting store.","Dommik's Crafting Store.","page","shop","shop","https://oldschool.runescape.wiki/w/Dommik's_Crafting_Store.","2001-06-23",,"false",,,3,13,12,28,3,9,0.00011416417893208878,0.00010469900206772604
"page:donny the lad","Donny the lad","page","monster","monster","https://oldschool.runescape.wiki/w/Donny_the_lad","2002-02-27",,"false",,,5,19,15,19,5,7,0.00012808914208886028,0.0001181583843398682
"page:donovan the family handyman","Donovan the Family Handyman","page","npc","npc","https://oldschool.runescape.wiki/w/Donovan_the_Family_Handyman","2003-06-09",,"true",,,35,13,35,10.5,35,5,0.000277687134684712,0.00035013911726656437
"page:doogle leaves","Doogle leaves","page","item","item","https://oldschool.runescape.wiki/w/Doogle_leaves","2003-07-28",,"true","true","false",13,15,25,24.5,12,5,0.00017064901534240794,0.00019172627060787657
"page:doomion","Doomion","page","monster","monster","https://oldschool.runescape.wiki/w/Doomion","2003-03-03",,"true",,,5,12,21,11,5,4,0.00014411425987907647,0.00013609709756533538
"page:door (ardougne castle)","Door (Ardougne Castle)","page","scenery","scenery","https://oldschool.runescape.wiki/w/Door_(Ardougne_Castle)","2002-04-30",,"true",,,0,14,0,26.5,0,7,0.00008884151385506988,0.00007764845047308417
"action:pick-lock","Pick-lock","action",,,,,,,,,7,0,14,0,0,0,0.00020074229798739185,0.00007764845047308417
"page:door (chaos druid tower)","Door (Chaos Druid Tower)","page","scenery","scenery","https://oldschool.runescape.wiki/w/Door_(Chaos_Druid_Tower)","2002-04-30",,"true",,,0,10,0,16.5,0,3,0.00008884151385506988,0.00007764845047308417
"page:door (magic axe hut)","Door (Magic axe hut)","page","scenery","scenery","https://oldschool.runescape.wiki/w/Door_(Magic_axe_hut)","2002-05-08",,"true",,,2,8,5,7,2,0,0.00009732637753786715,0.00008550573417045662
"page:door (mcgrubor's wood)","Door (McGrubor's Wood)","page","scenery","scenery","https://oldschool.runescape.wiki/w/Door_(McGrubor's_Wood)","2002-06-17",,"true",,,0,11,0,10,0,6,0.00008884151385506988,0.00007764845047308417
"page:door (nulodion)","Door (Nulodion)","page","scenery","scenery","https://oldschool.runescape.wiki/w/Door_(Nulodion)","2003-05-27",,"true",,,0,15,0,19.5,0,9,0.00008884151385506988,0.00007764845047308417
"page:door (pirates' hideout)","Door (Pirates' Hideout)","page","scenery","scenery","https://oldschool.runescape.wiki/w/Door_(Pirates'_Hideout)","2002-05-08",,"true",,,0,7,0,6.5,0,0,0.00008884151385506988,0.00007764845047308417
"page:door (ross' house)","Door (Ross' House)","page","scenery","scenery","https://oldschool.runescape.wiki/w/Door_(Ross'_House)","2002-04-30",,"true",,,0,8,0,7,0,0,0.00008884151385506988,0.00007764845047308417
"page:door (yanille dungeon)","Door (Yanille Dungeon)","page","scenery","scenery","https://oldschool.runescape.wiki/w/Door_(Yanille_Dungeon)","2002-12-12",,"true",,,0,8,0,7,0,0,0.00008884151385506988,0.00007764845047308417
"page:door key (witch's house)","Door key (Witch's House)","page","item","item","https://oldschool.runescape.wiki/w/Door_key_(Witch's_House)","2002-02-27",,"true","false","false",11,12,17,11.5,11,2,0.00013955868874124169,0.0001366908168425385
"category:grim tales","Grim Tales","category",,,,,,,,,3,0,1.5,0,0,0,0.00009622056376988777,0.00007764845047308417
"page:door man","Door man","page","npc","npc","https://oldschool.runescape.wiki/w/Door_man","2002-02-27","2006-02-27","true",,,0,7,0,5.5,0,1,0.00008884151385506988,0.00007764845047308417
"page:doorways","Doorways","page","music","music","https://oldschool.runescape.wiki/w/Doorways","2004-03-15",,"false",,,3,9,12,13,3,5,0.00013290690472725266,0.00012131994300796992
"page:doric","Doric","page","npc","npc","https://oldschool.runescape.wiki/w/Doric","2001-04-06",,"false",,,6,13,16,12.5,6,3,0.00014449183526650888,0.00013868057775552565
"category:doric's quest","Doric's Quest","category",,,,,,,,,3,0,1.5,0,0,0,0.00009776848298638442,0.00007764845047308417
"category:devious minds","Devious Minds","category",,,,,,,,,5,0,2.5,0,0,0,0.0001230635390246583,0.00007764845047308417
"page:doric's hut","Doric's hut","page","location","location","https://oldschool.runescape.wiki/w/Doric's_hut","2001-04-06",,"false",,,3,14,9,20.5,3,7,0.0001405640144209431,0.00014228276744873084
"page:doric's quest","Doric's Quest","page","quest","quest","https://oldschool.runescape.wiki/w/Doric's_Quest","2001-04-06",,"false",,,1,18,1,35,1,14,0.00009059768331499768,0.00007925823542571657
"page:dr harlow","Dr Harlow","page","npc","npc","https://oldschool.runescape.wiki/w/Dr_Harlow","2001-01-28","2021-11-03","false",,,6,13,12,20,6,4,0.00015682826174182819,0.00017502553207772393
"page:dragon battleaxe","dragon battleaxe","page","item","item|monster","https://oldschool.runescape.wiki/w/Dragon_battleaxe","2002-02-27",,"true","true","true",13,29,31,25.5,13,5,0.0001741186476890556,0.00017885311095939145
"category:orikalkum","Orikalkum","category",,,,,,,,,10,0,5,0,0,0,0.00011207339161510248,0.00007764845047308417
"category:weapons with special attacks","Weapons with Special attacks","category",,,,,,,,,10,0,5,0,0,0,0.00010860883206845486,0.00007764845047308417
"page:dragon bitter","Dragon bitter","page","item","item","https://oldschool.runescape.wiki/w/Dragon_bitter","2002-10-23",,"true","true","false",5,21,12,30.5,5,7,0.00011512179370709339,0.00010774430241667856
"page:dragon bones","dragon bones","page","item","item|monster|prayer","https://oldschool.runescape.wiki/w/Dragon_bones","2002-10-23",,"true","true","false",8,19,25,17.5,8,4,0.00017820895516269672,0.0002031103512352155
"page:dragon chainbody","dragon chainbody","page","item","item|monster","https://oldschool.runescape.wiki/w/Dragon_chainbody","2004-09-07",,"true","true","true",1,20,4,18,1,1,0.00012745995972086085,0.00015110582884755524
"page:dragon dagger","Dragon dagger","page","item","item|monster","https://oldschool.runescape.wiki/w/Dragon_dagger","2004-03-29",,"true","true","true",9,24,21,22,9,3,0.00014191049005976775,0.00015032402021535507
"page:dragon inn","Dragon Inn","page","shop","shop","https://oldschool.runescape.wiki/w/Dragon_Inn","2002-10-23",,"true",,,1,26,1,44,1,20,0.00009315667309946392,0.00008272546455446329
"page:dragon slayer i","Dragon Slayer I","page","quest","quest","https://oldschool.runescape.wiki/w/Dragon_Slayer_I","2001-09-23",,"false",,,87,25,367,86,85,19,0.0015159073455669142,0.0020457008199209347
"category:experienced quests","Experienced quests","category",,,,,,,,,5,0,2.5,0,0,0,0.00010064193992329078,0.00007764845047308417
"page:dragon longsword","dragon longsword","page","item","item|monster","https://oldschool.runescape.wiki/w/Dragon_longsword","2002-02-27",,"true","true","true",7,23,16,25,7,4,0.00013472519727504876,0.00012775804017729376
"page:dragon mace","Dragon mace","page","item","item|monster","https://oldschool.runescape.wiki/w/Dragon_mace","2004-03-29",,"true","true","true",11,24,23,22.5,11,4,0.00016548645461452035,0.000166770141737807
"page:dragon med helm","Dragon med helm","page","item","item|monster","https://oldschool.runescape.wiki/w/Dragon_med_helm","2002-09-24",,"true","true","true",5,19,5,18,5,2,0.00009990595098451326,0.00009458009348249974
"page:dragon necklace","Dragon necklace","page","item","item","https://oldschool.runescape.wiki/w/Dragon_necklace","2002-02-27",,"true","true","true",6,24,6,27,6,4,0.00012024299432237563,0.0001343398707126192
"page:dragon scale dust","Dragon scale dust","page","item","item","https://oldschool.runescape.wiki/w/Dragon_scale_dust","2002-02-27",,"true","true","false",7,17,18,24.5,6,6,0.00012967012433108977,0.00012994785214383216
"category:nightmare zone","Nightmare Zone","category",,,,,,,,,9,0,4.5,0,0,0,0.00014018693375361717,0.00007764845047308417
"page:dragon spear","Dragon spear","page","item","item|monster","https://oldschool.runescape.wiki/w/Dragon_spear","2004-03-29",,"true","true","true",2,27,2,23.5,2,3,0.00009358641033312265,0.00008341510087519902
"page:dragon sq shield","Dragon sq shield","page","item","item","https://oldschool.runescape.wiki/w/Dragon_sq_shield","2003-08-20",,"true","true","true",12,25,22,33.5,12,5,0.00018017297822275127,0.00021014153499867162
"page:dragonhide leather","Dragonhide Leather","page","scenery","scenery","https://oldschool.runescape.wiki/w/Dragonhide_Leather","2004-01-21",,"true",,,0,6,0,4.5,0,0,0.00008884151385506988,0.00007764845047308417
"page:dragonstone","Dragonstone","page","item","item|monster","https://oldschool.runescape.wiki/w/Dragonstone","2002-02-27",,"true","true","false",15,21,43,22.5,13,6,0.0002154822363332946,0.0002483345751952935
"page:dragonstone amulet","Dragonstone amulet","page","item","item","https://oldschool.runescape.wiki/w/Dragonstone_amulet","2002-02-27",,"true","true","true",5,31,8,51,5,10,0.0001100361634703517,0.00011050650072440473
"page:dragonstone amulet (u)","Dragonstone amulet (u)","page","item","item","https://oldschool.runescape.wiki/w/Dragonstone_amulet_(u)","2002-02-27",,"true","true","false",6,30,6,47.5,6,12,0.00011240908925867166,0.0001293801531551052
"page:dragonstone ring","Dragonstone ring","page","item","item|monster","https://oldschool.runescape.wiki/w/Dragonstone_ring","2002-02-27",,"true","true","true",6,28,11,35.5,5,6,0.00012012733777794283,0.00011989946814375104
"page:drain (demon slayer)","Drain (Demon Slayer)","page","scenery","scenery","https://oldschool.runescape.wiki/w/Drain_(Demon_Slayer)","2001-01-04",,"false",,,1,15,4,23.5,1,9,0.00009885209926955637,0.00008838898857129062
"page:dramen branch","Dramen branch","page","item","item","https://oldschool.runescape.wiki/w/Dramen_branch","2002-02-27",,"true","false","false",14,15,23,18.5,13,7,0.00017204515589110887,0.00019416836648522817
"page:dramen staff","Dramen staff","page","item","item","https://oldschool.runescape.wiki/w/Dramen_staff","2002-02-27",,"true","false","true",13,24,16,35.5,13,6,0.00014365097355421513,0.0001402006774692866
"page:dramen tree","Dramen tree","page","scenery","scenery","https://oldschool.runescape.wiki/w/Dramen_tree","2002-02-27",,"true",,,2,14,5,11.5,2,6,0.00009821159319572548,0.0000870771909099311
"page:drawers (white)","Drawers (white)","page","scenery","scenery","https://oldschool.runescape.wiki/w/Drawers_(white)","2004-03-29",,"true",,,0,11,0,13.5,0,1,0.00008884151385506988,0.00007764845047308417
"page:draynor bank","Draynor bank","page","location","location","https://oldschool.runescape.wiki/w/Draynor_bank","2001-08-18",,"false",,,7,10,10,10.5,7,5,0.00013550543941120177,0.0001406024094880163
"page:draynor farm","Draynor farm","page","location","location","https://oldschool.runescape.wiki/w/Draynor_farm","2001-01-28",,"false",,,8,8,14,10,6,4,0.00014252529725886824,0.0001231842527142498
"page:draynor jail","Draynor jail","page","location","location","https://oldschool.runescape.wiki/w/Draynor_jail","2001-02-28",,"false",,,4,11,17,7.5,4,4,0.0001555805694810268,0.00015476466951039764
"category:jails","Jails","category",,,,,,,,,2,0,1,0,0,0,0.00009974775003269417,0.00007764845047308417
"page:draynor manor","Draynor Manor","page","location","location","https://oldschool.runescape.wiki/w/Draynor_Manor","2001-01-04",,"false",,,62,12,210,14,58,4,0.0007984845124115112,0.0009147781036327726
"category:animal magnetism","Animal Magnetism","category",,,,,,,,,3,0,1.5,0,0,0,0.00011470582141011519,0.00007764845047308417
"page:draynor village","Draynor Village","page","location","location","https://oldschool.runescape.wiki/w/Draynor_Village","2001-01-28",,"false",,,73,11,262,12.5,72,6,0.0008299585566739313,0.000896016088379584
"page:dream (music track)","Dream (music track)","page","music","music","https://oldschool.runescape.wiki/w/Dream_(music_track)","2004-03-15",,"false",,,4,11,17,17.5,4,6,0.00023005197838475057,0.00023883253557065984
"page:drezel","Drezel","page","npc","npc","https://oldschool.runescape.wiki/w/Drezel","2004-06-29",,"true",,,47,13,108,8.5,47,1,0.0004954479519867866,0.0007690444208001689
"category:cipher npcs","Cipher NPCs","category",,,,,,,,,6,0,3,0,0,0,0.00012411079235609917,0.00007764845047308417
"category:darkness of hallowvale","Darkness of Hallowvale","category",,,,,,,,,2,0,1,0,0,0,0.0001183722843325418,0.00007764845047308417
"category:in aid of the myreque","In Aid of the Myreque","category",,,,,,,,,3,0,1.5,0,0,0,0.00011532375805041718,0.00007764845047308417
"category:the myreque","The Myreque","category",,,,,,,,,1,0,0.5,0,0,0,0.00011361391145439503,0.00007764845047308417
"page:drogo dwarf","Drogo dwarf","page","npc","npc","https://oldschool.runescape.wiki/w/Drogo_dwarf","2001-04-06",,"false",,,8,14,12,13,8,6,0.0002006374319795892,0.0002209441063806405
"page:drogo's mining emporium.","Drogo's Mining Emporium.","page","shop","shop","https://oldschool.runescape.wiki/w/Drogo's_Mining_Emporium.","2001-04-06",,"false",,,34,13,37,18,34,9,0.0002492786147485064,0.0002711809144835685
"page:druid","Druid","page","monster","monster","https://oldschool.runescape.wiki/w/Druid","2002-02-27",,"true",,,12,14,21,12.5,12,5,0.00017572545758555113,0.00027168901619108307
"page:druid pouch","Druid pouch","page","item","item","https://oldschool.runescape.wiki/w/Druid_pouch","2004-07-13",,"true","false","false",24,11,42,9.5,24,2,0.0003021507737873305,0.0003868918925010612
"page:druid's robe","Druid's robe","page","item","item|monster|prayer","https://oldschool.runescape.wiki/w/Druid's_robe","2002-02-27",,"true","true","true",0,15,0,15.5,0,1,0.00008884151385506988,0.00007764845047308417
"page:druid's robe top","Druid's robe top","page","item","item|monster|prayer","https://oldschool.runescape.wiki/w/Druid's_robe_top","2002-02-27",,"true","true","true",0,15,0,15.5,0,1,0.00008884151385506988,0.00007764845047308417
"page:druidic ritual","Druidic Ritual","page","quest","quest","https://oldschool.runescape.wiki/w/Druidic_Ritual","2002-02-27",,"true",,,23,9,89,7,23,5,0.00036923696467981617,0.0004208479496304807
"category:druidic ritual","Druidic Ritual","category",,,,,,,,,12,0,6,0,0,0,0.00012594941054104182,0.00007764845047308417
"page:druidic spell","Druidic spell","page","item","item","https://oldschool.runescape.wiki/w/Druidic_spell","2004-07-13",,"true","false","false",16,14,19,19,16,6,0.00020896952466019307,0.0002553001087438512
"action:cast","Cast","action",,,,,,,,,1,0,2,0,0,0,0.00010753878711410387,0.00007764845047308417
"page:drunk dragon","Drunk dragon","page","item","item","https://oldschool.runescape.wiki/w/Drunk_dragon","2002-12-12",,"true","true","false",82,22,94,25.5,82,6,0.00031609409486567125,0.0003912367848695929
"page:drunken dwarf","Drunken Dwarf","page","npc","npc","https://oldschool.runescape.wiki/w/Drunken_Dwarf","2004-04-06",,"false",,,11,18,14,23,11,5,0.00013041142803846216,0.00014632445117733348
"action:dismiss","Dismiss","action",,,,,,,,,10,0,18.5,0,0,0,0.00017371830991522478,0.00007764845047308417
"page:dry sticks","Dry sticks","page","item","item","https://oldschool.runescape.wiki/w/Dry_sticks","2002-09-09",,"true","false","false",8,17,8,26,8,7,0.000133226203770377,0.00013472191679380274
"action:rub-together","Rub-together","action",,,,,,,,,1,0,2,0,0,0,0.00009755245794775359,0.00007764845047308417
"page:dryad (unused)","Dryad (unused)","page","npc","npc","https://oldschool.runescape.wiki/w/Dryad_(unused)","2004-03-29",,,,,0,4,0,3.5,0,0,0.00008884151385506988,0.00007764845047308417
"page:duck","duck","page","monster","monster","https://oldschool.runescape.wiki/w/Duck","2004-03-29",,"false",,,5,12,19,10.5,5,3,0.00022456356636325127,0.0002371983079427601
"page:duckling","duckling","page","monster","monster","https://oldschool.runescape.wiki/w/Duckling","2004-03-29",,"false",,,2,10,5,13.5,2,3,0.00010425279687076289,0.00009199653374654688
"page:duel arena","Duel Arena","page","location","location|minigame","https://oldschool.runescape.wiki/w/Duel_Arena","2004-03-25","2022-07-06","false",,,4,15,11,17,4,5,0.0001281797839632034,0.0001404554204021895
"category:duel arena","Duel Arena","category",,,,,,,,,2,0,1,0,0,0,0.00009344443969076398,0.00007764845047308417
"category:player vs player combat","Player vs Player combat","category",,,,,,,,,1,0,0.5,0,0,0,0.00009204600845415481,0.00007764845047308417
"category:player vs player arenas","Player vs Player arenas","category",,,,,,,,,2,0,1,0,0,0,0.00010186527157634003,0.00007764845047308417
"page:duke horacio","Duke Horacio","page","npc","npc","https://oldschool.runescape.wiki/w/Duke_Horacio","2001-09-23",,"false",,,54,25,67,28.5,54,9,0.0003599010046495578,0.0005295951591228252
"category:rulers","Rulers","category",,,,,,,,,14,0,7,0,0,0,0.00013227154384967267,0.00007764845047308417
"category:monarchs and rulers","Monarchs and Rulers","category",,,,,,,,,13,0,6.5,0,0,0,0.00013156368216668204,0.00007764845047308417
"page:dummy","Dummy","page","scenery","scenery","https://oldschool.runescape.wiki/w/Dummy","2001-01-04",,"false",,,0,32,0,56,0,7,0.00008884151385506988,0.00007764845047308417
"action:attack","Attack","action",,,,,,,,,9,0,15,0,0,0,0.0001242719248303805,0.00007764845047308417
"action:hit","Hit","action",,,,,,,,,2,0,3.5,0,0,0,0.00009356121927862586,0.00007764845047308417
"page:dung","Dung","page","npc","npc","https://oldschool.runescape.wiki/w/Dung","2004-08-09",,"true",,,0,12,0,19,0,6,0.00008884151385506988,0.00007764845047308417
"page:dungeon rat","Dungeon rat","page","monster","monster","https://oldschool.runescape.wiki/w/Dungeon_rat","2002",,,,,4,15,7,13,4,5,0.00010643170816396643,0.00009593980399338428
"category:goblin cave","Goblin Cave","category",,,,,,,,,6,0,3,0,0,0,0.00011922907076097437,0.00007764845047308417
"page:dunjun","Dunjun","page","music","music","https://oldschool.runescape.wiki/w/Dunjun","2004-03-15",,"false",,,1,7,5,5,1,3,0.00010214177143507056,0.0000906148869309207
"page:dunstan","Dunstan","page","npc","npc","https://oldschool.runescape.wiki/w/Dunstan","2004-08-09",,"true",,,30,20,43.5,27,29,9,0.0002150947275513898,0.00023882946497163745
"category:desert treasure i","Desert Treasure I","category",,,,,,,,,6,0,3,0,0,0,0.00009957404625523814,0.00007764845047308417
"page:dusty key","dusty key","page","item","item","https://oldschool.runescape.wiki/w/Dusty_key","2002-02-27",,"true","false","false",13,13,37,23,13,6,0.00017010046378980752,0.00016695226387820715
"page:dwarf","dwarf","page","monster","monster","https://oldschool.runescape.wiki/w/Dwarf","2001-04-06",,"false",,,14,20,63,12,14,4,0.0003829494310957231,0.0004986162735991998
"page:dwarf (dwarven shopping store)","Dwarf (Dwarven shopping store)","page","npc","npc","https://oldschool.runescape.wiki/w/Dwarf_(Dwarven_shopping_store)","2001-04-06",,"false",,,7,15,14,18,7,7,0.00018344466605443256,0.00019051506928119996
"page:dwarf (mining guild)","Dwarf (Mining Guild)","page","npc","npc","https://oldschool.runescape.wiki/w/Dwarf_(Mining_Guild)","2001-08-13",,"false",,,2,11,5,12,2,2,0.00010225069084557301,0.00009259234622072665
"category:mining guild","Mining Guild","category",,,,,,,,,2,0,1,0,0,0,0.00009380381018823719,0.00007764845047308417
"page:dwarf brew","Dwarf brew","page","item","item","https://oldschool.runescape.wiki/w/Dwarf_brew","2003-03-03",,"true","false","false",46,15,52,25,46,8,0.0004146915339208597,0.0006600969845185335
"page:dwarf cannon","Dwarf Cannon","page","quest","quest","https://oldschool.runescape.wiki/w/Dwarf_Cannon","2003-05-27",,"true",,,16,20,75,38,16,16,0.00026788145437991497,0.0008181814652700893
"page:dwarf multicannon","Dwarf multicannon","page","scenery","scenery","https://oldschool.runescape.wiki/w/Dwarf_multicannon","2003-05-27",,"true",,,20,37,79,50.5,20,5,0.0006128008429130898,0.0012825230961101008
"action:pick-up","Pick-up","action",,,,,,,,,14,0,22.5,0,0,0,0.0002756795452417856,0.00007764845047308417
"action:load x","Load X","action",,,,,,,,,3,0,5,0,0,0,0.00014041386202088413,0.00007764845047308417
"page:dwarf remains","Dwarf remains","page","item","item","https://oldschool.runescape.wiki/w/Dwarf_remains","2003-05-27",,"true","false","false",6,19,6,30,6,12,0.0001001766743788573,0.00009013621837589248
"page:dwarf statue (falador)","Dwarf statue (Falador)","page","scenery","scenery","https://oldschool.runescape.wiki/w/Dwarf_statue_(Falador)","2004-03-29",,"false",,,0,5,0,4,0,0,0.00008884151385506988,0.00007764845047308417
"page:dwarf statue (underground pass)","Dwarf statue (Underground Pass)","page","scenery","scenery","https://oldschool.runescape.wiki/w/Dwarf_statue_(Underground_Pass)","2004-03-29",,"true",,,0,5,0,4,0,0,0.00008884151385506988,0.00007764845047308417
"page:dwarf theme","Dwarf Theme","page","music","music","https://oldschool.runescape.wiki/w/Dwarf_Theme","2004-03-15",,"false",,,0,8,0,9,0,4,0.00008884151385506988,0.00007764845047308417
"page:dwarf weed","Dwarf weed","page","item","item|monster","https://oldschool.runescape.wiki/w/Dwarf_weed","2002-02-27",,"true","true","false",7,13,18,8.5,6,1,0.00017224884147075105,0.00023050793500642268
"page:dwarf weed potion (unf)","Dwarf weed potion (unf)","page","item","item","https://oldschool.runescape.wiki/w/Dwarf_weed_potion_(unf)","2002-02-27",,"true","true","false",5,16,10,18,4,3,0.00010785390955311865,0.00009747898822454879
"page:dwarven mine","Dwarven Mine","page","location","location","https://oldschool.runescape.wiki/w/Dwarven_Mine","2001-04-06",,"false",,,15,18,63,24.5,15,11,0.0005442568138254179,0.0006679690489636917
"page:dwarven shopping store","Dwarven Shopping Store","page","shop","shop","https://oldschool.runescape.wiki/w/Dwarven_shopping_store","2001-04-06",,"false",,,34,16,34,27.5,34,11,0.00022323112312640903,0.0002311486866026874
"page:dwarven stout","dwarven stout","page","item","item|monster","https://oldschool.runescape.wiki/w/Dwarven_stout","2001-04-06",,"false","true","false",11,28,27,41,11,9,0.00013714371186397377,0.00013478267105996965
"category:mining boosting items","Mining boosting items","category",,,,,,,,,1,0,0.5,0,0,0,0.00009026312550244246,0.00007764845047308417
"category:smithing boosting items","Smithing boosting items","category",,,,,,,,,1,0,0.5,0,0,0,0.00009026312550244246,0.00007764845047308417
"page:dwellberries","Dwellberries","page","item","item|monster","https://oldschool.runescape.wiki/w/Dwellberries","2002-08-27",,"true","true","false",23,19,51,14,22,3,0.00024422587948067366,0.0002918070261020774
"page:eadburg","Eadburg","page","monster","monster","https://oldschool.runescape.wiki/w/Eadburg","2004-08-09",,"true",,,7,15,7,15,7,9,0.00011067336387421265,0.00010136298344686509
"page:eadgar","Eadgar","page","npc","npc","https://oldschool.runescape.wiki/w/Eadgar","2004-08-24",,"true",,,16,15,33,12,16,6,0.0002182728688105157,0.00025749046115363826
"page:earth altar","Earth Altar","page","location","location|scenery","https://oldschool.runescape.wiki/w/Earth_Altar","2004-03-29",,"false",,,8,9,26,7,7,2,0.00015882852908255396,0.00016535951655169667
"page:earth battlestaff","Earth battlestaff","page","item","item|monster","https://oldschool.runescape.wiki/w/Earth_battlestaff","2002-03-18",,"true","true","true",10,27,16,39.5,10,7,0.0001215423893159866,0.00012268326161743996
"page:earth blast","Earth Blast","page","spell","spell","https://oldschool.runescape.wiki/w/Earth_Blast","2001-05-24",,"false",,,11,6,11,4,11,2,0.00014926451660425132,0.00014499371451308685
"page:earth bolt","Earth Bolt","page","spell","spell","https://oldschool.runescape.wiki/w/Earth_Bolt","2001-05-24",,"false",,,17,7,17,5,17,3,0.00018296919480812488,0.00018275705433354854
"page:earth elemental","Earth elemental","page","monster","monster","https://oldschool.runescape.wiki/w/Earth_elemental","2004-06-02",,"true",,,9,15,22,10,9,5,0.00018187577655456868,0.00018775751898884228
"category:elemental workshop ii","Elemental Workshop II","category",,,,,,,,,5,0,2.5,0,0,0,0.00010793048347688901,0.00007764845047308417
"page:earth orb","Earth orb","page","item","item|monster","https://oldschool.runescape.wiki/w/Earth_orb","2002-03-18",,"true","true","false",8,24,14,43,8,12,0.00011882736974884944,0.0001159070011038725
"page:earth rune","Earth rune","page","item","item|monster","https://oldschool.runescape.wiki/w/Earth_rune","2001-01-04",,"false","true","false",112,20,177,23.5,103,6,0.0009437903751487727,0.0015872262810845662
"page:earth strike","Earth Strike","page","spell","spell","https://oldschool.runescape.wiki/w/Earth_Strike","2001-05-24",,"false",,,23,6,26,4,23,2,0.0002838836630394547,0.0003380531915019282
"page:earth talisman","Earth talisman","page","item","item|monster","https://oldschool.runescape.wiki/w/Earth_talisman","2004-03-29",,"false","true","false",9,15,9,21.5,9,4,0.0001333060036312034,0.0001403267363192616
"page:earth warrior","earth warrior","page","monster","monster","https://oldschool.runescape.wiki/w/Earth_warrior","2002-12-12",,"true",,,6,18,15,15,6,6,0.00012359507660076403,0.00011881938299575089
"page:earth wave","Earth Wave","page","spell","spell","https://oldschool.runescape.wiki/w/Earth_Wave","2002-03-18",,"true",,,5,7,5,5,5,3,0.00011130315204296447,0.0001019391872988105
"page:east ardougne","East Ardougne","page","location","location","https://oldschool.runescape.wiki/w/East_Ardougne","2002-04-30",,"true",,,122,13,473,23.5,117,4,0.0017517342816491556,0.0021343684796447113
"page:easter egg","Easter egg","page","item","item","https://oldschool.runescape.wiki/w/Easter_egg","2002-03-31",,"false","true","false",1,11,1,9,1,1,0.00009510557856192259,0.00008442774450660086
"page:edgeville","Edgeville","page","location","location","https://oldschool.runescape.wiki/w/Edgeville","2001-01-04",,"false",,,47,10,181,7,46,4,0.0008086959974307774,0.0010331752726243854
"category:edgeville","Edgeville","category",,,,,,,,,10,0,5,0,0,0,0.0001647030384350083,0.00007764845047308417
"page:edgeville bank","Edgeville bank","page","location","location","https://oldschool.runescape.wiki/w/Edgeville_bank","2001-08-13",,"false",,,8,8,8,12.5,8,3,0.00013450769662036422,0.0001340643858746626
"page:edgeville dungeon","Edgeville Dungeon","page","location","location","https://oldschool.runescape.wiki/w/Edgeville_Dungeon","2001-01-04",,,,,37,12,119,24.5,36,7,0.00045337724469105185,0.0004968906552345989
"page:edgeville dungeon mine","Edgeville Dungeon mine","page","location","location","https://oldschool.runescape.wiki/w/Edgeville_Dungeon_mine","2001-01-04",,"false",,,3,16,3,23,3,10,0.0000930396156597502,0.00008173911163565169
"page:edgeville general store","Edgeville General Store","page","shop","shop","https://oldschool.runescape.wiki/w/Edgeville_General_Store","2001-08-13",,"false",,,7,12,21,16.5,7,7,0.00014630819286911908,0.00014631337317325612
"page:edgeville mausoleum","Edgeville Mausoleum","page","location","location","https://oldschool.runescape.wiki/w/Edgeville_Mausoleum","2001-01-04",,"false",,,0,14,0,27,0,8,0.00008884151385506988,0.00007764845047308417
"category:catacombs and tombs","Catacombs and tombs","category",,,,,,,,,4,0,2,0,0,0,0.00009599086234102886,0.00007764845047308417
"page:edgeville monastery","Edgeville Monastery","page","item","item|location|prayer","https://oldschool.runescape.wiki/w/Edgeville_Monastery","2001-04-06",,"false",,,17,17,57,25.5,16,8,0.00027782149777056227,0.000405130777959109
"category:prayer boosting items","Prayer boosting items","category",,,,,,,,,2,0,1,0,0,0,0.00009464520530591304,0.00007764845047308417
"page:edible seaweed","edible seaweed","page","item","item|monster","https://oldschool.runescape.wiki/w/Edible_seaweed","2003-07-28",,"true","true","false",2,13,5,10.5,2,2,0.00009529581187018917,0.00008411915469444971
"page:edmond","Edmond","page","npc","npc","https://oldschool.runescape.wiki/w/Edmond","2002-08-27",,"true",,,45,22,67,29,45,13,0.00024984672145395974,0.0002652176318107213
"page:eerie statue","Eerie statue","page","scenery","scenery","https://oldschool.runescape.wiki/w/Eerie_statue","2004-04-15",,"true",,,0,5,0,4,0,0,0.00008884151385506988,0.00007764845047308417
"page:egg","Egg","page","item","item|monster","https://oldschool.runescape.wiki/w/Egg","2001-01-04",,"false","true","false",8,18,13,20.5,7,8,0.00012407555428335017,0.00011693256645488767
"page:egypt","Egypt","page","music","music","https://oldschool.runescape.wiki/w/Egypt","2004-03-15",,"false",,,1,9,4,13,1,5,0.00009747183234385796,0.0000856485938740452
"page:elemental metal","Elemental metal","page","item","item","https://oldschool.runescape.wiki/w/Elemental_metal","2004-06-02",,"true","false","false",17,15,35,19.5,16,4,0.00023078057881237206,0.0002528639289696022
"page:elemental ore","Elemental ore","page","item","item|monster","https://oldschool.runescape.wiki/w/Elemental_ore","2004-06-02",,"true","false","false",17,19,23,31.5,17,9,0.00019319240663183675,0.0001998155416096007
"page:elemental shield","elemental shield","page","item","item","https://oldschool.runescape.wiki/w/Elemental_shield","2004-06-02",,"true","true","true",12,26,15,33.5,12,5,0.00013879377664734627,0.00013477770229899916
"category:shields","Shields","category",,,,,,,,,2,0,1,0,0,0,0.00009142314875900946,0.00007764845047308417
"page:elemental workshop (location)","Elemental Workshop (location)","page","location","location","https://oldschool.runescape.wiki/w/Elemental_Workshop_(location)","2004-06-02",,"true",,,21,15,73,17.5,21,8,0.0002680781988316317,0.00026731177866823856
"page:elemental workshop i","Elemental Workshop I","page","quest","quest","https://oldschool.runescape.wiki/w/Elemental_Workshop_I","2004-06-02",,"true",,,22,21,83,37,22,17,0.00030317131201803335,0.00034210230604339207
"page:elena","Elena","page","npc","npc","https://oldschool.runescape.wiki/w/Elena","2002-08-27",,"true",,,75,36,137,55.5,75,14,0.00042906225667784827,0.00045855487971233083
"category:prifddinas","Prifddinas","category",,,,,,,,,3,0,1.5,0,0,0,0.00009435820379422118,0.00007764845047308417
"action:escape","Escape","action",,,,,,,,,2,0,3.5,0,0,0,0.00011184079698331084,0.00007764845047308417
"action:quick-escape","Quick-escape","action",,,,,,,,,2,0,3.5,0,0,0,0.00011184079698331084,0.00007764845047308417
"page:elizabeth","Elizabeth","page","npc","npc","https://oldschool.runescape.wiki/w/Elizabeth","2003-06-09",,"true",,,33,12,36,10.5,33,6,0.00027090899955626376,0.00032369685097026935
"page:elizabeth's barrel","Elizabeth's barrel","page","scenery","scenery","https://oldschool.runescape.wiki/w/Elizabeth's_barrel","2003-06-09",,"true",,,0,14,0,15.5,0,8,0.00008884151385506988,0.00007764845047308417
"page:elizabeth's print","Elizabeth's print","page","item","item","https://oldschool.runescape.wiki/w/Elizabeth's_print","2003-06-09",,"true","false","false",1,14,4,12,1,7,0.00009520069589944004,0.00008393427743098213
"page:elkoy","Elkoy","page","npc","npc","https://oldschool.runescape.wiki/w/Elkoy","2002-07-23",,"true",,,19,14,28,14.5,19,3,0.0002291190065233393,0.00025906345176535746
"action:follow","Follow","action",,,,,,,,,5,0,9,0,0,0,0.00017376123650104307,0.00007764845047308417
"page:elvarg","Elvarg","page","monster","monster","https://oldschool.runescape.wiki/w/Elvarg","2001-09-23",,"false",,,10,17,38,25,10,7,0.00021891004643964413,0.00023378812279820348
"page:emerald","Emerald","page","item","item|monster","https://oldschool.runescape.wiki/w/Emerald","2001-05-08",,"false","true","false",31,21,74,25.5,28,6,0.0002773781880353507,0.00031184224493078393
"page:emerald amulet","Emerald amulet","page","item","item","https://oldschool.runescape.wiki/w/Emerald_amulet","2001-05-08",,"false","true","true",7,33,10,52,7,11,0.00011454640033569427,0.00011846983304309076
"page:emerald amulet (u)","Emerald amulet (u)","page","item","item|monster","https://oldschool.runescape.wiki/w/Emerald_amulet_(u)","2001-05-08",,"false","true","false",6,30,6,47.5,6,12,0.00011240908925867166,0.0001293801531551052
"page:emerald necklace","Emerald necklace","page","item","item","https://oldschool.runescape.wiki/w/Emerald_necklace","2001-05-08",,"false","true","true",7,29,7,40,7,8,0.00010901657670395055,0.00010036243779562728
"page:emerald ring","Emerald ring","page","item","item|monster","https://oldschool.runescape.wiki/w/Emerald_ring","2001-05-08",,"false","true","true",11,28,16,32.5,10,6,0.00012888420201057353,0.0001298946266988986
"page:emotion","Emotion","page","music","music","https://oldschool.runescape.wiki/w/Emotion","2004-03-15",,"true",,,3,7,15,5,3,3,0.00016105712421904018,0.00016115266957797297
"page:emperor","Emperor","page","music","music","https://oldschool.runescape.wiki/w/Emperor","2004-03-19",,"false",,,1,8,5,9,1,4,0.00011455493966708091,0.00010591663071831104
"page:empty cup","Empty cup","page","item","item","https://oldschool.runescape.wiki/w/Empty_cup","2004-03-29",,"true","true","false",9,16,9,17.5,9,5,0.0001157464253754246,0.00011661088825900985
"page:empty oyster","Empty oyster","page","item","item|monster","https://oldschool.runescape.wiki/w/Empty_oyster","2002-09-09",,"true","true","false",5,12,8,11.5,5,2,0.00011234169866506078,0.000108552161480436
"category:pearl","Pearl","category",,,,,,,,,6,0,3,0,0,0,0.0000995249593347431,0.00007764845047308417
"page:enchanted bear","Enchanted bear","page","item","item","https://oldschool.runescape.wiki/w/Enchanted_bear","2002-02-27",,"true","false","false",6,16,6,24.5,6,6,0.00010583621243932014,0.00009849090386489394
"page:enchanted beef","Enchanted beef","page","item","item","https://oldschool.runescape.wiki/w/Enchanted_beef","2002-02-27",,"true","false","false",5,16,5,25,5,7,0.00010243868243245284,0.00009387897224988791
"page:enchanted chicken","Enchanted chicken","page","item","item","https://oldschool.runescape.wiki/w/Enchanted_chicken","2002-02-27",,"true","false","false",4,17,4,26,4,8,0.00009922722807973562,0.00008967434710472525
"page:enchanted rat","Enchanted rat","page","item","item","https://oldschool.runescape.wiki/w/Enchanted_rat","2002-02-27",,"true","false","false",3,18,3,27,3,9,0.0000961727110715559,0.00008581585661199106
"page:enchanted vial","Enchanted vial","page","item","item","https://oldschool.runescape.wiki/w/Enchanted_vial","2003-08-20",,"true","false","false",5,15,10,23.5,4,7,0.00011473741109597623,0.00010666508105190421
"page:enclave guard","Enclave guard","page","monster","monster","https://oldschool.runescape.wiki/w/Enclave_guard","2003-05-07",,"true",,,33,15,33,12.5,33,4,0.00023156973837045917,0.0002719342659481189
"page:energy potion","energy potion","page","item","item","https://oldschool.runescape.wiki/w/Energy_potion","2004-09-01",,"false","true","false",16,21,76,34.5,16,4,0.00030641042087676987,0.0003627292469629517
"page:enfeeble","Enfeeble","page","spell","spell","https://oldschool.runescape.wiki/w/Enfeeble","2002-10-23",,"true",,,2,8,8,9,2,4,0.00010491532364930506,0.00010080424646063713
"page:ent (random event)","Ent (random event)","page","npc","npc","https://oldschool.runescape.wiki/w/Ent_(random_event)","2004-03-29","2014-09-11","false",,,0,21,0,21.5,0,13,0.00008884151385506988,0.00007764845047308417
"page:entangle","Entangle","page","spell","spell","https://oldschool.runescape.wiki/w/Entangle","2004-03-29",,"true",,,1,8,4,9,1,4,0.00010845161607486129,0.00010081334250375841
"page:entrana","Entrana","page","location","location","https://oldschool.runescape.wiki/w/Entrana","2002-02-27",,"true",,,48,12,189,16.5,47,5,0.000883313130828464,0.0011188622103630278
"page:entrana church","Entrana church","page","location","location","https://oldschool.runescape.wiki/w/Entrana_church","2002-02-27",,"true",,,1,17,4,23.5,1,10,0.00009996001357260728,0.00009238563459785829
"page:entrana dungeon","Entrana Dungeon","page","location","location","https://oldschool.runescape.wiki/w/Entrana_Dungeon","2002-02-27",,"true",,,13,14,41,17.5,13,7,0.00019476786173639813,0.00018625921086133678
"page:entrana firebird","Entrana firebird","page","monster","monster","https://oldschool.runescape.wiki/w/Entrana_firebird","2002-02-27",,"true",,,3,14,10,12.5,3,5,0.00012959531414720622,0.00014740739322912012
"page:entrana homestead","Entrana homestead","page","location","location","https://oldschool.runescape.wiki/w/Entrana_homestead","2002-02-27",,"true",,,2,13,2,21.5,2,8,0.0000994586557186158,0.00008861230426770248
"page:eohric","Eohric","page","npc","npc","https://oldschool.runescape.wiki/w/Eohric","2004-08-09",,"true",,,16,18,19,23,16,11,0.00013564887777529363,0.00012646352617118672
"page:equa leaves","Equa leaves","page","item","item","https://oldschool.runescape.wiki/w/Equa_leaves","2002-12-12",,"true","true","false",53,17,144,18,47,7,0.0003435422674574835,0.00038805840524738376
"page:equa toad's legs","Equa toad's legs","page","item","item","https://oldschool.runescape.wiki/w/Equa_toad's_legs","2004-03-29","2006-08-07","true","false","false",0,17,0,18,0,7,0.00008884151385506988,0.00007764845047308417
"page:ernest","Ernest","page","npc","npc","https://oldschool.runescape.wiki/w/Ernest","2001-01-21",,"false",,,17,13,35,27.5,17,8,0.00021570843900763388,0.00021902963545419933
"page:ernest the chicken","Ernest the Chicken","page","quest","quest","https://oldschool.runescape.wiki/w/Ernest_the_Chicken","2001-01-21",,"false",,,24,12,94,24,24,8,0.00032413000144048646,0.00034085463571745706
"page:escape","Escape","page","music","music","https://oldschool.runescape.wiki/w/Escape","2004-04-20",,"true",,,1,7,5,5,1,3,0.00009674855281142037,0.00008532743428056841
"page:escaping slave","Escaping slave","page","npc","npc","https://oldschool.runescape.wiki/w/Escaping_slave","2003-04-14",,"true",,,22,13,25,15.5,22,7,0.00016237332833453816,0.00016519030556805893
"page:ethenea","ethenea","page","item","item","https://oldschool.runescape.wiki/w/Ethenea","2002-10-23",,"true","false","false",4,19,16,40,4,12,0.00010815297640701915,0.00009608921089801085
"page:evergreen tree","evergreen tree","page","scenery","scenery","https://oldschool.runescape.wiki/w/Evergreen_tree","2004-03-29",,"false",,,4,11,13,12,4,4,0.00016627425825552656,0.00019112995102613686
"page:exam centre","Exam Centre","page","location","location","https://oldschool.runescape.wiki/w/Exam_Centre","2003-07-09",,"true",,,17,15,62,23,17,9,0.0003370267451504509,0.00038314579921030405
"page:examiner","Examiner","page","npc","npc","https://oldschool.runescape.wiki/w/Examiner","2003-07-09",,"true",,,30,17,43,21.5,30,9,0.00020706043286995772,0.0002182065368173489
"page:excalibur","Excalibur","page","item","item","https://oldschool.runescape.wiki/w/Excalibur","2002-02-27",,"true","false","true",26,31,44,40.5,26,9,0.00021164402918037495,0.0002178486028816067
"category:construction","Construction","category",,,,,,,,,6,0,3,0,0,0,0.00010398785514853851,0.00007764845047308417
"category:quest hall","Quest Hall","category",,,,,,,,,2,0,1,0,0,0,0.00009242735016031192,0.00007764845047308417
"page:exit door","Exit door","page","scenery","scenery","https://oldschool.runescape.wiki/w/Exit_door","2001-09-23",,"false",,,0,5,0,4,0,0,0.00008884151385506988,0.00007764845047308417
"page:expanse","Expanse","page","music","music","https://oldschool.runescape.wiki/w/Expanse","2004-03-15",,"false",,,2,10,8,17,2,6,0.00011075575393934943,0.00009890212738461263
"page:expecting","Expecting","page","music","music","https://oldschool.runescape.wiki/w/Expecting","2004-03-15",,"true",,,1,9,5,9.5,1,4,0.00009963539294092764,0.00008821658261719374
"page:expedition","Expedition","page","music","music","https://oldschool.runescape.wiki/w/Expedition","2004-03-19",,"true",,,1,9,5,6.5,1,4,0.00010734328527772087,0.0000985519552946402
"page:exploding vial (animation item)","Exploding vial (animation item)","page","item","item","https://oldschool.runescape.wiki/w/Exploding_vial_(animation_item)","2004-03-29",,"false","false","false",3,8,3,5.5,3,0,0.0001218508475446707,0.00023000118144658797
"category:items used in animations","Items used in animations","category",,,,,,,,,4,0,2,0,0,0,0.00011476192801015614,0.00007764845047308417
"page:eye decoration","Eye decoration","page","scenery","scenery","https://oldschool.runescape.wiki/w/Eye_decoration","2004-03-29",,"false",,,0,7,0,9,0,2,0.00008884151385506988,0.00007764845047308417
"page:eye of newt","Eye of newt","page","item","item|monster","https://oldschool.runescape.wiki/w/Eye_of_newt","2001-04-06",,"false","true","false",21,13,42,12.5,20,3,0.00023482066402042364,0.00029721248323357575
"page:fadli","Fadli","page","npc","npc","https://oldschool.runescape.wiki/w/Fadli","2004-03-25",,"false",,,13,15,20,22,13,5,0.00017831541094571224,0.00019547596318365558
"page:faerie","Faerie","page","music","music","https://oldschool.runescape.wiki/w/Faerie","2004-03-15",,"true",,,3,8,11,9,3,4,0.0001144426788775605,0.00010248695377874805
"page:fairy","Fairy","page","npc","npc","https://oldschool.runescape.wiki/w/Fairy","2004-03-29",,"true",,,12,4,12,3.5,12,0,0.0001445761728405607,0.00015988594158942532
"page:fairy (zanaris market)","Fairy (Zanaris market)","page","npc","npc","https://oldschool.runescape.wiki/w/Fairy_(Zanaris_market)","2002-02-27",,"true",,,11,8,11,10,11,3,0.0001332499288852987,0.0001400460801566232
"page:fairy bank","Fairy bank","page","scenery","scenery","https://oldschool.runescape.wiki/w/Fairy_bank","2004-03-29",,"true",,,0,5,0,4,0,0,0.00008884151385506988,0.00007764845047308417
"page:fairy market stall","fairy market stall","page","scenery","scenery","https://oldschool.runescape.wiki/w/Fairy_market_stall","2002-02-27",,"true",,,2,10,8,11,2,3,0.00010992358476303618,0.00009755356917309436
"page:fairy queen","Fairy Queen","page","npc","npc","https://oldschool.runescape.wiki/w/Fairy_Queen","2002-07-23",,"true",,,12,13,12,11.5,12,1,0.00013826363174341134,0.00014968638580531841
"category:fairytale ii - cure a queen","Fairytale II - Cure a Queen","category",,,,,,,,,2,0,1,0,0,0,0.00009522577088233152,0.00007764845047308417
"page:fairy shop assistant","Fairy shop assistant","page","npc","npc","https://oldschool.runescape.wiki/w/Fairy_shop_assistant","2002-02-27",,"true",,,10,15,16,14.5,10,8,0.00014818243851229376,0.0001555943655729403
"page:fairy shop keeper","Fairy shop keeper","page","npc","npc","https://oldschool.runescape.wiki/w/Fairy_shop_keeper","2002-02-27",,"true",,,10,16,17,18.5,10,9,0.00013268182251638332,0.0001276710493158601
"page:falador","Falador","page","location","location","https://oldschool.runescape.wiki/w/Falador","2001-04-06",,"false",,,112,11,469,22,110,5,0.001673301345554285,0.002068025604482267
"page:falador east bank","Falador east bank","page","location","location","https://oldschool.runescape.wiki/w/Falador_east_bank","2001-12-08",,"false",,,6,9,9,17.5,6,4,0.00011703973419048238,0.00010632849284365119
"page:falador general store","Falador General Store","page","shop","shop","https://oldschool.runescape.wiki/w/Falador_General_Store","2001-04-06",,"false",,,25,14,42,15.5,25,9,0.00020202288482412038,0.00019387200525223597
"page:falador park","Falador Park","page","location","location","https://oldschool.runescape.wiki/w/Falador_Park","2001-04-06",,"false",,,9,7,29,12,9,3,0.0001538250833578299,0.0001465399803557493
"page:falador teleport","Falador Teleport","page","spell","spell","https://oldschool.runescape.wiki/w/Falador_Teleport","2001-05-24",,"false",,,9,10,33,10.5,9,5,0.00016856573972642911,0.0001643428992929539
"page:falador west bank","Falador west bank","page","location","location","https://oldschool.runescape.wiki/w/Falador_west_bank","2001-04-06",,"false",,,7,9,13,17.5,7,4,0.00012151471414763175,0.00011045356678477173
"page:fallen tree","Fallen tree","page","scenery","scenery","https://oldschool.runescape.wiki/w/Fallen_tree","2001-08-13",,"false",,,0,11,0,12,0,4,0.00008884151385506988,0.00007764845047308417
"page:family crest","Family Crest","page","quest","quest","https://oldschool.runescape.wiki/w/Family_Crest","2002-04-09",,"true",,,24,37,94,114.5,24,32,0.0002894229700968931,0.0003226108630916482
"page:family crest (item)","Family crest (item)","page","item","item","https://oldschool.runescape.wiki/w/Family_crest_(item)","2002-04-09",,"true","false","false",5,29,5,72,5,19,0.00009660363917636433,0.00008583173421833653
"page:fancy clothes store","Fancy Clothes Store","page","shop","shop","https://oldschool.runescape.wiki/w/Fancy_Clothes_Store","2002-10-23",,"true",,,3,12,12,14,3,8,0.00012079498655801452,0.00011533727755656262
"page:fanfare","Fanfare","page","music","music","https://oldschool.runescape.wiki/w/Fanfare","2004-03-15",,"false",,,2,13,5,24,2,7,0.00010141535107916543,0.00008974355099625804
"page:fanfare 2","Fanfare 2","page","music","music","https://oldschool.runescape.wiki/w/Fanfare_2","2004-03-15",,"true",,,0,9,0,6,0,3,0.00008884151385506988,0.00007764845047308417
"page:fanfare 3","Fanfare 3","page","music","music","https://oldschool.runescape.wiki/w/Fanfare_3","2004-03-15",,"true",,,1,7,5,5,1,3,0.0001153359813880542,0.00010585694565992431
"page:farmer","Farmer","page","monster","monster","https://oldschool.runescape.wiki/w/Farmer","2001-01-04",,"false",,,8,19,14,12.5,8,6,0.00019195105199106878,0.00029223450319246805
"category:allotment seed drop table monsters","Allotment seed drop table monsters","category",,,,,,,,,1,0,0.5,0,0,0,0.00009536784962276102,0.00007764845047308417
"page:farmer (misthalin)","Farmer (Misthalin)","page","npc","npc","https://oldschool.runescape.wiki/w/Farmer_(Misthalin)","2001-01-04",,"false",,,0,13,0,19,0,5,0.00008884151385506988,0.00007764845047308417
"page:farmer brumty","Farmer Brumty","page","npc","npc","https://oldschool.runescape.wiki/w/Farmer_Brumty","2002-08-15",,"true",,,26,19,29,24,26,12,0.00017326898933991974,0.00018074394902899474
"page:farmer's fork","Farmer's fork","page","item","item","https://oldschool.runescape.wiki/w/Farmer's_fork","2004-03-29",,"false","false","false",19,11,19,11.5,19,3,0.0002025875335441825,0.0002933745854301155
"page:fat tony","Fat Tony","page","npc","npc","https://oldschool.runescape.wiki/w/Fat_Tony","2002-02-27",,"false",,,5,15,12,21.5,5,8,0.00011326162976041637,0.00010353696600706505
"page:father aereck","Father Aereck","page","npc","npc","https://oldschool.runescape.wiki/w/Father_Aereck","2001-01-04",,"false",,,19,14,29,10,19,3,0.00022716041436994527,0.00040359991263846364
"page:father lawrence","Father Lawrence","page","npc","npc","https://oldschool.runescape.wiki/w/Father_Lawrence","2001-01-04",,"false",,,5,18,8,18,5,9,0.00012321406783661172,0.00012075854045179519
"page:father urhney","Father Urhney","page","npc","npc","https://oldschool.runescape.wiki/w/Father_Urhney","2001-01-04",,"false",,,15,11,47,8,15,2,0.00028177558349562053,0.0003901983261900101
"category:2018 halloween event","2018 Halloween event","category",,,,,,,,,2,0,1,0,0,0,0.00010837184478685254,0.00007764845047308417
"page:feather","feather","page","item","item|monster","https://oldschool.runescape.wiki/w/Feather","2001-06-11",,"false","true","false",56,22,125,18.5,52,6,0.0006631909157901762,0.0009719597572921033
"category:feathers","Feathers","category",,,,,,,,,4,0,2,0,0,0,0.00011007824936602204,0.00007764845047308417
"category:bird houses","Bird houses","category",,,,,,,,,1,0,0.5,0,0,0,0.00010407698083941052,0.00007764845047308417
"category:fishing","Fishing","category",,,,,,,,,31,0,15.5,0,0,0,0.00022051340591938142,0.00007764845047308417
"page:feldip hills","Feldip Hills","page","location","location","https://oldschool.runescape.wiki/w/Feldip_Hills","2003-05-07",,,,,40,9,157,12.5,38,4,0.0008292869224365163,0.001092402917580913
"category:feldip hills","Feldip Hills","category",,,,,,,,,1,0,0.5,0,0,0,0.00011703726921785066,0.00007764845047308417
"category:terrain","Terrain","category",,,,,,,,,10,0,5,0,0,0,0.00014256946643596358,0.00007764845047308417
"page:female slave","Female slave","page","npc","npc","https://oldschool.runescape.wiki/w/Female_slave","2004-03-29",,"true",,,22,16,25,21,22,9,0.000162225253878781,0.00016414544693663834
"page:femi","Femi","page","npc","npc","https://oldschool.runescape.wiki/w/Femi","2002-12-12",,"true",,,31,16,38,16,31,7,0.00026504663853078766,0.00030904801603589714
"page:fence (biohazard)","Fence (Biohazard)","page","scenery","scenery","https://oldschool.runescape.wiki/w/Fence_(Biohazard)","2004-03-29",,"true",,,0,15,0,23.5,0,9,0.00008884151385506988,0.00007764845047308417
"action:squeeze-through","Squeeze-through","action",,,,,,,,,7,0,14,0,0,0,0.00015379943646066653,0.00007764845047308417
"page:fern (scenery)","Fern (scenery)","page","scenery","scenery","https://oldschool.runescape.wiki/w/Fern_(scenery)","2001-01-04",,"false",,,0,15,0,17.5,0,3,0.00008884151385506988,0.00007764845047308417
"page:fernahei","Fernahei","page","npc","npc","https://oldschool.runescape.wiki/w/Fernahei","2003-01-27",,"true",,,11,11,18,13.5,11,4,0.00017405317616841077,0.00017725775634861183
"page:fernahei's fishing hut.","Fernahei's Fishing Hut.","page","shop","shop","https://oldschool.runescape.wiki/w/Fernahei's_Fishing_Hut.","2003-01-27",,"true",,,8,13,8,18,8,9,0.00011703967229563874,0.0001094506173539067
"page:fertile soil (scenery)","Fertile Soil (scenery)","page","scenery","scenery","https://oldschool.runescape.wiki/w/Fertile_Soil_(scenery)","2003-08-20",,"true",,,0,11,0,9.5,0,5,0.00008884151385506988,0.00007764845047308417
"page:fidelio","Fidelio","page","npc","npc","https://oldschool.runescape.wiki/w/Fidelio","2004-06-29",,"true",,,2,14,9,20,2,6,0.0001165818232833173,0.00010464893445132766
"page:fight arena","Fight Arena","page","quest","quest","https://oldschool.runescape.wiki/w/Fight_Arena","2002-07-23",,"true",,,42,14,169,47,42,10,0.000668892994841312,0.0007461814980622668
"page:fight arena (location)","Fight Arena (location)","page","location","location","https://oldschool.runescape.wiki/w/Fight_Arena_(location)","2002-07-23",,"true",,,43,12,170,18.5,43,7,0.0005578601676796669,0.0005789298565558068
"page:fight arena bar","Fight Arena Bar","page","shop","shop","https://oldschool.runescape.wiki/w/Fight_Arena_Bar","2002-07-23",,"true",,,2,13,9,30.5,2,8,0.00010648547146679881,0.0000956126635658275
"page:fight arena mine","Fight Arena mine","page","location","location","https://oldschool.runescape.wiki/w/Fight_Arena_mine","2002-07-23",,"true",,,1,17,1,20.5,1,12,0.00009105810067913997,0.00007978273811875964
"page:filled recess","Filled Recess","page","scenery","scenery","https://oldschool.runescape.wiki/w/Filled_Recess","2004-03-09",,"true",,,3,11,12,9.5,3,5,0.0001388176602631581,0.00014421585185656118
"page:filliman tarlock","Filliman Tarlock","page","npc","npc","https://oldschool.runescape.wiki/w/Filliman_Tarlock","2004-07-13",,"true",,,21,15,46,15,21,6,0.00027032621771812856,0.0003200681179436211
"category:a night at the theatre","A Night at the Theatre","category",,,,,,,,,1,0,0.5,0,0,0,0.00009650075669040428,0.00007764845047308417
"page:financial advisor","Financial Advisor","page","npc","npc","https://oldschool.runescape.wiki/w/Financial_Advisor","2004-03-29","2018-10-18","false",,,15,10,15,10,15,4,0.00016053141540729808,0.00018317219509322678
"page:fine fashions","Fine Fashions","page","shop","shop","https://oldschool.runescape.wiki/w/Fine_Fashions","2002-12-12",,"true",,,2,14,9,12,2,10,0.00010655372110011485,0.00009741107662136184
"page:fingernails","Fingernails","page","item","item","https://oldschool.runescape.wiki/w/Fingernails","2003-05-07",,"true","false","false",28,10,28,11,28,3,0.00019399904162934676,0.00021469978688394776
"page:fionella","Fionella","page","npc","npc","https://oldschool.runescape.wiki/w/Fionella","2003-08-20",,"true",,,10,11,17,10.5,10,4,0.00016298361162636962,0.00016453164666154513
"page:fire","fire","page","scenery","scenery","https://oldschool.runescape.wiki/w/Fire","2001-01-04",,"false",,,33,13,131.5,13,32,4,0.00034067538266806057,0.0003975081792446463
"category:incomplete without reason","Incomplete without reason","category",,,,,,,,,3,0,1.5,0,0,0,0.0001071941371225639,0.00007764845047308417
"page:fire (goblin settlement)","Fire (Goblin Settlement)","page","scenery","scenery","https://oldschool.runescape.wiki/w/Fire_(Goblin_Settlement)","2003-03-17",,"true",,,0,5,0,4,0,0,0.00008884151385506988,0.00007764845047308417
"page:fire altar","Fire Altar","page","location","location|scenery","https://oldschool.runescape.wiki/w/Fire_Altar","2004-03-29",,"false",,,8,12,30,14,7,5,0.00018474881731053862,0.00018688808433990135
"page:fire battlestaff","Fire battlestaff","page","item","item|monster","https://oldschool.runescape.wiki/w/Fire_battlestaff","2002-03-18",,"true","true","true",8,30,14,41.5,8,8,0.00012393976292655108,0.00012901791568917156
"page:fire blast","Fire Blast","page","spell","spell","https://oldschool.runescape.wiki/w/Fire_Blast","2001-05-24",,"false",,,9,7,12,5,9,3,0.00013597998854944146,0.00013393388112308637
"page:fire bolt","Fire Bolt","page","spell","spell","https://oldschool.runescape.wiki/w/Fire_Bolt","2001-05-24",,"false",,,13,7,13,5,13,3,0.0001448466543999018,0.0001365485902268932
"page:fire elemental","Fire elemental","page","monster","monster","https://oldschool.runescape.wiki/w/Fire_elemental","2004-06-02",,"true",,,8,19,14,23,8,9,0.00011478027855542021,0.00010340786631686747
"category:smoke dungeon","Smoke Dungeon","category",,,,,,,,,2,0,1,0,0,0,0.00009524863064634873,0.00007764845047308417
"page:fire feather","Fire feather","page","item","item|monster","https://oldschool.runescape.wiki/w/Fire_feather","2002-02-27",,"true","false","false",4,15,4,13.5,4,3,0.00009828216421949256,0.00008893630237777147
"page:fire giant","Fire Giant","page","monster","monster","https://oldschool.runescape.wiki/w/Fire_giant","2002-05-08",,"true",,,6,20,26,14.5,6,3,0.00014623426939037938,0.00018020663818917233
"category:waterfall dungeon","Waterfall Dungeon","category",,,,,,,,,5,0,2.5,0,0,0,0.0001011096345156377,0.00007764845047308417
"page:fire orb","Fire orb","page","item","item|monster","https://oldschool.runescape.wiki/w/Fire_orb","2002-03-18",,"true","true","false",11,26,17,42,11,14,0.00018669525512912243,0.0002210118470079434
"page:fire rune","Fire rune","page","item","item|monster","https://oldschool.runescape.wiki/w/Fire_rune","2001-01-04",,"false","true","false",82,17,136,14.5,70,3,0.000663055674907516,0.0007251398089230729
"page:fire strike","Fire Strike","page","spell","spell","https://oldschool.runescape.wiki/w/Fire_Strike","2001-05-24",,"false",,,22,7,41,5,22,3,0.00021771956610198363,0.00021213842796398403
"page:fire talisman","Fire talisman","page","item","item|monster","https://oldschool.runescape.wiki/w/Fire_talisman","2004-03-29",,"false","true","false",8,15,8,21.5,8,4,0.00012208911115161572,0.0001226761949320275
"page:fire wall","Fire wall","page","scenery","scenery","https://oldschool.runescape.wiki/w/Fire_Wall","2004-03-09",,"true",,,2,12,8,11.5,2,5,0.00010213823009051144,0.00009123565918258143
"action:touch","Touch","action",,,,,,,,,2,0,4,0,0,0,0.00010974907695164042,0.00007764845047308417
"page:fire warrior of lesarkus","Fire Warrior of Lesarkus","page","monster","monster","https://oldschool.runescape.wiki/w/Fire_Warrior_of_Lesarkus","2002-06-17",,"true",,,12,11,23,7.5,12,4,0.00015397331382038974,0.00016225920973054027
"page:fire wave","Fire Wave","page","spell","spell","https://oldschool.runescape.wiki/w/Fire_Wave","2002-03-18",,"true",,,5,7,5,5,5,3,0.00011130315204296447,0.0001019391872988105
"page:firemaking","Firemaking","page","skill","skill","https://oldschool.runescape.wiki/w/Firemaking","2001-01-04",,"false",,,30,5,78,6.5,29,2,0.00043095527448666637,0.0006004243194907401
"page:firemaking level up!","Firemaking Level Up!","page","music","music","https://oldschool.runescape.wiki/w/Firemaking_Level_Up!","2004-03-29",,"false",,,0,9,0,9.5,0,4,0.00008884151385506988,0.00007764845047308417
"page:firemaking level up! (unlocks)","Firemaking Level Up! (Unlocks)","page","music","music","https://oldschool.runescape.wiki/w/Firemaking_Level_Up!_(Unlocks)","2004-03-29",,"false",,,0,8,0,5.5,0,3,0.00008884151385506988,0.00007764845047308417
"page:firework","Firework","page","item","item","https://oldschool.runescape.wiki/w/Firework","2004-07-27",,"true","false","false",17,12,17,12.5,17,4,0.0001850684976743006,0.00025000548422610163
"page:fish food","Fish food","page","item","item","https://oldschool.runescape.wiki/w/Fish_food","2001-01-21",,"false","true","false",12,12,20,15,11,3,0.00012952202815188067,0.00011510571877567215
"category:pet fish","Pet Fish","category",,,,,,,,,4,0,2,0,0,0,0.00009640760652340423,0.00007764845047308417
"page:fisher realm","Fisher Realm","page","location","location","https://oldschool.runescape.wiki/w/Fisher_Realm","2002-07-23",,"true",,,27,15,96,30,27,9,0.0003988132328654778,0.00043752775080597463
"page:fisherman (fishing platform)","Fisherman (Fishing Platform)","page","npc","npc","https://oldschool.runescape.wiki/w/Fisherman_(Fishing_Platform)","2002-09-09",,"true",,,0,11,0,9.5,0,5,0.00008884151385506988,0.00007764845047308417
"page:fisherman (holy grail)","Fisherman (Holy Grail)","page","npc","npc","https://oldschool.runescape.wiki/w/Fisherman_(Holy_Grail)","2002-07-23",,"true",,,13,13,13,18.5,13,7,0.0001264231166991162,0.00012342535951215245
"page:fishing","fishing","page","skill","skill","https://oldschool.runescape.wiki/w/Fishing","2001-06-11",,"false",,,93,7,255,11,93,3,0.0012660822152671058,0.0017168004421156883
"page:fishing (music track)","Fishing (music track)","page","music","music","https://oldschool.runescape.wiki/w/Fishing_(music_track)","2004-03-15",,"true",,,1,12,4,28,1,8,0.00010002896374794332,0.00008820863976235273
"page:fishing bait","Fishing bait","page","item","item|monster","https://oldschool.runescape.wiki/w/Fishing_bait","2001-06-11",,"false","true","false",24,14,58,13,24,3,0.00028158879916517136,0.00033037671541915204
"page:fishing contest","Fishing Contest","page","quest","quest","https://oldschool.runescape.wiki/w/Fishing_Contest","2002-05-28",,"true",,,45,10,156,25,45,6,0.0006124359922851084,0.0007254492605010904
"page:fishing guild","Fishing Guild","page","location","location","https://oldschool.runescape.wiki/w/Fishing_Guild","2002-06-17",,"true",,,32,16,121,25,32,8,0.00045990542506709083,0.0004769421764120641
"category:fishing guild","Fishing Guild","category",,,,,,,,,4,0,2,0,0,0,0.00010065143827762536,0.00007764845047308417
"page:fishing guild bank","Fishing Guild bank","page","location","location","https://oldschool.runescape.wiki/w/Fishing_Guild_bank","2004-03-29",,"true",,,0,14,0,19,0,10,0.00008884151385506988,0.00007764845047308417
"page:fishing guild shop.","Fishing Guild Shop.","page","shop","shop","https://oldschool.runescape.wiki/w/Fishing_Guild_Shop.","2002-06-17",,"true",,,1,16,5,30,1,12,0.00009840041091543642,0.00008764862972428546
"page:fishing level up!","Fishing Level Up!","page","music","music","https://oldschool.runescape.wiki/w/Fishing_Level_Up!","2004-03-29",,"false",,,0,8,0,5.5,0,3,0.00008884151385506988,0.00007764845047308417
"page:fishing level up! (unlocks)","Fishing Level Up! (Unlocks)","page","music","music","https://oldschool.runescape.wiki/w/Fishing_Level_Up!_(Unlocks)","2004-03-29",,"false",,,0,9,0,9.5,0,4,0.00008884151385506988,0.00007764845047308417
"page:fishing pass","Fishing pass","page","item","item","https://oldschool.runescape.wiki/w/Fishing_pass","2002-05-28",,"true","false","false",11,15,14,23,11,8,0.0001294166334390747,0.00012507154356778292
"page:fishing platform","Fishing Platform","page","location","location","https://oldschool.runescape.wiki/w/Fishing_Platform","2002-09-09",,"true",,,8,12,31,10,7,8,0.00019243003360966691,0.00019216490844424337
"page:fishing potion","fishing potion","page","item","item|monster","https://oldschool.runescape.wiki/w/Fishing_potion","2002-02-27",,"true","true","false",2,21,8,25,2,3,0.00013009606716936163,0.00014900299168786138
"category:fishing boosting items","Fishing boosting items","category",,,,,,,,,1,0,0.5,0,0,0,0.00009105314699694829,0.00007764845047308417
"page:fishing rod","Fishing rod","page","item","item|monster","https://oldschool.runescape.wiki/w/Fishing_rod","2001-06-11",,"false","true","false",27,17,64,22,26,6,0.0002669437887924912,0.0002981661090516401
"page:fishing spot (big net, harpoon)","Fishing spot (big net, harpoon)","page","npc","npc","https://oldschool.runescape.wiki/w/Fishing_spot_(big_net%2C_harpoon)","2002-02-27",,"true",,,5,10,20,13,5,4,0.00014022546470331655,0.00013734363565321345
"action:big net/net","Big Net/Net","action",,,,,,,,,1,0,2,0,0,0,0.00010717869000859208,0.00007764845047308417
"action:harpoon","Harpoon","action",,,,,,,,,6,0,10.5,0,0,0,0.0001504721155632986,0.00007764845047308417
"page:fishing spot (cage, harpoon)","Fishing spot (cage, harpoon)","page","npc","npc","https://oldschool.runescape.wiki/w/Fishing_spot_(cage%2C_harpoon)","2001-06-11",,"false",,,4,7,16,7,4,1,0.00014048864565016167,0.00014039253755836336
"action:cage","Cage","action",,,,,,,,,3,0,5.5,0,0,0,0.00012790043734752052,0.00007764845047308417
"page:fishing spot (hemenster)","Fishing spot (Hemenster)","page","npc","npc","https://oldschool.runescape.wiki/w/Fishing_spot_(Hemenster)","2002-05-28",,"true",,,3,10,3,15.5,3,4,0.00010452637249179734,0.00010520305888032301
"action:bait","Bait","action",,,,,,,,,7,0,13,0,0,0,0.00014689646480183866,0.00007764845047308417
"page:fishing spot (lava eel)","Fishing spot (lava eel)","page","npc","npc","https://oldschool.runescape.wiki/w/Fishing_spot_(lava_eel)","2002-02-27",,"true",,,1,8,1,7,1,3,0.00009120136656684788,0.00008018695751377372
"page:fishing spot (small net, bait)","Fishing spot (small net, bait)","page","npc","npc","https://oldschool.runescape.wiki/w/Fishing_spot_(small_net%2C_bait)","2001-06-11",,"false",,,2,10,5,13,2,4,0.00009684736931652231,0.00008592619082315882
"action:small net/net","Small net/Net","action",,,,,,,,,1,0,2,0,0,0,0.00010150616984263186,0.00007764845047308417
"page:fishing spot (tutorial island)","Fishing spot (Tutorial Island)","page","npc","npc","https://oldschool.runescape.wiki/w/Fishing_spot_(Tutorial_Island)","2002-09-24",,"false",,,15,11,18,9.5,15,5,0.00015858737062088567,0.0001689658670111624
"action:fish","Fish","action",,,,,,,,,1,0,2,0,0,0,0.00011722030649252229,0.00007764845047308417
"page:fishing trawler","Fishing Trawler","page","minigame","minigame","https://oldschool.runescape.wiki/w/Fishing_Trawler","2003-07-28",,"true",,,26,15,108,22.5,26,10,0.0004617642164790243,0.0004773917185747735
"category:port khazard","Port Khazard","category",,,,,,,,,6,0,3,0,0,0,0.0001088541588300424,0.00007764845047308417
"page:fishing trophy","Fishing trophy","page","item","item","https://oldschool.runescape.wiki/w/Fishing_trophy","2002-05-28",,"true","false","false",11,15,17,27,11,8,0.00012894973286757438,0.0001248614380138175
"page:fissure","fissure","page","scenery","scenery","https://oldschool.runescape.wiki/w/Fissure","2003-01-27",,"true",,,1,22,4,26.5,1,13,0.00010289086953449233,0.00009524876595519844
"page:flagpole","Flagpole","page","scenery","scenery","https://oldschool.runescape.wiki/w/Flagpole","2004-03-29",,"true",,,0,12,0,20.5,0,4,0.00008884151385506988,0.00007764845047308417
"page:flames of zamorak","Flames of Zamorak","page","spell","spell","https://oldschool.runescape.wiki/w/Flames_of_Zamorak","2003-09-22",,"true",,,11,13,20,15.5,11,6,0.00014577764301205857,0.00015181030408325283
"page:flat rock","Flat rock","page","scenery","scenery","https://oldschool.runescape.wiki/w/Flat_rock","2003-03-03",,"true",,,0,8,0,6.5,0,2,0.00008884151385506988,0.00007764845047308417
"page:flat rock (trap)","Flat rock (trap)","page","scenery","scenery","https://oldschool.runescape.wiki/w/Flat_rock_(trap)","2003-03-03",,"true",,,0,8,0,6.5,0,2,0.00008884151385506988,0.00007764845047308417
"page:flax","flax","page","item","item|monster","https://oldschool.runescape.wiki/w/Flax","2002-03-25",,"true","true","false",5,19,19,20.5,5,7,0.000249177543417889,0.00031901233012405816
"page:flax (plant)","Flax (plant)","page","scenery","scenery","https://oldschool.runescape.wiki/w/Flax_(plant)","2002-03-25",,"true",,,5,9,5,11,5,4,0.00010803187742836886,0.00009976689930284754
"page:fletching","Fletching","page","skill","skill","https://oldschool.runescape.wiki/w/Fletching","2002-03-25",,"true",,,181,10,480,11.5,147,7,0.001435888211867554,0.001977351906659083
"page:fletching level up!","Fletching Level Up!","page","music","music","https://oldschool.runescape.wiki/w/Fletching_Level_Up!","2004-03-29",,"true",,,0,8,0,5.5,0,3,0.00008884151385506988,0.00007764845047308417
"page:fletching level up! (unlocks)","Fletching Level Up! (Unlocks)","page","music","music","https://oldschool.runescape.wiki/w/Fletching_Level_Up!_(Unlocks)","2004-03-29",,"true",,,0,8,0,5.5,0,3,0.00008884151385506988,0.00007764845047308417
"page:flighted ogre arrow","Flighted ogre arrow","page","item","item","https://oldschool.runescape.wiki/w/Flighted_ogre_arrow","2004-05-18",,"true","true","false",19,20,33,33,18,7,0.00016064414613053897,0.0001712152444876053
"page:floor spikes (brimhaven agility arena)","Floor spikes (Brimhaven Agility Arena)","page","scenery","scenery","https://oldschool.runescape.wiki/w/Floor_spikes_(Brimhaven_Agility_Arena)","2004-07-27",,"true",,,2,17,2,28,2,8,0.00009396997948048764,0.00008305289517354211
"page:flour (unobtainable item)","Flour (unobtainable item)","page","item","item","https://oldschool.runescape.wiki/w/Flour_(unobtainable_item)","2001-01-04","2006-06-06","false","false","false",0,12,0,13,0,5,0.00008884151385506988,0.00007764845047308417
"page:flower (original scenery)","Flower (original scenery)","page","scenery","scenery","https://oldschool.runescape.wiki/w/Flower_(original_scenery)","2004-01-01",,"false",,,0,5,0,4,0,0,0.00008884151385506988,0.00007764845047308417
"page:fluffs' kitten","Fluffs' kitten","page","item","item","https://oldschool.runescape.wiki/w/Fluffs'_kitten","2003-07-28",,"true","false","false",8,10,11,8,8,3,0.00012224910397187674,0.00012319687661521857
"page:flute salad","Flute Salad","page","music","music","https://oldschool.runescape.wiki/w/Flute_Salad","2004-03-15",,"false",,,5,12,19,18,5,6,0.00020355046318667515,0.00020369049418188267
"page:fly fishing rod","Fly fishing rod","page","item","item","https://oldschool.runescape.wiki/w/Fly_fishing_rod","2001-06-11",,"false","true","false",12,17,21,26,12,8,0.00017205971348177796,0.00018098512802068643
"page:fly trap","Fly trap","page","npc","npc","https://oldschool.runescape.wiki/w/Fly_trap","2002-02-27",,"true",,,0,14,0,18,0,10,0.00008884151385506988,0.00007764845047308417
"page:flyer","Flyer","page","item","item|monster","https://oldschool.runescape.wiki/w/Flyer","2001-01-04",,"false","true","false",0,11,0,7.5,0,1,0.00008884151385506988,0.00007764845047308417
"page:flying horse inn","Flying Horse Inn","page","shop","shop","https://oldschool.runescape.wiki/w/Flying_Horse_Inn","2002-05-08",,"true",,,5,34,19,61,5,28,0.0001555547693846958,0.00016659862977455337
"page:flynn","Flynn","page","npc","npc","https://oldschool.runescape.wiki/w/Flynn","2001-04-06",,"false",,,15,15,22,27.5,15,8,0.00016914884684458563,0.00017873130712137353
"page:flynn's mace market.","Flynn's Mace Market.","page","shop","shop","https://oldschool.runescape.wiki/w/Flynn's_Mace_Market.","2001-04-06",,"false",,,12,17,12,32,12,13,0.00012095726855448185,0.0001090439440782834
"page:flypaper","flypaper","page","item","item","https://oldschool.runescape.wiki/w/Flypaper","2003-06-09",,"true","false","false",39,15,69,12.5,39,7,0.00030735286337480665,0.0003363945903101653
"page:font (scenery)","Font (scenery)","page","scenery","scenery","https://oldschool.runescape.wiki/w/Font_(scenery)","2004-03-29",,"false",,,0,9,0,8,0,4,0.00008884151385506988,0.00007764845047308417
"page:food store","Food Store","page","shop","shop","https://oldschool.runescape.wiki/w/Food_Store","2001-04-06",,"false",,,2,21,9,40,2,17,0.0000990616278549505,0.00008771642754971734
"page:food trough (clock tower)","Food trough (Clock Tower)","page","scenery","scenery","https://oldschool.runescape.wiki/w/Food_trough_(Clock_Tower)","2002-06-17",,"true",,,2,19,5,34.5,2,13,0.00009742279644335348,0.00008611014060871602
"page:food trough (troll stronghold)","Food Trough (Troll Stronghold)","page","scenery","scenery","https://oldschool.runescape.wiki/w/Food_Trough_(Troll_Stronghold)","2004-08-24",,"true",,,0,7,0,9,0,2,0.00008884151385506988,0.00007764845047308417
"page:footprints (the tourist trap)","Footprints (The Tourist Trap)","page","scenery","scenery","https://oldschool.runescape.wiki/w/Footprints_(The_Tourist_Trap)","2003-04-14",,"true",,,0,19,0,28.5,0,12,0.00008884151385506988,0.00007764845047308417
"action:look at","Look at","action",,,,,,,,,5,0,10,0,0,0,0.00010798447594759873,0.00007764845047308417
"page:forbidden","Forbidden","page","music","music","https://oldschool.runescape.wiki/w/Forbidden","2004-05-18",,"false",,,0,7,0,5,0,3,0.00008884151385506988,0.00007764845047308417
"page:foreman","Foreman","page","monster","monster","https://oldschool.runescape.wiki/w/Foreman","2002-12-12",,"true",,,18,13,21,9.5,18,6,0.0001761836116701117,0.0001958905131070191
"page:forester (mcgrubor's wood)","Forester (McGrubor's Wood)","page","npc","npc","https://oldschool.runescape.wiki/w/Forester_(McGrubor's_Wood)","2002-05-28",,"true",,,10,12,13,14.5,10,6,0.00014933757960727692,0.00016302948297792382
"page:forester (woodcutting guild)","Forester (Woodcutting Guild)","page","monster","monster","https://oldschool.runescape.wiki/w/Forester_(Woodcutting_Guild)","2004-03-29",,"true",,,0,11,0,7,0,3,0.00008884151385506988,0.00007764845047308417
"category:woodcutting guild","Woodcutting Guild","category",,,,,,,,,1,0,0.5,0,0,0,0.00009423546291056243,0.00007764845047308417
"category:hosidius","Hosidius","category",,,,,,,,,1,0,0.5,0,0,0,0.00009423546291056243,0.00007764845047308417
"page:forester's arms","Forester's Arms","page","shop","shop","https://oldschool.runescape.wiki/w/Forester's_Arms","2002-03-25",,"true",,,4,26,8,49,4,20,0.00011692167468513933,0.00010845735649859202
"page:forever","Forever","page","music","music","https://oldschool.runescape.wiki/w/Forever","2004-03-15",,"false",,,1,11,5,23,1,7,0.00010234574277031704,0.00009059785841502991
"page:fountain","Fountain","page","scenery","scenery","https://oldschool.runescape.wiki/w/Fountain","2001-01-04",,"false",,,5,16,17,19,5,2,0.0001702142435812354,0.0001891236605943581
"page:fountain (draynor manor)","Fountain (Draynor Manor)","page","scenery","scenery","https://oldschool.runescape.wiki/w/Fountain_(Draynor_Manor)","2001-01-21",,"false",,,3,14,9,26.5,3,8,0.00010640401249626431,0.00009708008903936942
"page:fountain (witch's house)","Fountain (witch's house)","page","scenery","scenery","https://oldschool.runescape.wiki/w/Fountain_(witch's_house)","2004-03-29",,"true",,,3,13,6,14.5,3,7,0.00012258106893429498,0.00012711263889686933
"page:fountain of heroes","Fountain of Heroes","page","scenery","scenery","https://oldschool.runescape.wiki/w/Fountain_of_Heroes","2002-02-27",,"true",,,2,16,5,22.5,2,7,0.00010845496956991199,0.00009924463672660016
"action:recharge-jewellery","Recharge-jewellery","action",,,,,,,,,4,0,7,0,0,0,0.00010925761355688713,0.00007764845047308417
"page:frank","Frank","page","npc","npc","https://oldschool.runescape.wiki/w/Frank","2003-06-09",,"true",,,32,14,44,12.5,32,8,0.0002488308955721304,0.0002662009644114823
"page:frank's barrel","Frank's barrel","page","scenery","scenery","https://oldschool.runescape.wiki/w/Frank's_barrel","2003-06-09",,"true",,,0,16,0,17.5,0,10,0.00008884151385506988,0.00007764845047308417
"page:frank's print","Frank's print","page","item","item","https://oldschool.runescape.wiki/w/Frank's_print","2003-06-09",,"true","false","false",1,18,4,22,1,11,0.00009476428144541464,0.00008338768378246926
"page:fred the farmer","Fred the Farmer","page","npc","npc","https://oldschool.runescape.wiki/w/Fred_the_Farmer","2001-01-04",,"false",,,13,16,26,16,13,7,0.0002091412858365447,0.0002314121826080018
"category:cold war","Cold War","category",,,,,,,,,1,0,0.5,0,0,0,0.00009439682926010656,0.00007764845047308417
"page:fred's farm","Fred's farm","page","location","location","https://oldschool.runescape.wiki/w/Fred's_farm","2001-01-04",,"false",,,5,11,12,12,5,7,0.00011435245606074984,0.00010125492532299184
"page:frenita","Frenita","page","npc","npc","https://oldschool.runescape.wiki/w/Frenita","2002-10-23",,"true",,,11,15,21,14.5,11,8,0.00016276765726478778,0.0001694799708859819
"page:frenita's cookery shop.","Frenita's Cookery Shop.","page","shop","shop","https://oldschool.runescape.wiki/w/Frenita's_Cookery_Shop.","2002-10-23",,"true",,,5,17,5,28,5,13,0.00011472859697288088,0.00011524476933018984
"page:frincos","Frincos","page","npc","npc","https://oldschool.runescape.wiki/w/Frincos","2002-03-18",,"true",,,4,15,11,21,4,7,0.00013923680667807947,0.00012833233993577288
"page:frincos' fabulous herb store.","Frincos' Fabulous Herb Store.","page","shop","shop","https://oldschool.runescape.wiki/w/Frincos'_Fabulous_Herb_Store.","2002-03-18",,"true",,,21,15,21,27,21,11,0.00015135654407723932,0.00014063021352034522
"page:frozen waste plateau","Frozen Waste Plateau","page","location","location","https://oldschool.runescape.wiki/w/Frozen_Waste_Plateau","2001-08-13",,,,,2,8,2,8.5,2,3,0.00011062476965609748,0.0001133990912961288
"page:fruit batta","Fruit batta","page","item","item","https://oldschool.runescape.wiki/w/Fruit_batta","2002-12-12",,"true","true","false",6,22,21,37,6,9,0.00014340999377141569,0.00015494769239705978
"page:fruit blast","Fruit blast","page","item","item","https://oldschool.runescape.wiki/w/Fruit_blast","2002-12-12",,"true","true","false",86,27,104,49.5,86,14,0.0003499809334371228,0.00043630096802016634
"page:full fishing net","Full fishing net","page","scenery","scenery","https://oldschool.runescape.wiki/w/Full_fishing_net","2004-03-03",,"false",,,0,9,0,14,0,4,0.00008884151385506988,0.00007764845047308417
"page:funch's fine groceries","Funch's Fine Groceries","page","shop","shop","https://oldschool.runescape.wiki/w/Funch's_Fine_Groceries","2002-12-12",,"true",,,3,14,13,12,3,10,0.00013058575635432863,0.00013014964681283433
"page:fungus (common)","Fungus (common)","page","scenery","scenery","https://oldschool.runescape.wiki/w/Fungus_(common)","2001-08-13",,,,,0,6,0,4.5,0,0,0.00008884151385506988,0.00007764845047308417
"page:fungus covered cavern wall","Fungus covered Cavern wall","page","scenery","scenery","https://oldschool.runescape.wiki/w/Fungus_covered_Cavern_wall","2002-10-23",,"true",,,3,6,12,4.5,3,0,0.00011852177362729254,0.00011444320791413144
"page:fur stall","Fur stall","page","scenery","scenery","https://oldschool.runescape.wiki/w/Fur_stall","2002-04-30",,"true",,,11,13,14,18,11,3,0.0001476280916769747,0.00016177455183245487
"page:fur stall (varrock)","Fur stall (Varrock)","page","scenery","scenery","https://oldschool.runescape.wiki/w/Fur_stall_(Varrock)","2004-03-29",,"false",,,0,9,0,10.5,0,3,0.00008884151385506988,0.00007764845047308417
"page:fur trader (east ardougne)","Fur trader (East Ardougne)","page","npc","npc","https://oldschool.runescape.wiki/w/Fur_trader_(East_Ardougne)","2002-04-30",,"true",,,1,26,1,44.5,1,17,0.00009109822908489592,0.0000799935370982283
"page:furnace","furnace","page","scenery","scenery","https://oldschool.runescape.wiki/w/Furnace","2001-01-04",,,,,75,65,214,97.5,56,13,0.0008345602070283269,0.001096692460738342
"action:smelt","Smelt","action",,,,,,,,,23,0,35,0,0,0,0.00034348937189629814,0.00007764845047308417
"action:no","No","action",,,,,,,,,2,0,3.5,0,0,0,0.00011430629965919271,0.00007764845047308417
"action:coffer","Coffer","action",,,,,,,,,3,0,5.5,0,0,0,0.00011862145890358675,0.00007764845047308417
"page:furnace (elemental workshop)","Furnace (Elemental Workshop)","page","scenery","scenery","https://oldschool.runescape.wiki/w/Furnace_(Elemental_Workshop)","2004-06-02",,"true",,,5,25,8,49.5,5,19,0.00010325410310412606,0.00009197255229942027
"page:furnace (viyeldi caves)","Furnace (Viyeldi caves)","page","scenery","scenery","https://oldschool.runescape.wiki/w/Furnace_(Viyeldi_caves)","2004-03-09",,"true",,,5,12,14,13.5,5,6,0.00015666235633837662,0.0001729144707753199
"page:fycie","Fycie","page","npc","npc","https://oldschool.runescape.wiki/w/Fycie","2004-05-18",,"true",,,15,19,30,29.5,15,9,0.00015951095898420771,0.00015920040975963456
"action:talk","Talk","action",,,,,,,,,1,0,2,0,0,0,0.000098033670813502,0.00007764845047308417
"page:gaius","Gaius","page","npc","npc","https://oldschool.runescape.wiki/w/Gaius","2002-02-27",,"true",,,10,15,17,14,10,7,0.00014705344574666036,0.00013946144963585062
"page:gaius' two handed shop.","Gaius' Two Handed Shop.","page","shop","shop","https://oldschool.runescape.wiki/w/Gaius'_Two_Handed_Shop.","2002-02-27",,"true",,,0,15,0,23,0,11,0.00008884151385506988,0.00007764845047308417
"page:galahad","Galahad","page","npc","npc","https://oldschool.runescape.wiki/w/Galahad","2002-07-23",,"true",,,17,14,24,21,17,7,0.00015537066164706027,0.00015455747876907253
"page:galarpos mountains","Galarpos Mountains","page","location","location","https://oldschool.runescape.wiki/w/Galarpos_Mountains","2003-03-03",,"true",,,0,7,0,4,0,1,0.00008884151385506988,0.00007764845047308417
"category:mountains","Mountains","category",,,,,,,,,4,0,2,0,0,0,0.00010463699359973452,0.00007764845047308417
"page:gaol","Gaol","page","music","music","https://oldschool.runescape.wiki/w/Gaol","2004-03-15",,"true",,,1,10,5,10,1,4,0.00016369499266885264,0.000171136279641087
"page:gap (gu'tanoth)","Gap (Gu'Tanoth)","page","scenery","scenery","https://oldschool.runescape.wiki/w/Gap_(Gu'Tanoth)","2003-05-07",,"true",,,0,16,0,19.5,0,8,0.00008884151385506988,0.00007764845047308417
"action:jump-over","Jump-over","action",,,,,,,,,2,0,4,0,0,0,0.00010716551771720737,0.00007764845047308417
"page:garden (music track)","Garden (music track)","page","music","music","https://oldschool.runescape.wiki/w/Garden_(music_track)","2004-03-15",,"false",,,4,11,18,18,4,5,0.00017804952348829205,0.0001732514679966638
"page:garlic","Garlic","page","item","item|monster","https://oldschool.runescape.wiki/w/Garlic","2001-01-28",,"false","true","false",13,15,29,13.5,13,3,0.00013648865874662304,0.0001277539626441858
"page:garv","Garv","page","npc","npc","https://oldschool.runescape.wiki/w/Garv","2002-02-27",,"true",,,16,15,16,23,16,8,0.0001265086192517021,0.00011826387520969187
"page:gas mask","Gas mask","page","item","item|monster","https://oldschool.runescape.wiki/w/Gas_mask","2002-08-27",,"true","false","true",14,30,17,55,14,10,0.0001360533233548824,0.00013380589055505794
"category:mourning's end part ii","Mourning's End Part II","category",,,,,,,,,3,0,1.5,0,0,0,0.00009421844330380877,0.00007764845047308417
"page:gate (al kharid)","Gate (Al Kharid)","page","scenery","scenery","https://oldschool.runescape.wiki/w/Gate_(Al_Kharid)","2001-06-11",,"false",,,0,17,0,28,0,7,0.00008884151385506988,0.00007764845047308417
"action:pay-toll(10gp)","Pay-toll(10gp)","action",,,,,,,,,2,0,3.5,0,0,0,0.00009828092470218184,0.00007764845047308417
"page:gate (ardougne sewers)","Gate (Ardougne Sewers)","page","scenery","scenery","https://oldschool.runescape.wiki/w/Gate_(Ardougne_Sewers)","2002-08-27",,"true",,,0,12,0,21.5,0,5,0.00008884151385506988,0.00007764845047308417
"page:gate (biohazard)","Gate (Biohazard)","page","scenery","scenery","https://oldschool.runescape.wiki/w/Gate_(Biohazard)","2002-10-23",,"true",,,2,16,8,27.5,2,10,0.00011631467353269888,0.0001088854736302834
"page:gate (desert mining camp)","Gate (Desert Mining Camp)","page","scenery","scenery","https://oldschool.runescape.wiki/w/Gate_(Desert_Mining_Camp)","2003-04-14",,"true",,,0,18,0,24.5,0,11,0.00008884151385506988,0.00007764845047308417
"page:gate (ship yard)","Gate (Ship Yard)","page","scenery","scenery","https://oldschool.runescape.wiki/w/Gate_(Ship_Yard)","2002-12-12",,"true",,,0,13,0,11,0,6,0.00008884151385506988,0.00007764845047308417
"category:monkey madness i","Monkey Madness I","category",,,,,,,,,3,0,1.5,0,0,0,0.00009484860195747243,0.00007764845047308417
"page:gate (tree gnome stronghold)","Gate (Tree Gnome Stronghold)","page","scenery","scenery","https://oldschool.runescape.wiki/w/Gate_(Tree_Gnome_Stronghold)","2002-12-12",,"true",,,0,9,0,14,0,4,0.00008884151385506988,0.00007764845047308417
"page:gate (underground pass shortcut)","Gate (Underground Pass Shortcut)","page","scenery","scenery","https://oldschool.runescape.wiki/w/Gate_(Underground_Pass_Shortcut)","2003-03-03",,"true",,,0,6,0,4.5,0,0,0.00008884151385506988,0.00007764845047308417
"action:picklock","Picklock","action",,,,,,,,,1,0,2,0,0,0,0.0001224038635336902,0.00007764845047308417
"page:gate (witch's house)","Gate (witch's house)","page","scenery","scenery","https://oldschool.runescape.wiki/w/Gate_(witch's_house)","2002-02-27",,"true",,,5,7,12,8.5,5,1,0.0001229119655742492,0.0001159301178053479
"page:gem merchant","Gem merchant","page","npc","npc","https://oldschool.runescape.wiki/w/Gem_merchant","2002-04-30",,"true",,,1,28,1,46.5,1,19,0.00009109822908489592,0.0000799935370982283
"page:gem rocks","gem rocks","page","scenery","scenery","https://oldschool.runescape.wiki/w/Gem_rocks","2003-01-27",,"true",,,8,14,32,14,8,5,0.0001357589705787303,0.00012485095507604963
"page:gem stall","Gem stall","page","scenery","scenery","https://oldschool.runescape.wiki/w/Gem_stall","2002-04-30",,"true",,,8,16,11,18.5,8,4,0.000133719664329586,0.00013706912326150454
"page:gem stall (al kharid)","Gem stall (Al Kharid)","page","scenery","scenery","https://oldschool.runescape.wiki/w/Gem_stall_(Al_Kharid)","2004-03-29",,"false",,,0,12,0,17.5,0,6,0.00008884151385506988,0.00007764845047308417
"page:gem trader","Gem trader","page","npc","npc","https://oldschool.runescape.wiki/w/Gem_trader","2002-04-09",,"false",,,16,25,23,49,16,15,0.00014688250296082564,0.00013888969082438216
"page:gem trader.","Gem Trader.","page","shop","shop","https://oldschool.runescape.wiki/w/Gem_Trader.","2002-04-09",,"false",,,0,18,0,33,0,14,0.00008884151385506988,0.00007764845047308417
"page:general bentnoze","General Bentnoze","page","npc","npc","https://oldschool.runescape.wiki/w/General_Bentnoze","2001",,,,,11,18,27,12,11,6,0.00023785482165553928,0.00028166274619319975
"category:freeing the goblin generals","Freeing the Goblin generals","category",,,,,,,,,3,0,1.5,0,0,0,0.00010613242485596941,0.00007764845047308417
"category:another slice of h.a.m.","Another Slice of H.A.M.","category",,,,,,,,,2,0,1,0,0,0,0.00010215004322020162,0.00007764845047308417
"category:goblins","Goblins","category",,,,,,,,,7,0,3.5,0,0,0,0.00012490950189976842,0.00007764845047308417
"page:general khazard","General Khazard","page","monster","npc|monster","https://oldschool.runescape.wiki/w/General_Khazard","2002",,,,,30,21,74,22,30,5,0.00030071061860513054,0.00033322217188230623
"category:mahjarrat","Mahjarrat","category",,,,,,,,,3,0,1.5,0,0,0,0.0001041557228553572,0.00007764845047308417
"category:the general's shadow","The General's Shadow","category",,,,,,,,,1,0,0.5,0,0,0,0.00009465069625994687,0.00007764845047308417
"page:general store (canifis)","General Store (Canifis)","page","shop","shop","https://oldschool.runescape.wiki/w/General_Store_(Canifis)","2004-06-29",,"true",,,0,13,0,24.5,0,8,0.00008884151385506988,0.00007764845047308417
"page:general wartface","General Wartface","page","npc","npc","https://oldschool.runescape.wiki/w/General_Wartface","2001-05-08",,"false",,,11,20,27,21.5,11,9,0.0002470984594764924,0.0002746974254269095
"page:general wartface (historical)","General Wartface (historical)","page","npc","npc","https://oldschool.runescape.wiki/w/General_Wartface_(historical)","2001-05-08","2006-07-17","false",,,0,5,0,6.5,0,2,0.00008884151385506988,0.00007764845047308417
"page:genie","Genie","page","npc","npc","https://oldschool.runescape.wiki/w/Genie","2004-03-29",,"false",,,0,9,0,11,0,1,0.00008884151385506988,0.00007764845047308417
"page:gerald","Gerald","page","npc","npc","https://oldschool.runescape.wiki/w/Gerald","2002-09-24",,"true",,,16,11,19,17,16,6,0.00015883558808919065,0.0001664373720071796
"page:gerrant","Gerrant","page","npc","npc","https://oldschool.runescape.wiki/w/Gerrant","2001-06-11",,"false",,,24,20,34,30,24,10,0.0001964759693589406,0.00019561799293038942
"page:gerrant's fishy business.","Gerrant's Fishy Business.","page","shop","shop","https://oldschool.runescape.wiki/w/Gerrant's_Fishy_Business.","2001-06-11",,"false",,,4,13,12,21,4,9,0.0001223778668236278,0.00011156766478014778
"page:gertrude","Gertrude","page","npc","npc","https://oldschool.runescape.wiki/w/Gertrude","2003-07-28",,"false",,,33,23,58,27,33,7,0.000284265053873305,0.00029761836820542246
"category:2020 birthday event","2020 Birthday event","category",,,,,,,,,2,0,1,0,0,0,0.00009748113311862063,0.00007764845047308417
"action:kitten","Kitten","action",,,,,,,,,2,0,3.5,0,0,0,0.00012016331145778691,0.00007764845047308417
"page:gertrude's cat","Gertrude's Cat","page","quest","quest","https://oldschool.runescape.wiki/w/Gertrude's_Cat","2003-07-28",,"true",,,17,21,62,46,16,17,0.00022662595162474894,0.0002236214022367216
"page:gertrude's cat (npc)","Gertrude's cat (NPC)","page","npc","npc","https://oldschool.runescape.wiki/w/Gertrude's_cat_(NPC)","2004-03-29",,"true",,,5,25,8,44,5,9,0.0001070444611259233,0.00009626996763222223
"category:rat pits","Rat Pits","category",,,,,,,,,1,0,0.5,0,0,0,0.0000898754660364012,0.00007764845047308417
"action:stroke","Stroke","action",,,,,,,,,2,0,3.5,0,0,0,0.00009607917912438915,0.00007764845047308417
"page:ghost","ghost","page","monster","monster|prayer","https://oldschool.runescape.wiki/w/Ghost","2001-01-04",,"false",,,11,18,40,20.5,11,5,0.00021649218771344392,0.000223897515180545
"category:stronghold of security","Stronghold of Security","category",,,,,,,,,8,0,4,0,0,0,0.00012026101754887702,0.00007764845047308417
"category:undead","Undead","category",,,,,,,,,9,0,4.5,0,0,0,0.00011129298561641927,0.00007764845047308417
"page:ghost's skull","Ghost's skull","page","item","item","https://oldschool.runescape.wiki/w/Ghost's_skull","2001-01-04",,"false","false","false",4,13,10,11.5,4,4,0.00011766796109012008,0.00010915516088042673
"page:gpdt employee","GPDT employee","page","npc","npc","https://oldschool.runescape.wiki/w/GPDT_employee","2002-04-30",,"true",,,17,20,17,25,17,13,0.00014039968451316827,0.0001436975646420005
"page:ghost (grave of scorpius)","Ghost (Grave of Scorpius)","page","monster","monster|prayer","https://oldschool.runescape.wiki/w/Ghost_(Grave_of_Scorpius)","2003-03-17",,"true",,,2,12,5,7,2,2,0.00011592247114003933,0.00011235388873008653
"page:ghost (melzar's maze)","Ghost (Melzar's Maze)","page","monster","monster","https://oldschool.runescape.wiki/w/Ghost_(Melzar's_Maze)","2001-09-23",,"false",,,3,12,12,14.5,3,5,0.0001197714957353206,0.00011215330722762731
"page:ghostspeak amulet","Ghostspeak amulet","page","item","item","https://oldschool.runescape.wiki/w/Ghostspeak_amulet","2001-01-04",,"false","false","true",21,21,31,31.5,21,5,0.00022994337955144721,0.0002605672573034024
"page:gianne dough","Gianne dough","page","item","item","https://oldschool.runescape.wiki/w/Gianne_dough","2002-12-12",,"true","true","false",23,18,71,21.5,20,10,0.00022120336213711617,0.0002283663964597907
"page:gianne's cook book","Gianne's cook book","page","item","item","https://oldschool.runescape.wiki/w/Gianne's_cook_book","2002-12-12",,"true","true","false",81,19,81,19.5,81,8,0.00027750462641637426,0.00033557375765300634
"page:gianne's restaurant","Gianne's Restaurant","page","shop","shop","https://oldschool.runescape.wiki/w/Gianne's_Restaurant","2002-12-12",,"true",,,3,8,13,6,3,4,0.00016632209994904502,0.00018259912819069767
"page:giant bat","Giant bat","page","monster","monster","https://oldschool.runescape.wiki/w/Giant_bat","2002-02-27",,"true",,,15,15,38,8.5,15,2,0.00018474724899976698,0.00019380513072630513
"category:shadow dungeon","Shadow Dungeon","category",,,,,,,,,3,0,1.5,0,0,0,0.00010922435064030636,0.00007764845047308417
"page:giant bat (iban's temple)","Giant bat (Iban's Temple)","page","npc","npc","https://oldschool.runescape.wiki/w/Giant_bat_(Iban's_Temple)","2004-04-15",,"true",,,0,8,0,10,0,3,0.00008884151385506988,0.00007764845047308417
"page:giant carp","Giant carp","page","item","item","https://oldschool.runescape.wiki/w/Giant_carp","2002-05-28",,"true","false","false",10,27,16,57,10,14,0.00012262900869269535,0.00011275992023229921
"page:giant crystal","Giant crystal","page","scenery","scenery","https://oldschool.runescape.wiki/w/Giant_crystal","2002-02-27",,"true",,,0,16,0,18.5,0,10,0.00008884151385506988,0.00007764845047308417
"page:giant rat","giant rat","page","monster","monster","https://oldschool.runescape.wiki/w/Giant_rat","2001-01-04",,"false",,,12,16,39,9,12,2,0.0001864918227162682,0.00018257210490348936
"page:giant rat (tutorial island)","Giant rat (Tutorial Island)","page","monster","monster","https://oldschool.runescape.wiki/w/Giant_rat_(Tutorial_Island)","2001-01-04",,"false",,,0,11,0,11.5,0,6,0.00008884151385506988,0.00007764845047308417
"page:giant spider","giant spider","page","monster","monster","https://oldschool.runescape.wiki/w/Giant_spider","2001-01-04",,"false",,,3,15,9,8.5,3,2,0.00013656367771104752,0.00014170343551333142
"page:gielinor","Gielinor","page","location","location","https://oldschool.runescape.wiki/w/Gielinor","2001-01-04",,"false",,,145,6,504,4,145,2,0.004124715608229679,0.005804431102373649
"page:gielinor guide","Gielinor Guide","page","npc","npc","https://oldschool.runescape.wiki/w/Gielinor_Guide","2004-03-29",,"false",,,14,12,14,10,14,5,0.0001357697362127431,0.00013309166752034768
"page:gielinor parcel delivery team","Gielinor Parcel Delivery Team","page","article","article","https://oldschool.runescape.wiki/w/Gielinor_Parcel_Delivery_Team","2002-04-30",,,,,1,9,1,18,1,7,0.00009249929622860456,0.00008111182200800813
"page:gilded totem","gilded totem","page","item","item","https://oldschool.runescape.wiki/w/Gilded_totem","2003-08-20",,"true","false","false",3,13,9,14,3,6,0.0001673417087594274,0.0001984785143728015
"page:giles","Giles","page","npc","npc","https://oldschool.runescape.wiki/w/Giles","2001-12-08",,"false",,,16,11,22,19,16,3,0.00019422287605054498,0.00026591671807829615
"page:gin","gin","page","item","item|monster","https://oldschool.runescape.wiki/w/Gin","2002-12-12",,"true","true","false",10,22,22,24.5,10,9,0.00012754285844388956,0.000127468148184011
"page:glarial's amulet","Glarial's amulet","page","item","item","https://oldschool.runescape.wiki/w/Glarial's_amulet","2002-09-24",,"true","false","true",16,18,23,18.5,16,4,0.0001940704500946,0.00020980205712968112
"page:glarial's pebble","Glarial's pebble","page","item","item","https://oldschool.runescape.wiki/w/Glarial's_pebble","2002-09-24",,"true","false","false",19,13,34,13.5,19,5,0.0002167016753466566,0.00022845102568732375
"category:roving elves","Roving Elves","category",,,,,,,,,5,0,2.5,0,0,0,0.00010333772227438906,0.00007764845047308417
"page:glarial's tomb","Glarial's Tomb","page","location","location","https://oldschool.runescape.wiki/w/Glarial's_Tomb","2002-09-24",,"true",,,13,19,40,26.5,13,10,0.00021152582432741577,0.00021715474630128076
"page:glarial's tomb (scenery)","Glarial's tomb (scenery)","page","scenery","scenery","https://oldschool.runescape.wiki/w/Glarial's_Tomb_(scenery)","2002-09-24",,"true",,,3,16,9,21.5,3,10,0.00013019512328051277,0.00012714933776653058
"page:glarial's tombstone","Glarial's Tombstone","page","scenery","scenery","https://oldschool.runescape.wiki/w/Glarial's_Tombstone","2002-09-24",,"true",,,3,17,3,24,3,10,0.00009723081074602673,0.00008652580258029094
"page:glarial's urn","Glarial's urn","page","item","item","https://oldschool.runescape.wiki/w/Glarial's_urn","2002-09-24",,"true","false","false",0,17,0,21,0,10,0.00008884151385506988,0.00007764845047308417
"page:glass box","Glass Box","page","article","article","https://oldschool.runescape.wiki/w/Glass_Box","2004-08-02",,"false",,,8,10,11,8.5,8,7,0.00017200455480905738,0.00016571097669919522
"page:glass wall","Glass Wall","page","article","article","https://oldschool.runescape.wiki/w/Glass_Wall","2004-08-02",,"false",,,1,11,4,9.5,1,8,0.00010571038103554406,0.00010170390489280885
"page:glassblowing pipe","Glassblowing pipe","page","item","item","https://oldschool.runescape.wiki/w/Glassblowing_pipe","2002-03-18",,"true","true","false",6,16,15,21.5,4,6,0.00012197819076928817,0.00010468690467301228
"page:glough","Glough","page","monster","npc|monster","https://oldschool.runescape.wiki/w/Glough","2002",,,,,24,21,51,17.5,24,8,0.0002740720563737932,0.0003180250993062193
"category:gnomic negotiations","Gnomic Negotiations","category",,,,,,,,,1,0,0.5,0,0,0,0.00009549754950985903,0.00007764845047308417
"page:glough's journal","Glough's journal","page","item","item","https://oldschool.runescape.wiki/w/Glough's_journal","2002-12-12",,"true","false","false",13,21,13,25,13,11,0.00014003300554729298,0.0001411948655161862
"page:glough's key","Glough's key","page","item","item","https://oldschool.runescape.wiki/w/Glough's_key","2002-12-12",,"true","false","false",14,11,17,14.5,14,3,0.00015292710692041143,0.00015726672974563966
"page:glowing dagger","glowing dagger","page","item","item","https://oldschool.runescape.wiki/w/Glowing_dagger","2003-08-20",,"true","false","true",2,23,8,25,2,7,0.0001304644129233644,0.00014076507509492312
"page:glyphs","Glyphs","page","scenery","scenery","https://oldschool.runescape.wiki/w/Glyphs","2004-03-29",,"false",,,0,9,0,15,0,4,0.00008884151385506988,0.00007764845047308417
"page:gnome","gnome","page","monster","monster","https://oldschool.runescape.wiki/w/Gnome","2002",,,,,59,18,247,19.5,59,9,0.0011831166038765565,0.00146538661800354
"page:gnome amulet","Gnome amulet","page","item","item","https://oldschool.runescape.wiki/w/Gnome_amulet","2002-07-23",,"true","false","true",9,17,9,22,9,4,0.00012336069798240748,0.0001242855899943073
"page:gnome ball","Gnome Ball","page","minigame","minigame","https://oldschool.runescape.wiki/w/Gnome_Ball","2003-01-28",,"true",,,13,13,46,20,13,7,0.00028321997033998395,0.00032339561887387324
"category:needs clarification","Needs clarification","category",,,,,,,,,2,0,1,0,0,0,0.00009800640850717189,0.00007764845047308417
"page:gnome ball referee","Gnome ball referee","page","npc","npc","https://oldschool.runescape.wiki/w/Gnome_ball_referee","2003-01-28",,"true",,,4,13,4,18,4,6,0.00010308345281721828,0.00009986090480703451
"page:gnome baller","Gnome baller","page","npc","npc","https://oldschool.runescape.wiki/w/Gnome_baller","2003-01-28",,"true",,,2,14,5,24.5,2,9,0.00010295345358304257,0.00009214077373712668
"page:gnome banker","Gnome banker","page","npc","npc","https://oldschool.runescape.wiki/w/Gnome_banker","2002-12-12",,"true",,,11,13,22,20.5,11,5,0.00017763468487756587,0.0001749645431350731
"page:gnome child","Gnome child","page","monster","monster","https://oldschool.runescape.wiki/w/Gnome_child","2002-12-12",,"true",,,3,20,6,17,3,8,0.0001168480486556358,0.00011699814854002444
"page:gnome glider","gnome glider","page","scenery","scenery","https://oldschool.runescape.wiki/w/Gnome_glider","2002-12-12",,"true",,,10,11,27,12,10,4,0.00018284787489681445,0.0001780372230494819
"category:transportation","Transportation","category",,,,,,,,,6,0,3,0,0,0,0.00010305054901651047,0.00007764845047308417
"page:gnome goal","Gnome goal","page","scenery","scenery","https://oldschool.runescape.wiki/w/Gnome_goal","2003-01-28",,"true",,,0,15,0,19.5,0,7,0.00008884151385506988,0.00007764845047308417
"action:shoot","Shoot","action",,,,,,,,,1,0,2,0,0,0,0.00009658667147321302,0.00007764845047308417
"page:gnome guard","Gnome guard","page","monster","monster","https://oldschool.runescape.wiki/w/Gnome_guard","2002-12-12",,"true",,,7,13,7,13,7,7,0.00011712897941583035,0.00010742656782457024
"page:gnome king","Gnome King","page","music","music","https://oldschool.runescape.wiki/w/Gnome_King","2004-03-15",,"true",,,2,8,10,5.5,2,3,0.00012212909795289244,0.00011152043799723882
"page:gnome maze","Gnome Maze","page","location","location","https://oldschool.runescape.wiki/w/Gnome_maze","2002-07-23",,"true",,,7,12,20,12.5,7,7,0.00016588355761839614,0.00018198789666224125
"page:gnome pilot (historical)","Gnome pilot (historical)","page","npc","npc","https://oldschool.runescape.wiki/w/Gnome_pilot_(historical)","2002-12-12","2007-01-04","false",,,0,12,0,25,0,7,0.00008884151385506988,0.00007764845047308417
"page:gnome shop keeper","Gnome shop keeper","page","npc","npc","https://oldschool.runescape.wiki/w/Gnome_shop_keeper","2004-03-29",,,,,0,14,0,25,0,6,0.00008884151385506988,0.00007764845047308417
"page:gnome spice","gnome spice","page","item","item","https://oldschool.runescape.wiki/w/Gnome_spice","2002-12-12",,"true","true","false",24,15,89,12,22,6,0.00020822184743752903,0.00019877628321990972
"category:spices","Spices","category",,,,,,,,,2,0,1,0,0,0,0.00009857787659001997,0.00007764845047308417
"page:gnome statue (port khazard mine)","Gnome Statue (Port Khazard mine)","page","scenery","scenery","https://oldschool.runescape.wiki/w/Gnome_Statue_(Port_Khazard_mine)","2004-03-29",,"true",,,0,5,0,4,0,0,0.00008884151385506988,0.00007764845047308417
"page:gnome stronghold agility course","Gnome Stronghold Agility Course","page","location","location","https://oldschool.runescape.wiki/w/Gnome_Stronghold_Agility_Course","2002-12-12",,"true",,,13,12,47,15,13,6,0.00022143721688901166,0.00022406301655364754
"page:gnome stronghold north bank","Gnome Stronghold north bank","page","location","location","https://oldschool.runescape.wiki/w/Gnome_Stronghold_north_bank","2002-12-12",,"true",,,0,14,0,19.5,0,9,0.00008884151385506988,0.00007764845047308417
"page:gnome stronghold south bank","Gnome Stronghold south bank","page","location","location","https://oldschool.runescape.wiki/w/Gnome_Stronghold_south_bank","2002-12-12",,"true",,,0,13,0,14.5,0,8,0.00008884151385506988,0.00007764845047308417
"page:gnome trainer","Gnome trainer","page","npc","npc","https://oldschool.runescape.wiki/w/Gnome_trainer","2002-12-12",,"true",,,4,16,4,24.5,4,10,0.00010442552347008171,0.00009404704718447856
"page:gnome troop","Gnome troop","page","monster","monster","https://oldschool.runescape.wiki/w/Gnome_troop","2002-07-23",,"true",,,7,13,7,15.5,7,6,0.00011092950714707968,0.00010077045941624184
"page:gnome village 2","Gnome Village 2","page","music","music","https://oldschool.runescape.wiki/w/Gnome_Village_2","2004-03-15",,"true",,,1,7,5,5,1,3,0.00010276620390753456,0.00009210832533314219
"page:gnome waiter","gnome waiter","page","npc","npc","https://oldschool.runescape.wiki/w/Gnome_Waiter","2002-12-12",,"true",,,21,14,84,24.5,21,7,0.0002234422545369725,0.0002273659481537932
"page:gnome winger","Gnome winger","page","npc","npc","https://oldschool.runescape.wiki/w/Gnome_winger","2003-01-28",,"true",,,0,18,0,29.5,0,13,0.00008884151385506988,0.00007764845047308417
"page:gnome woman","gnome woman","page","monster","monster","https://oldschool.runescape.wiki/w/Gnome_woman","2002-12-12",,"true",,,1,15,4,11,1,7,0.00010429667047597665,0.00009954673783112394
"page:gnomeball","Gnomeball","page","item","item|monster","https://oldschool.runescape.wiki/w/Gnomeball","2003-01-28",,"true","true","true",2,19,2,20,2,4,0.00009970977438301223,0.00009465327013333365
"action:hold","Hold","action",,,,,,,,,1,0,2,0,0,0,0.00009731684467763318,0.00007764845047308417
"page:gnomeball (music track)","Gnomeball (music track)","page","music","music","https://oldschool.runescape.wiki/w/Gnomeball_(music_track)","2004-03-15",,"true",,,1,10,5,14.5,1,5,0.00010276620390753456,0.00009210832533314219
"page:gnomebowl mould","gnomebowl mould","page","item","item","https://oldschool.runescape.wiki/w/Gnomebowl_mould","2004-03-29",,"true","true","false",9,18,28,18,7,9,0.00013244265931563266,0.0001262847688779182
"page:goblin","goblin","page","monster","monster","https://oldschool.runescape.wiki/w/Goblin","2001-01-04",,"false",,,13,20,53,14.5,13,3,0.00037492943174549697,0.0004240044970234055
"category:observatory dungeon","Observatory Dungeon","category",,,,,,,,,5,0,2.5,0,0,0,0.00011074678880313766,0.00007764845047308417
"page:goblin (historical)","Goblin (historical)","page","monster","monster","https://oldschool.runescape.wiki/w/Goblin_(historical)","2001-05-08","2005-02-22","false",,,0,11,0,8,0,5,0.00008884151385506988,0.00007764845047308417
"page:goblin cave","Goblin Cave","page","location","location","https://oldschool.runescape.wiki/w/Goblin_Cave","2003-05-27",,"true",,,8,16,29,18,8,8,0.00016717268476673625,0.00016463153780091322
"page:goblin diplomacy","Goblin Diplomacy","page","quest","quest","https://oldschool.runescape.wiki/w/Goblin_Diplomacy","2001-05-08",,"false",,,8,21,34,38,8,17,0.0001918429136453409,0.00021797433059352517
"page:goblin guard","Goblin guard","page","monster","npc|monster","https://oldschool.runescape.wiki/w/Goblin_guard","2003",,,,,10,21,20,14,10,7,0.00017835087887537075,0.00018896882286228262
"page:goblin kitchen key","Goblin kitchen key","page","item","item","https://oldschool.runescape.wiki/w/Goblin_kitchen_key","2003-03-17",,"true","false","false",9,9,15,6.5,9,1,0.00015495175483696576,0.00016344004535544048
"page:goblin mail","goblin mail","page","item","item|monster","https://oldschool.runescape.wiki/w/Goblin_mail","2001-05-08",,"false","true","false",10,20,28,41,9,7,0.00015299354433984572,0.0001467822208040237
"page:goblin settlement","Goblin settlement","page","location","location","https://oldschool.runescape.wiki/w/Goblin_settlement","2003-03-17",,"true",,,1,7,4,4.5,1,2,0.00010364293099319067,0.000094371254330329
"category:goblin settlement","Goblin settlement","category",,,,,,,,,1,0,0.5,0,0,0,0.00009863001289332155,0.00007764845047308417
"page:goblin village","Goblin Village","page","location","location","https://oldschool.runescape.wiki/w/Goblin_Village","2001-04-06",,"false",,,15,21,63,32.5,15,12,0.00030453506626423464,0.00033765572757139426
"page:goblin village (music track)","Goblin Village (music track)","page","music","music","https://oldschool.runescape.wiki/w/Goblin_Village_(music_track)","2004-03-15",,"false",,,0,10,0,19,0,6,0.00008884151385506988,0.00007764845047308417
"page:godric","Godric","page","npc","npc","https://oldschool.runescape.wiki/w/Godric","2004-08-24",,"true",,,8,21,14,34,8,14,0.00012944687042818943,0.00014947303668944918
"page:gold amulet","Gold amulet","page","item","item","https://oldschool.runescape.wiki/w/Gold_amulet","2001-05-08",,"false","true","true",11,27,14,40.5,11,6,0.00012392811123704506,0.0001253686142118017
"page:gold amulet (u)","Gold amulet (u)","page","item","item|monster","https://oldschool.runescape.wiki/w/Gold_amulet_(u)","2001-05-08",,"false","true","false",3,32,3,46,3,14,0.00009903020474005436,0.00009482663804589694
"page:gold bar","gold bar","page","item","item|monster","https://oldschool.runescape.wiki/w/Gold_bar","2001-01-04",,"false","true","false",50,30,131,43,41,14,0.00042184527698712693,0.0005104918891864537
"page:gold bowl","gold bowl","page","item","item","https://oldschool.runescape.wiki/w/Gold_bowl","2003-08-20",,"true","false","false",6,20,22,25.5,6,7,0.00016813716650189236,0.0001837147304792547
"page:gold necklace","Gold necklace","page","item","item|monster","https://oldschool.runescape.wiki/w/Gold_necklace","2001-05-08",,"false","true","true",11,27,14,27,11,4,0.00014321576342019965,0.0001514960591678422
"page:gold ore","gold ore","page","item","item|monster","https://oldschool.runescape.wiki/w/Gold_ore","2001-01-04",,"false","true","false",25,20,56,27,25,7,0.0002568303924944574,0.0002774447962622386
"page:gold ring","Gold ring","page","item","item|monster","https://oldschool.runescape.wiki/w/Gold_ring","2001-05-08",,"false","true","true",10,30,10,33,10,7,0.00012016987566074413,0.00012129380901420343
"page:gold rocks","gold rocks","page","scenery","scenery","https://oldschool.runescape.wiki/w/Gold_rocks","2001-01-04",,"false",,,4,13,16,16,4,4,0.00011843363677941641,0.00010562669567392445
"page:golden bowl","golden bowl","page","item","item","https://oldschool.runescape.wiki/w/Golden_bowl","2003-08-20",,"true","false","false",1,17,4,24.5,1,8,0.0001180395730896372,0.00012244332192016036
"page:golden candle","Golden candle","page","item","item","https://oldschool.runescape.wiki/w/Golden_candle","2004-06-29",,"true","false","false",8,23,8,31,8,13,0.00011306814388769541,0.00010847049516293048
"page:golden feather (priest in peril)","Golden feather (Priest in Peril)","page","item","item","https://oldschool.runescape.wiki/w/Golden_feather_(Priest_in_Peril)","2004-06-29",,"true","false","false",9,20,9,33,9,8,0.00011589731090938963,0.00011185554138351456
"page:golden hammer","Golden hammer","page","item","item","https://oldschool.runescape.wiki/w/Golden_hammer","2004-06-29",,"true","false","false",8,22,8,25,8,13,0.0001756064508264349,0.0002437480011952563
"page:golden key","Golden key","page","item","item|monster","https://oldschool.runescape.wiki/w/Golden_key","2004-06-29",,"true","false","false",12,12,20,8,11,1,0.00014432435984410054,0.00013180604963470763
"page:golden needle","Golden needle","page","item","item","https://oldschool.runescape.wiki/w/Golden_needle","2004-06-29",,"true","false","false",6,24,6,30,6,15,0.00010414670135456174,0.00009422871241203824
"page:golden pot","Golden pot","page","item","item","https://oldschool.runescape.wiki/w/Golden_pot","2004-06-29",,"true","false","false",5,25,5,28,5,16,0.0001010782543475781,0.00009072348677569113
"page:golden tinderbox","Golden tinderbox","page","item","item","https://oldschool.runescape.wiki/w/Golden_tinderbox","2004-06-29",,"true","false","false",4,26,4,29,4,17,0.00009819997909814635,0.00008749015495262985
"page:goldsmith gauntlets","Goldsmith gauntlets","page","item","item","https://oldschool.runescape.wiki/w/Goldsmith_gauntlets","2002-04-09",,"true","false","true",4,35,7,71.5,4,21,0.00009914842241969218,0.00008751713502153067
"page:golem (unused npc)","Golem (unused NPC)","page","monster","monster","https://oldschool.runescape.wiki/w/Golem_(unused_NPC)","2004-03-29",,,,,0,5,0,3.5,0,2,0.00008884151385506988,0.00007764845047308417
"page:golrie","Golrie","page","npc","npc","https://oldschool.runescape.wiki/w/Golrie","2002-09-24",,"true",,,15,17,21,24,15,8,0.0001432989205338664,0.00013684821596547387
"category:the path of glouphrie","The Path of Glouphrie","category",,,,,,,,,3,0,1.5,0,0,0,0.00009681322917016593,0.00007764845047308417
"page:gorad","Gorad","page","monster","monster","https://oldschool.runescape.wiki/w/Gorad","2003-05-07",,"true",,,35,14,54,12,35,4,0.00032129942162232585,0.0003842653939964804
"page:gossip","Gossip","page","npc","npc","https://oldschool.runescape.wiki/w/Gossip","2003-06-09",,"true",,,27,17,27,18,27,10,0.0001894001705063461,0.00019684137323469343
"page:goutweed crate","Goutweed Crate","page","scenery","scenery","https://oldschool.runescape.wiki/w/Goutweed_Crate","2004-08-24",,"true",,,0,10,0,8.5,0,4,0.00008884151385506988,0.00007764845047308417
"page:grail bell","Grail bell","page","item","item","https://oldschool.runescape.wiki/w/Grail_bell","2002-07-23",,"true","false","false",12,14,15,16,12,6,0.00012796045716438403,0.00012004123391106781
"action:ring","Ring","action",,,,,,,,,1,0,2,0,0,0,0.00010243731242880053,0.00007764845047308417
"page:grail maiden","Grail Maiden","page","npc","npc","https://oldschool.runescape.wiki/w/Grail_Maiden","2002-07-23",,"true",,,10,17,10,25.5,10,11,0.0001096803918551688,0.00009983627369291482
"page:grain","grain","page","item","item|monster","https://oldschool.runescape.wiki/w/Grain","2001-01-04",,"false","true","false",11,16,47,25,10,7,0.00021214746866961794,0.00021487319645270548
"page:grand tree","Grand Tree","page","location","location","https://oldschool.runescape.wiki/w/Grand_Tree","2002-12-12",,"true",,,78,21,339,30.5,78,14,0.0008807676809074836,0.001074414868597212
"page:grand tree groceries","Grand Tree Groceries","page","shop","shop","https://oldschool.runescape.wiki/w/Grand_Tree_Groceries","2002-12-12",,"true",,,3,18,13,23,3,14,0.00013990895607630352,0.00014216857990952147
"page:grand tree mine","Grand Tree mine","page","location","location","https://oldschool.runescape.wiki/w/Grand_Tree_mine","2002-12-12",,"true",,,0,18,0,15,0,12,0.00008884151385506988,0.00007764845047308417
"page:grand tree tunnels","Grand Tree Tunnels","page","location","location","https://oldschool.runescape.wiki/w/Grand_Tree_Tunnels","2002-12-12",,"true",,,2,16,9,20.5,2,11,0.00010798623444639556,0.00009681008426409569
"page:grandpa jack","Grandpa Jack","page","npc","npc","https://oldschool.runescape.wiki/w/Grandpa_Jack","2002-05-28",,"true",,,9,19,12,33.5,9,13,0.0001299793484815054,0.00012358303454182513
"page:granite shield","granite shield","page","item","item|monster","https://oldschool.runescape.wiki/w/Granite_shield","2004-08-09",,"true","true","true",5,17,20,16.5,5,1,0.00015262762623313183,0.00015092150816886047
"category:granite equipment","Granite equipment","category",,,,,,,,,1,0,0.5,0,0,0,0.00009277283150047427,0.00007764845047308417
"page:grapes","Grapes","page","item","item|monster","https://oldschool.runescape.wiki/w/Grapes","2001-03-17",,"false","true","false",10,16,29,14.5,8,4,0.00018203302027715928,0.00018974999325811016
"page:grave marker","Grave marker","page","scenery","scenery","https://oldschool.runescape.wiki/w/Grave_marker","2004-03-29",,"true",,,0,8,0,14,0,3,0.00008884151385506988,0.00007764845047308417
"page:grave of scorpius","Grave of Scorpius","page","scenery","scenery","https://oldschool.runescape.wiki/w/Grave_of_Scorpius","2003-03-17",,"true",,,6,14,25,24.5,6,8,0.00015611375376014557,0.00016331970856839717
"page:grave scorpion","Grave scorpion","page","monster","monster","https://oldschool.runescape.wiki/w/Grave_scorpion","2003-03-17",,"true",,,0,11,0,10,0,3,0.00008884151385506988,0.00007764845047308417
"page:gravestone (draynor manor)","Gravestone (Draynor Manor)","page","scenery","scenery","https://oldschool.runescape.wiki/w/Gravestone_(Draynor_Manor)","2002-02-27",,"false",,,0,8,0,14,0,3,0.00008884151385506988,0.00007764845047308417
"page:gravestone (scenery)","Gravestone (scenery)","page","scenery","scenery","https://oldschool.runescape.wiki/w/Gravestone_(scenery)","2001-01-04",,"false",,,0,9,0,11,0,4,0.00008884151385506988,0.00007764845047308417
"page:graveyard of shadows","Graveyard of Shadows","page","location","location","https://oldschool.runescape.wiki/w/Graveyard_of_Shadows","2001-08-13",,"false",,,8,12,23,15.5,8,7,0.00017776489472990704,0.00017761857209636414
"category:graveyards","Graveyards","category",,,,,,,,,4,0,2,0,0,0,0.00009850819350823152,0.00007764845047308417
"page:greater demon","greater demon","page","monster","monster","https://oldschool.runescape.wiki/w/Greater_demon","2001-08-13",,"false",,,3,22,12,15.5,3,3,0.00011551856875363294,0.00010499103898085663
"category:catacombs of kourend","Catacombs of Kourend","category",,,,,,,,,2,0,1,0,0,0,0.00009420133777571379,0.00007764845047308417
"page:greatness","Greatness","page","music","music","https://oldschool.runescape.wiki/w/Greatness","2004-03-15",,"false",,,1,12,4,25.5,1,7,0.00009772566524058701,0.00008616473215797818
"category:music with varied tempo","Music with varied tempo","category",,,,,,,,,1,0,0.5,0,0,0,0.00009047027494241518,0.00007764845047308417
"page:green boots","Green boots","page","item","item","https://oldschool.runescape.wiki/w/Green_boots","2002-12-12",,"true","true","true",3,24,3,24.5,3,10,0.00009867524629270428,0.0000932445788031578
"page:green cape","Green cape","page","item","item","https://oldschool.runescape.wiki/w/Green_cape","2001-12-08",,"false","true","true",9,19,9,23,9,6,0.00011527135184325921,0.00012220805797130355
"page:green d'hide body","Green d'hide body","page","item","item|monster","https://oldschool.runescape.wiki/w/Green_d'hide_body","2004-03-29",,"false","true","true",14,23,26,30.5,14,5,0.00015432071216535024,0.00017259179227844905
"page:green d'hide chaps","Green d'hide chaps","page","item","item|monster","https://oldschool.runescape.wiki/w/Green_d'hide_chaps","2004-03-29",,"false","true","true",12,20,15,19,12,3,0.000117253999106874,0.00012226433931922655
"page:green d'hide vambraces","Green d'hide vambraces","page","item","item","https://oldschool.runescape.wiki/w/Green_d'hide_vambraces","2004-03-29",,"false","true","true",7,19,13,18.5,7,3,0.00011610203622264859,0.00011486519537450476
"page:green door","green door","page","scenery","scenery","https://oldschool.runescape.wiki/w/Green_door","2001-09-23",,"false",,,1,13,4,18.5,1,7,0.00010901708202407996,0.00010398152655169907
"page:green dragon","green dragon","page","monster","npc|monster","https://oldschool.runescape.wiki/w/Green_dragon","2004-03-29",,"true",,,1,21,4,19,1,5,0.00009733312357053595,0.00008664599137908765
"page:green dragon leather","Green dragon leather","page","item","item","https://oldschool.runescape.wiki/w/Green_dragon_leather","2004-03-29",,"true","true","false",10,25,16,39.5,10,11,0.00012210460872218097,0.00011828182660190456
"page:green dragonhide","Green dragonhide","page","item","item|monster","https://oldschool.runescape.wiki/w/Green_dragonhide","2004-03-29",,"true","true","false",4,21,4,40,4,12,0.00009990129077006946,0.0000899754087912362
"page:green dye","green dye","page","item","item","https://oldschool.runescape.wiki/w/Green_dye","2001-12-08",,"false","true","false",6,21,12,29,6,11,0.00011530097757576263,0.00010656819223739012
"page:green halloween mask","Green halloween mask","page","item","item","https://oldschool.runescape.wiki/w/Green_halloween_mask","2002-10-31",,"false","true","true",0,14,0,11.5,0,0,0.00008884151385506988,0.00007764845047308417
"page:green hat","Green hat","page","item","item","https://oldschool.runescape.wiki/w/Green_hat","2002-12-12",,"true","true","true",9,22,9,23,9,9,0.0001158957991676861,0.00013268700774359487
"page:green sheep","Green Sheep","page","npc","npc","https://oldschool.runescape.wiki/w/Green_Sheep","2002-08-15",,"true",,,3,17,6,25,3,8,0.0001106523723153703,0.00010337046116244216
"page:green partyhat","Green partyhat","page","item","item","https://oldschool.runescape.wiki/w/Green_partyhat","2001-12-24",,"false","true","true",0,15,0,12.5,0,1,0.00008884151385506988,0.00007764845047308417
"category:world 666 event","World 666 event","category",,,,,,,,,1,0,0.5,0,0,0,0.00009186212532614571,0.00007764845047308417
"page:green robe bottoms","Green robe bottoms","page","item","item","https://oldschool.runescape.wiki/w/Green_robe_bottoms","2002-12-12",,"true","true","true",4,24,4,25,4,11,0.00009742326696657689,0.00008841007140670163
"page:green robe top","Green robe top","page","item","item","https://oldschool.runescape.wiki/w/Green_robe_top","2002-12-12",,"true","true","true",9,21,9,22,9,8,0.00010868775313416302,0.00010906711797112116
"page:greenman's ale","Greenman's ale","page","item","item","https://oldschool.runescape.wiki/w/Greenman's_ale","2002-10-23",,"true","true","false",4,26,7,40,4,9,0.00013279821915317464,0.0001415218693471459
"category:herblore boosting items","Herblore boosting items","category",,,,,,,,,1,0,0.5,0,0,0,0.00009025249493357145,0.00007764845047308417
"page:greldo","Greldo","page","npc","npc","https://oldschool.runescape.wiki/w/Greldo","2001-04-06",,"false",,,7,16,13,33,7,10,0.0001173287817646772,0.00010669709743153246
"page:grew","Grew","page","npc","npc","https://oldschool.runescape.wiki/w/Grew","2003-05-07",,"true",,,34,14,46,18.5,34,6,0.00025350775656010204,0.0002797397860329065
"page:grey boots","Grey boots","page","item","item","https://oldschool.runescape.wiki/w/Grey_boots","2004-06-29",,"false","true","true",24,17,24,24,24,4,0.00015565940622105145,0.0001779732832255776
"category:canifis robes","Canifis robes","category",,,,,,,,,25,0,12.5,0,0,0,0.00012500692868989516,0.00007764845047308417
"page:grey gloves","Grey gloves","page","item","item","https://oldschool.runescape.wiki/w/Grey_gloves","2004-06-29",,"false","true","true",23,16,23,20.5,23,4,0.00014946219332699688,0.00016403067572337684
"page:grey hat","Grey hat","page","item","item","https://oldschool.runescape.wiki/w/Grey_hat","2004-06-29",,"true","true","true",22,18,22,25.5,22,6,0.0001446408322519257,0.00015523407793164532
"page:grey robe bottoms","Grey robe bottoms","page","item","item","https://oldschool.runescape.wiki/w/Grey_robe_bottoms","2004-06-29",,"true","true","true",21,19,21,26.5,21,7,0.00014014559614902562,0.00014740327871211637
"page:grey robe top","Grey robe top","page","item","item","https://oldschool.runescape.wiki/w/Grey_robe_top","2004-06-29",,"true","true","true",20,20,20,27.5,20,8,0.00013594369996818419,0.0001403840749315446
"page:grey toy horsey","Grey toy horsey","page","item","item","https://oldschool.runescape.wiki/w/Grey_toy_horsey","2004-04-01",,"false","true","false",1,19,1,24.5,1,7,0.00009109570152005184,0.00008112219694981725
"page:grey wolf fur","Grey wolf fur","page","item","item|monster","https://oldschool.runescape.wiki/w/Grey_wolf_fur","2002-02-27",,"true","true","false",0,15,0,17.5,0,5,0.00008884151385506988,0.00007764845047308417
"page:grill (black knights' fortress)","Grill (Black Knights' Fortress)","page","scenery","scenery","https://oldschool.runescape.wiki/w/Grill_(Black_Knights'_Fortress)","2001-04-06",,"false",,,0,22,0,47.5,0,16,0.00008884151385506988,0.00007764845047308417
"action:listen-at","Listen-at","action",,,,,,,,,1,0,2,0,0,0,0.00009202110487725496,0.00007764845047308417
"page:grimy ardrigal","Grimy ardrigal","page","item","item","https://oldschool.runescape.wiki/w/Grimy_ardrigal","2002-10-23",,"true","false","false",6,15,9,21.5,6,4,0.00010845992879128937,0.00010000145989041033
"action:clean","Clean","action",,,,,,,,,17,0,34,0,0,0,0.00036402275271934365,0.00007764845047308417
"page:grimy avantoe","Grimy avantoe","page","item","item|monster","https://oldschool.runescape.wiki/w/Grimy_avantoe","2002-02-27",,"true","true","false",12,16,15,19.5,12,5,0.00017586630543134618,0.00018953770257349763
"page:grimy cadantine","Grimy cadantine","page","item","item|monster","https://oldschool.runescape.wiki/w/Grimy_cadantine","2002-02-27",,"true","true","false",8,15,8,15.5,8,4,0.00011575636803683357,0.00011787925754991797
"page:grimy dwarf weed","Grimy dwarf weed","page","item","item|monster","https://oldschool.runescape.wiki/w/Grimy_dwarf_weed","2002-02-27",,"true","true","false",8,15,8,15.5,8,4,0.00011575636803683357,0.00011787925754991797
"page:grimy guam leaf","Grimy guam leaf","page","item","item|monster","https://oldschool.runescape.wiki/w/Grimy_guam_leaf","2002-02-27",,"true","true","false",22,14,22,17.5,22,3,0.0002471337790308607,0.00038528781180927144
"page:grimy harralander","Grimy harralander","page","item","item|monster","https://oldschool.runescape.wiki/w/Grimy_harralander","2002-02-27",,"true","true","false",17,15,20,18.5,17,4,0.00019603815230298662,0.00021586016286386515
"page:grimy irit leaf","Grimy irit leaf","page","item","item|monster","https://oldschool.runescape.wiki/w/Grimy_irit_leaf","2002-02-27",,"true","true","false",13,16,16,19.5,13,5,0.00017989687536566136,0.0001946840944045143
"page:grimy kwuarm","Grimy kwuarm","page","item","item|monster","https://oldschool.runescape.wiki/w/Grimy_kwuarm","2002-02-27",,"true","true","false",11,13,14,10.5,11,2,0.00013077496104828854,0.00013478767476565523
"page:grimy lantadyme","Grimy lantadyme","page","item","item|monster","https://oldschool.runescape.wiki/w/Grimy_lantadyme","2004-03-29",,"true","true","false",10,13,13,10.5,10,2,0.0001341321168754485,0.00014213351947577822
"page:grimy marrentill","Grimy marrentill","page","item","item|monster","https://oldschool.runescape.wiki/w/Grimy_marrentill","2002-02-27",,"true","true","false",18,14,18,14.5,18,3,0.0001904578467088817,0.00020854530663045478
"page:grimy ranarr weed","Grimy ranarr weed","page","item","item|monster","https://oldschool.runescape.wiki/w/Grimy_ranarr_weed","2002-02-27",,"true","true","false",15,15,18,22.5,15,4,0.00018445830358159097,0.00019992567421567417
"page:grimy rogue's purse","Grimy rogue's purse","page","item","item|monster","https://oldschool.runescape.wiki/w/Grimy_rogue's_purse","2002-10-23",,"true","false","false",10,25,15,31,9,13,0.0001353057430638631,0.0001379310957074934
"page:grimy sito foil","Grimy sito foil","page","item","item","https://oldschool.runescape.wiki/w/Grimy_sito_foil","2002-10-23",,"true","false","false",9,20,17,18,8,10,0.00012533027703183833,0.00011572099859649743
"page:grimy snake weed","Grimy snake weed","page","item","item|monster","https://oldschool.runescape.wiki/w/Grimy_snake_weed","2002-10-23",,"true","false","false",11,24,19,23.5,10,11,0.00014625477895389633,0.0001509129058598828
"page:grimy tarromin","Grimy tarromin","page","item","item|monster","https://oldschool.runescape.wiki/w/Grimy_tarromin","2002-02-27",,"true","true","false",12,13,12,10.5,12,2,0.00016679640757881622,0.00017417825278021358
"page:grimy torstol","Grimy torstol","page","item","item|monster","https://oldschool.runescape.wiki/w/Grimy_torstol","2002-12-12",,"true","true","false",9,13,18,10.5,9,2,0.00013606046459999443,0.00013272693908301765
"page:grimy volencia moss","Grimy volencia moss","page","item","item","https://oldschool.runescape.wiki/w/Grimy_volencia_moss","2002-10-23",,"true","false","false",9,22,17,20,8,12,0.00011940961439002878,0.0001088985955019996
"page:grinder (animation item)","Grinder (animation item)","page","item","item","https://oldschool.runescape.wiki/w/Grinder_(animation_item)","2004-03-29",,"false","false","false",0,8,0,6,0,1,0.00008884151385506988,0.00007764845047308417
"page:grip","Grip","page","monster","monster","https://oldschool.runescape.wiki/w/Grip","2002-02-27",,"true",,,21,15,44,17.5,21,8,0.0001973424481263086,0.00020573935871968707
"page:grip's keyring","Grip's keyring","page","item","item","https://oldschool.runescape.wiki/w/Grip's_keyring","2002-02-27",,"true","false","false",9,13,12,19,9,4,0.00011453874308041983,0.00010594869409545816
"page:grizzly bear","grizzly bear","page","monster","monster","https://oldschool.runescape.wiki/w/Grizzly_bear","2001-01-04",,"false",,,2,17,5,13,2,3,0.00009679049141053259,0.00008498191525729845
"category:isafdar","Isafdar","category",,,,,,,,,1,0,0.5,0,0,0,0.00009200581838195686,0.00007764845047308417
"page:groats' farm","Groats' farm","page","location","location","https://oldschool.runescape.wiki/w/Groats'_farm","2001-01-04",,"false",,,5,9,14,14,5,5,0.00011946570228662153,0.00010639677949098432
"page:grog","Grog","page","item","item","https://oldschool.runescape.wiki/w/Grog","2002-02-27",,"true","true","false",5,19,5,19,5,7,0.00010543702345622046,0.00010421677585297425
"page:grotto (music track)","Grotto (music track)","page","music","music","https://oldschool.runescape.wiki/w/Grotto_(music_track)","2004-07-13",,"true",,,1,7,1,5,1,3,0.00009015482319032024,0.0000788937558137998
"page:grotto tree","Grotto tree","page","scenery","scenery","https://oldschool.runescape.wiki/w/Grotto_tree","2004-07-13",,"true",,,0,17,0,19,0,9,0.00008884151385506988,0.00007764845047308417
"page:ground bat bones","Ground bat bones","page","item","item","https://oldschool.runescape.wiki/w/Ground_bat_bones","2003-05-07",,"true","true","false",26,19,39,20,24,7,0.00020018196100639985,0.00020203806714407966
"page:ground charcoal","ground charcoal","page","item","item","https://oldschool.runescape.wiki/w/Ground_charcoal","2003-07-09",,"true","false","false",5,22,13,40.5,4,13,0.00011075691916067685,0.00010006334282924911
"page:grubor","Grubor","page","npc","npc","https://oldschool.runescape.wiki/w/Grubor","2002-02-27",,"true",,,20,21,20,28.5,20,13,0.00013749172281635473,0.00013157128695014575
"page:grud's herblore stall.","Grud's Herblore Stall.","page","shop","shop","https://oldschool.runescape.wiki/w/Grud's_Herblore_Stall.","2003-05-07",,"true",,,1,13,5,11,1,9,0.0000977148406354729,0.00008707499492908762
"page:grum","Grum","page","npc","npc","https://oldschool.runescape.wiki/w/Grum","2001-05-08",,"false",,,7,24,14,32.5,7,17,0.0001251586040476939,0.00011466378039359012
"page:grum's gold exchange.","Grum's Gold Exchange.","page","shop","shop","https://oldschool.runescape.wiki/w/Grum's_Gold_Exchange.","2001-05-08",,"false",,,1,19,1,27,1,15,0.00009038264215663917,0.0000790527309636784
"page:grumpy","Grumpy","page","music","music","https://oldschool.runescape.wiki/w/Grumpy","2004-05-18",,"false",,,0,10,0,19,0,6,0.00008884151385506988,0.00007764845047308417
"page:gu'tanoth","Gu'Tanoth","page","location","location","https://oldschool.runescape.wiki/w/Gu'Tanoth","2003-05-07",,"true",,,24,15,116,23,24,9,0.00040508941475679116,0.0004399427233788098
"page:guam leaf","guam leaf","page","item","item","https://oldschool.runescape.wiki/w/Guam_leaf","2002-02-27",,"true","true","false",18,14,44,13,16,3,0.00026369517798271373,0.00029670479264790685
"page:guam potion (unf)","Guam potion (unf)","page","item","item","https://oldschool.runescape.wiki/w/Guam_potion_(unf)","2002-02-27",,"true","true","false",26,19,38,24,25,6,0.0002093633527867775,0.00023231550328003042
"page:guard","guard","page","monster","npc|monster","https://oldschool.runescape.wiki/w/Guard","2001",,,,,7,29,33,42,7,13,0.00021819269328426396,0.00021591763990602437
"page:guard (burthorpe)","Guard (Burthorpe)","page","monster","monster","https://oldschool.runescape.wiki/w/Guard_(Burthorpe)","2004-08-09",,"true",,,5,16,8,21.5,5,9,0.00011052697133149955,0.00010057173162413512
"page:guard (carnillean)","Guard (Carnillean)","page","npc","npc","https://oldschool.runescape.wiki/w/Guard_(Carnillean)","2002-08-15",,"true",,,2,16,2,27,2,9,0.00009694540798461854,0.00009030953918809025
"page:guard (combat training camp)","Guard (Combat Training Camp)","page","npc","npc|guide","https://oldschool.runescape.wiki/w/Guard_(Combat_Training_Camp)","2002-10-23",,"true",,,1,15,1,30,1,10,0.00009109570152005184,0.00008009293873448894
"page:guard (east varrock)","Guard (East Varrock)","page","npc","npc","https://oldschool.runescape.wiki/w/Guard_(East_Varrock)","2002-10-23",,"false",,,17,18,23,32,17,11,0.0001403572519243144,0.00013515319381528034
"page:guard (goutweed)","Guard (Goutweed)","page","npc","npc","https://oldschool.runescape.wiki/w/Guard_(Goutweed)","2004-08-24",,"true",,,1,15,1,12.5,1,10,0.00009341819790215447,0.0000870771909099311
"page:guard (ranging guild)","Guard (Ranging Guild)","page","monster","monster","https://oldschool.runescape.wiki/w/Guard_(Ranging_Guild)","2004-03-29",,"true",,,14,12,17,9,14,6,0.00015439837368256583,0.0001509881313030133
"page:guard (sinclair mansion)","Guard (Sinclair Mansion)","page","npc","npc","https://oldschool.runescape.wiki/w/Guard_(Sinclair_Mansion)","2003-06-09",,"true",,,25,17,25,15,25,10,0.00018194657417503816,0.00018479804474170748
"page:guard (unused)","Guard (unused)","page","monster","monster","https://oldschool.runescape.wiki/w/Guard_(unused)","2004-03-29","2007-05-29","false",,,0,7,0,12,0,3,0.00008884151385506988,0.00007764845047308417
"page:guard bandit","Guard Bandit","page","monster","monster","https://oldschool.runescape.wiki/w/Guard_Bandit","2002-02-27",,"false",,,2,14,9,12.5,2,5,0.00010912920283990753,0.0000956487731252465
"page:guard dog","Guard dog","page","monster","npc|monster","https://oldschool.runescape.wiki/w/Guard_dog","2002-02-27",,"true",,,4,13,10,8,4,3,0.00013073274188771114,0.00012122224324059673
"page:guardian of armadyl","Guardian of Armadyl","page","monster","monster","https://oldschool.runescape.wiki/w/Guardian_of_Armadyl","2002-06-17",,"true",,,11,14,18,13.5,11,7,0.00015444895155935985,0.00015677734816262878
"category:armadyleans","Armadyleans","category",,,,,,,,,2,0,1,0,0,0,0.00009978777712661738,0.00007764845047308417
"page:guardians of armadyl","Guardians of Armadyl","page","article","article","https://oldschool.runescape.wiki/w/Guardians_of_Armadyl","2002-06-17",,,,,2,9,5,7,2,5,0.00010020675351135594,0.00009195552044012059
"page:guide book","Guide book","page","item","item","https://oldschool.runescape.wiki/w/Guide_book","2002-04-30",,"true","false","false",8,14,11,15,8,4,0.00016719569268788164,0.0001734531040196782
"page:guidor","Guidor","page","npc","npc","https://oldschool.runescape.wiki/w/Guidor","2002-10-23",,"false",,,20,17,35,25,20,10,0.00016173633189609882,0.00015703402015097698
"page:guild door (crafting guild)","Guild Door (Crafting Guild)","page","scenery","scenery","https://oldschool.runescape.wiki/w/Guild_Door_(Crafting_Guild)","2002-02-27",,"false",,,0,14,0,22.5,0,8,0.00008884151385506988,0.00007764845047308417
"page:guild door (ranging guild)","Guild door (Ranging Guild)","page","scenery","scenery","https://oldschool.runescape.wiki/w/Guild_door_(Ranging_Guild)","2004-01-21",,"true",,,0,17,0,15.5,0,11,0.00008884151385506988,0.00007764845047308417
"page:guildmaster","Guildmaster","page","npc","npc","https://oldschool.runescape.wiki/w/Guildmaster","2001-02-13",,"false",,,34,15,40,27,34,8,0.00019900026745656702,0.00019971708125781463
"page:gujuo","Gujuo","page","npc","npc","https://oldschool.runescape.wiki/w/Gujuo","2003-08-20",,"true",,,52,14,68,18,52,7,0.00036963675997506574,0.00042488591107737447
"page:gull","Gull","page","npc","npc","https://oldschool.runescape.wiki/w/Gull","2004-03-29",,"false",,,0,9,0,10,0,2,0.00008884151385506988,0.00007764845047308417
"page:gulluck","Gulluck","page","npc","npc","https://oldschool.runescape.wiki/w/Gulluck","2002-12-12",,"true",,,2,25,9,53,2,17,0.00011333700621763116,0.00010492020280471019
"page:gulluck and sons","Gulluck and Sons","page","shop","shop","https://oldschool.runescape.wiki/w/Gulluck_and_Sons","2002-12-12",,"true",,,5,19,20,37,5,15,0.00011847493038084003,0.00012477272267653124
"page:gundai","Gundai","page","npc","npc","https://oldschool.runescape.wiki/w/Gundai","2003-09-22",,"true",,,9,15,9,15.5,9,7,0.00013169887678919927,0.00013106848253440504
"page:gunnjorn","Gunnjorn","page","npc","npc","https://oldschool.runescape.wiki/w/Gunnjorn","2002-12-12",,"true",,,0,16,0,33,0,9,0.00008884151385506988,0.00007764845047308417
"category:horror from the deep","Horror from the Deep","category",,,,,,,,,1,0,0.5,0,0,0,0.00008998568486684103,0.00007764845047308417
"page:gunthor the brave","Gunthor the brave","page","monster","monster","https://oldschool.runescape.wiki/w/Gunthor_the_brave","2001-01-04",,"false",,,5,17,9,15.5,5,8,0.0001096633687552345,0.00009879623604401541
"page:guthix cape","Guthix cape","page","item","item","https://oldschool.runescape.wiki/w/Guthix_cape","2003-09-22",,"true","false","true",9,17,12,20.5,9,3,0.00012878517807851826,0.00012282751223049413
"page:guthix full helm","Guthix full helm","page","item","item","https://oldschool.runescape.wiki/w/Guthix_full_helm","2004-05-05",,"false","true","true",1,26,1,27,1,7,0.00009180289765024226,0.00008272546455446329
"page:guthix kiteshield","Guthix kiteshield","page","item","item","https://oldschool.runescape.wiki/w/Guthix_kiteshield","2004-05-05",,"false","true","true",1,23,1,24.5,1,5,0.00009180289765024226,0.00008272546455446329
"page:guthix platebody","Guthix platebody","page","item","item","https://oldschool.runescape.wiki/w/Guthix_platebody","2004-05-05",,"false","true","true",1,25,1,29,1,6,0.00009180289765024226,0.00008272546455446329
"page:guthix platelegs","Guthix platelegs","page","item","item","https://oldschool.runescape.wiki/w/Guthix_platelegs","2004-05-05",,"false","true","true",1,24,1,25,1,5,0.00009180289765024226,0.00008272546455446329
"page:guthix staff","Guthix staff","page","item","item","https://oldschool.runescape.wiki/w/Guthix_staff","2003-09-22",,"true","false","true",10,23,10,33,10,8,0.000127816623306393,0.0001228906351501496
"page:hadley","Hadley","page","npc","npc","https://oldschool.runescape.wiki/w/Hadley","2002-09-24",,"true",,,9,15,12,16,9,8,0.00011503348750201137,0.00010485615089478762
"page:hair of the dog","Hair of the Dog","page","shop","shop","https://oldschool.runescape.wiki/w/Hair_of_the_Dog","2004-06-29",,"true",,,3,10,13,14,3,4,0.00011477767824762305,0.00010934250518516002
"page:hairdresser","Hairdresser","page","npc","npc","https://oldschool.runescape.wiki/w/Hairdresser","2004-03-29",,"false",,,18,13,24,20,18,4,0.00018225315954973424,0.00020183770346979144
"action:haircut","Haircut","action",,,,,,,,,1,0,2,0,0,0,0.00010433303241681072,0.00007764845047308417
"action:shave","Shave","action",,,,,,,,,1,0,2,0,0,0,0.00010433303241681072,0.00007764845047308417
"page:hajedy","Hajedy","page","npc","npc","https://oldschool.runescape.wiki/w/Hajedy","2004-03-29",,"true",,,8,20,14,26.5,8,13,0.00011501581449515936,0.00010456530508754633
"action:pay-fare","Pay-fare","action",,,,,,,,,3,0,6,0,0,0,0.00010245925486992607,0.00007764845047308417
"page:halberd (unobtainable item)","Halberd (unobtainable item)","page","item","item","https://oldschool.runescape.wiki/w/Halberd_(unobtainable_item)","2004-03-29",,"false","false","false",16,12,16,9.5,16,4,0.00016906696339540384,0.00021011680688250514
"page:half baked batta","Half baked batta","page","item","item","https://oldschool.runescape.wiki/w/Half_baked_batta","2002-12-12",,"true","false","false",17,18,44,18.5,17,8,0.00017338292346522478,0.00017952162148436427
"action:prepare","Prepare","action",,,,,,,,,3,0,6,0,0,0,0.00013001489831446708,0.00007764845047308417
"page:half baked bowl","Half baked bowl","page","item","item","https://oldschool.runescape.wiki/w/Half_baked_bowl","2002-12-12",,"true","false","false",10,21,25,27.5,10,11,0.00014027721736959412,0.00014024038430554282
"page:half baked crunchy","Half baked crunchy","page","item","item","https://oldschool.runescape.wiki/w/Half_baked_crunchy","2002-12-12",,"true","false","false",34,19,52,19.5,34,9,0.00019005866641480689,0.0002046441457407241
"page:half full wine jug","Half full wine jug","page","item","item","https://oldschool.runescape.wiki/w/Half_full_wine_jug","2001-03-17",,"false","true","false",5,17,11,17,5,5,0.00012903969932737423,0.00012838271133270776
"page:half-soulless","half-soulless","page","npc","npc","https://oldschool.runescape.wiki/w/Half-soulless","2003-03-03",,"true",,,4,8,16,8.5,4,3,0.00015781641143780946,0.00016808545689222788
"page:hamid","Hamid","page","npc","npc","https://oldschool.runescape.wiki/w/Hamid","2004-05-10",,"false",,,10,13,10,17,10,6,0.00014750441170552624,0.00016200053115026524
"page:hammer","Hammer","page","item","item|monster","https://oldschool.runescape.wiki/w/Hammer","2001-01-04",,"false","true","false",264,16,536.5,14.5,185,4,0.00116868168337361,0.001203851937421463
"page:hammock","Hammock","page","scenery","scenery","https://oldschool.runescape.wiki/w/Hammock","2002-12-12",,"true",,,0,5,0,4,0,0,0.00008884151385506988,0.00007764845047308417
"page:hand holds (brimhaven agility arena)","Hand holds (Brimhaven Agility Arena)","page","scenery","scenery","https://oldschool.runescape.wiki/w/Hand_holds_(Brimhaven_Agility_Arena)","2004-07-27",,"true",,,2,18,2,25,2,9,0.00009396997948048764,0.00008305289517354211
"action:climb-across","Climb-across","action",,,,,,,,,1,0,2,0,0,0,0.00009523147245975107,0.00007764845047308417
"page:handelmort mansion","Handelmort Mansion","page","location","location","https://oldschool.runescape.wiki/w/Handelmort_Mansion","2002-04-30",,"true",,,3,21,13,31,3,15,0.00011089482573465048,0.00010230823315406845
"page:hanging meat","Hanging meat","page","scenery","scenery","https://oldschool.runescape.wiki/w/Hanging_meat","2004-06-29",,"false",,,0,13,0,18.5,0,5,0.00008884151385506988,0.00007764845047308417
"page:hanging wheel","Hanging wheel","page","scenery","scenery","https://oldschool.runescape.wiki/w/Hanging_wheel","2004-03-29",,"false",,,0,11,0,17,0,6,0.00008884151385506988,0.00007764845047308417
"page:hangover cure","Hangover cure","page","item","item","https://oldschool.runescape.wiki/w/Hangover_cure","2002-08-27",,"true","false","false",19,19,33,41.5,19,10,0.00015969846415175452,0.00015584018835401394
"category:skippy and the mogres","Skippy and the Mogres","category",,,,,,,,,1,0,0.5,0,0,0,0.00009047698005421558,0.00007764845047308417
"page:hans","Hans","page","npc","npc","https://oldschool.runescape.wiki/w/Hans","2001-01-04",,"false",,,12,21,12,20,12,7,0.00013189181809423794,0.00012493569148403448
"action:age","Age","action",,,,,,,,,1,0,2,0,0,0,0.00010005231839308595,0.00007764845047308417
"page:happy heroes' h'emporium.","Happy Heroes' H'emporium.","page","shop","shop","https://oldschool.runescape.wiki/w/Happy_Heroes'_H'emporium.","2002-02-27",,"true",,,3,17,10,21,3,13,0.00011453048380161158,0.00010632089593013536
"page:hard leather","Hard leather","page","item","item|monster","https://oldschool.runescape.wiki/w/Hard_leather","2004-03-29",,"false","true","false",6,25,6,44,6,9,0.00010578931451389514,0.00010191481933934478
"page:hardleather body","Hardleather body","page","item","item|monster","https://oldschool.runescape.wiki/w/Hardleather_body","2004-03-29",,"false","true","true",3,22,3,21,3,5,0.00009501373350140016,0.00008491648236595576
"page:harmony (music track)","Harmony (music track)","page","music","music","https://oldschool.runescape.wiki/w/Harmony_(music_track)","2004-03-15",,"false",,,4,13,15,22,4,7,0.0001819738636988425,0.00017802354532582256
"page:harmony 2","Harmony 2","page","music","music","https://oldschool.runescape.wiki/w/Harmony_2","2004-04-01",,"false",,,0,9,0,6,0,3,0.00008884151385506988,0.00007764845047308417
"page:harold","Harold","page","npc","npc","https://oldschool.runescape.wiki/w/Harold","2004-08-09",,"true",,,20,21,38,33,20,14,0.0001747195694639707,0.00016835398939018354
"page:harpoon","Harpoon","page","item","item|monster","https://oldschool.runescape.wiki/w/Harpoon","2001-06-11",,"false","true","false",10,19,25,27,10,8,0.00015848814241133384,0.00015305214426343771
"page:harralander","Harralander","page","item","item","https://oldschool.runescape.wiki/w/Harralander","2002-02-27",,"true","true","false",12,21,27,26,11,10,0.000218232382168185,0.00022767797570782245
"page:harralander potion (unf)","Harralander potion (unf)","page","item","item","https://oldschool.runescape.wiki/w/Harralander_potion_(unf)","2002-02-27",,"true","true","false",22,22,34,33,21,9,0.00020745761588323723,0.0002257360779012579
"page:harry","Harry","page","npc","npc","https://oldschool.runescape.wiki/w/Harry","2002-02-27",,"true",,,2,20,9,28.5,2,11,0.00010285465985490619,0.00009056172541920062
"page:harry's fishing shop.","Harry's Fishing Shop.","page","shop","shop","https://oldschool.runescape.wiki/w/Harry's_Fishing_Shop.","2002-02-27",,"true",,,0,22,0,48.5,0,17,0.00008884151385506988,0.00007764845047308417
"page:hat stand","Hat stand","page","scenery","scenery","https://oldschool.runescape.wiki/w/Hat_stand","2004-03-29",,"false",,,0,13,0,17.5,0,7,0.00008884151385506988,0.00007764845047308417
"page:hazeel","Hazeel","page","npc","npc","https://oldschool.runescape.wiki/w/Hazeel","2002-08-15",,"true",,,12,22,21,21,12,9,0.00015177946152126584,0.0001631127587135419
"category:desert treasure ii - the fallen empire","Desert Treasure II - The Fallen Empire","category",,,,,,,,,3,0,1.5,0,0,0,0.0000939149885323048,0.00007764845047308417
"page:hazeel cult","Hazeel Cult","page","quest","quest","https://oldschool.runescape.wiki/w/Hazeel_Cult","2002-08-15",,"true",,,22,25,94,66,21,21,0.00029512750518551,0.0003011157022752049
"page:hazeel cultist","Hazeel Cultist","page","npc","npc","https://oldschool.runescape.wiki/w/Hazeel_Cultist","2002-08-15",,"true",,,6,21,6,35.5,6,13,0.00009994775404942251,0.0000903960285645528
"page:hazeel scroll","Hazeel scroll","page","item","item","https://oldschool.runescape.wiki/w/Hazeel_scroll","2002-08-15",,"true","false","false",4,25,4,41,4,16,0.00009641161823014585,0.00008680468243539295
"page:hazeel's mark","Hazeel's mark","page","item","item","https://oldschool.runescape.wiki/w/Hazeel's_mark","2002-08-15",,"true","false","true",3,24,3,30.5,3,11,0.00009379758711385487,0.0000828904129254094
"page:hazelmere","Hazelmere","page","npc","npc","https://oldschool.runescape.wiki/w/Hazelmere","2002-12-12",,"true",,,17,21,30,29,17,6,0.00015010052258007393,0.0001447251703080784
"page:hazelmere's scroll","Hazelmere's scroll","page","item","item","https://oldschool.runescape.wiki/w/Hazelmere's_scroll","2004-03-29",,"true","false","false",11,24,11,31.5,11,15,0.00011245258613346785,0.00010369805412760945
"page:head chef","Head chef","page","npc","npc","https://oldschool.runescape.wiki/w/Head_chef","2001-03-17",,"false",,,0,14,0,27.5,0,6,0.00008884151385506988,0.00007764845047308417
"page:head guard (fight arena)","Head Guard (Fight Arena)","page","npc","npc","https://oldschool.runescape.wiki/w/Head_Guard_(Fight_Arena)","2002-07-23",,"true",,,21,12,27,24.5,21,6,0.00016060938667707088,0.0001549081287346567
"page:head mourner","Head Mourner","page","npc","npc","https://oldschool.runescape.wiki/w/Head_Mourner","2002-08-27",,"true",,,15,24,15,24.5,15,16,0.0001298132449082962,0.00012253627531258108
"category:elves","Elves","category",,,,,,,,,1,0,0.5,0,0,0,0.00009109337626674713,0.00007764845047308417
"page:head thief","Head Thief","page","monster","monster","https://oldschool.runescape.wiki/w/Head_Thief","2002-05-28",,"true",,,0,16,0,19,0,10,0.00008884151385506988,0.00007764845047308417
"page:headless arrow","headless arrow","page","item","item|monster","https://oldschool.runescape.wiki/w/Headless_arrow","2002-03-25",,"true","true","false",17,23,44,34.5,17,10,0.00020534677081141667,0.00027432007203783917
"page:heart and mind","Heart and Mind","page","music","music","https://oldschool.runescape.wiki/w/Heart_and_Mind","2004-04-20",,"false",,,0,13,0,28.5,0,8,0.00008884151385506988,0.00007764845047308417
"page:heart crystal","Heart crystal","page","item","item","https://oldschool.runescape.wiki/w/Heart_crystal","2003-08-20",,"true","false","false",9,17,36,25,9,9,0.00023697669417315807,0.0002578030827330689
"page:heckel funch","Heckel Funch","page","npc","npc","https://oldschool.runescape.wiki/w/Heckel_Funch","2002-12-12",,"true",,,8,25,30,41.5,8,16,0.00016369784790732278,0.00017242749467451897
"page:helemos","Helemos","page","npc","npc","https://oldschool.runescape.wiki/w/Helemos","2002-02-27",,"true",,,2,19,2,31.5,2,12,0.00009520030039003064,0.00008433072175027714
"page:hellhound","hellhound","page","monster","npc|monster","https://oldschool.runescape.wiki/w/Hellhound","2002-02-27",,"true",,,2,20,9,14.5,2,3,0.00010918002040776879,0.00009835001443049503
"category:content released in 2013","Content released in 2013","category",,,,,,,,,5,0,2.5,0,0,0,0.00011586955052083524,0.00007764845047308417
"category:god wars dungeon","God Wars Dungeon","category",,,,,,,,,5,0,2.5,0,0,0,0.00011586955052083524,0.00007764845047308417
"category:witchaven dungeon","Witchaven Dungeon","category",,,,,,,,,4,0,2,0,0,0,0.00010087736660272556,0.00007764845047308417
"page:helmet shop.","Helmet Shop.","page","shop","shop","https://oldschool.runescape.wiki/w/Helmet_Shop.","2001-01-04",,"false",,,2,14,6,22,2,10,0.0001036550790323263,0.00009435827755212303
"page:hemenster","Hemenster","page","location","location","https://oldschool.runescape.wiki/w/Hemenster","2002-05-28",,"true",,,24,19,79,22,24,13,0.00037799064871187125,0.00041015508146514425
"page:hengrad","Hengrad","page","npc","npc","https://oldschool.runescape.wiki/w/Hengrad","2002-07-23",,"true",,,18,15,18,30.5,18,9,0.00013249307521457415,0.00012367857961696792
"page:henryeta carnillean","Henryeta Carnillean","page","npc","npc","https://oldschool.runescape.wiki/w/Henryeta_Carnillean","2002-08-15",,"true",,,5,38,8,59.5,5,25,0.00010339209740265945,0.00009220863620931893
"page:herb bowl (animation item)","Herb bowl (animation item)","page","item","item","https://oldschool.runescape.wiki/w/Herb_bowl_(animation_item)","2004-03-29",,"false","false","false",1,8,1,6,1,1,0.00009570653992569676,0.00008864864764940559
"page:herblore","Herblore","page","skill","skill","https://oldschool.runescape.wiki/w/Herblore","2002-02-27",,"true",,,159,18,494,22.5,126,15,0.0012524726930765637,0.0014342860222119952
"page:herblore level up!","Herblore Level Up!","page","music","music","https://oldschool.runescape.wiki/w/Herblore_Level_Up!","2004-03-29",,"true",,,0,8,0,5.5,0,3,0.00008884151385506988,0.00007764845047308417
"page:herblore level up! (unlocks)","Herblore Level Up! (Unlocks)","page","music","music","https://oldschool.runescape.wiki/w/Herblore_Level_Up!_(Unlocks)","2004-03-29",,"true",,,0,9,0,9.5,0,4,0.00008884151385506988,0.00007764845047308417
"page:hermit","Hermit","page","music","music","https://oldschool.runescape.wiki/w/Hermit","2004-08-09",,"true",,,0,11,0,15.5,0,6,0.00008884151385506988,0.00007764845047308417
"page:hero","Hero","page","monster","monster","https://oldschool.runescape.wiki/w/Hero","2002-04-30",,"true",,,3,23,9,33,3,13,0.00011505783558198622,0.00010528087760138522
"page:heroes' guild","Heroes' Guild","page","location","location","https://oldschool.runescape.wiki/w/Heroes'_Guild","2002-02-27",,"true",,,10,21,37,33.5,10,14,0.00016793903444896536,0.0001652553677239961
"page:heroes' guild mine","Heroes' Guild mine","page","location","location","https://oldschool.runescape.wiki/w/Heroes'_Guild_mine","2002-02-27",,"true",,,0,23,0,36,0,17,0.00008884151385506988,0.00007764845047308417
"page:heroes' quest","Heroes' Quest","page","quest","quest","https://oldschool.runescape.wiki/w/Heroes'_Quest","2002-02-27",,"true",,,32,41,142,136.5,32,36,0.0004257272742022553,0.0005199858297981671
"page:herquin","Herquin","page","npc","npc","https://oldschool.runescape.wiki/w/Herquin","2001-05-08",,"false",,,13,17,20,22.5,13,8,0.00015352792645865313,0.00015206533755114372
"page:herquin's gems.","Herquin's Gems.","page","shop","shop","https://oldschool.runescape.wiki/w/Herquin's_Gems.","2001-05-08",,"false",,,7,17,7,29,7,13,0.00010175068812010134,0.00008948407734829781
"page:herring","Herring","page","item","item","https://oldschool.runescape.wiki/w/Herring","2001-06-11",,"false","true","false",20,24,23,37,20,9,0.00013342181481696455,0.0001318246423091773
"page:hetty","Hetty","page","npc","npc","https://oldschool.runescape.wiki/w/Hetty","2001-04-06",,"false",,,7,14,17,11.5,7,6,0.0001234153768792236,0.00011455221190259165
"page:hickton","Hickton","page","npc","npc","https://oldschool.runescape.wiki/w/Hickton","2002-02-27",,"true",,,1,20,5,31.5,1,11,0.00010102139881908531,0.00008902796479341667
"page:hickton's archery emporium.","Hickton's Archery Emporium.","page","shop","shop","https://oldschool.runescape.wiki/w/Hickton's_Archery_Emporium.","2002-02-27",,"true",,,0,15,0,31,0,11,0.00008884151385506988,0.00007764845047308417
"page:high level alchemy","High Level Alchemy","page","spell","spell","https://oldschool.runescape.wiki/w/High_Level_Alchemy","2001-05-24",,"false",,,33,10,55,14,33,6,0.0002808891685248808,0.0003672248470390689
"page:high priest (entrana)","High Priest (Entrana)","page","npc","npc","https://oldschool.runescape.wiki/w/High_Priest_(Entrana)","2002-07-23",,"true",,,24,31,24,44.5,24,16,0.00014552154042055257,0.0001387029088408143
"page:high seas","High Seas","page","music","music","https://oldschool.runescape.wiki/w/High_Seas","2004-03-15",,"true",,,2,10,8,19,2,6,0.00011841266519353677,0.00010695297577035295
"page:highwayman","Highwayman","page","monster","monster","https://oldschool.runescape.wiki/w/Highwayman","2001-01-21",,"false",,,1,11,4,7.5,1,4,0.00010075957272054687,0.00009785622014896477
"page:highwayman mask","Highwayman mask","page","item","item","https://oldschool.runescape.wiki/w/Highwayman_mask","2004-05-05",,"true","true","true",1,24,4,31.5,1,6,0.00011041731007704008,0.0001069823096099413
"page:highwayman mask (unobtainable item)","Highwayman mask (unobtainable item)","page","item","item","https://oldschool.runescape.wiki/w/Highwayman_mask_(unobtainable_item)","2004-03-29",,"false","false","false",0,13,0,14,0,6,0.00008884151385506988,0.00007764845047308417
"page:hild","Hild","page","npc","npc","https://oldschool.runescape.wiki/w/Hild","2004-08-09",,"true",,,5,16,5,24,5,9,0.0001005203045582397,0.00008979971493420325
"page:hill giant","Hill Giant","page","monster","npc|monster","https://oldschool.runescape.wiki/w/Hill_Giant","2001",,,,,3,29,9,40,3,9,0.0001232259283001695,0.0001291769883202576
"page:history of iban","History of iban","page","item","item","https://oldschool.runescape.wiki/w/History_of_iban","2003-03-03",,"true","false","false",36,14,36,14.5,36,3,0.0003084943868104517,0.0004445653174903117
"page:hitpoints","Hitpoints","page","skill","skill","https://oldschool.runescape.wiki/w/Hitpoints","2001-01-04",,"false",,,386,4,724,2,386,0,0.002624071137934566,0.003785613181938871
"category:hitpoints","Hitpoints","category",,,,,,,,,1,0,0.5,0,0,0,0.0006464566306657411,0.00007764845047308417
"page:hitpoints level up! (2-49)","Hitpoints Level Up! (2-49)","page","music","music","https://oldschool.runescape.wiki/w/Hitpoints_Level_Up!_(2-49)","2004-03-29",,"false",,,0,9,0,9.5,0,4,0.00008884151385506988,0.00007764845047308417
"page:hitpoints level up! (50-99)","Hitpoints Level Up! (50-99)","page","music","music","https://oldschool.runescape.wiki/w/Hitpoints_Level_Up!_(50-99)","2004-03-29",,"false",,,0,9,0,9.5,0,4,0.00008884151385506988,0.00007764845047308417
"page:hobbes","Hobbes","page","npc","npc","https://oldschool.runescape.wiki/w/Hobbes","2003-06-09",,"true",,,26,18,29,16,26,11,0.0001769165079583527,0.00017447175336472915
"page:hobgoblin","Hobgoblin","page","monster","monster","https://oldschool.runescape.wiki/w/Hobgoblin","2001-01-04",,"false",,,11,26,34,18,11,4,0.00021158606263918072,0.00021935186444417359
"category:waterbirth island","Waterbirth Island","category",,,,,,,,,2,0,1,0,0,0,0.00009516113147399049,0.00007764845047308417
"page:hobgoblin peninsula","Hobgoblin Peninsula","page","location","location","https://oldschool.runescape.wiki/w/Hobgoblin_Peninsula","2002-02-27",,"false",,,2,19,6,40.5,2,16,0.00010369698010626247,0.00010239889411980737
"page:hole (skavid caves)","Hole (Skavid caves)","page","scenery","scenery","https://oldschool.runescape.wiki/w/Hole_(Skavid_caves)","2003-05-07",,"true",,,3,8,9,9.5,3,2,0.0001624714163700362,0.0001934072126090945
"action:climb-down","Climb-down","action",,,,,,,,,24,0,42.5,0,0,0,0.00021903916952408095,0.00007764845047308417
"page:hole (yanille)","Hole (Yanille)","page","scenery","scenery","https://oldschool.runescape.wiki/w/Hole_(Yanille)","2003-05-07",,"true",,,1,7,4,9,1,2,0.00011035794319472816,0.00010454443915846841
"page:holgart","Holgart","page","npc","npc","https://oldschool.runescape.wiki/w/Holgart","2002-09-09",,"true",,,8,14,11,20.5,8,7,0.0001245167829963054,0.0001198430841039873
"page:hollow reed","hollow reed","page","item","item","https://oldschool.runescape.wiki/w/Hollow_reed","2003-08-20",,"true","false","false",4,14,16,15,4,7,0.00012881496721110563,0.0001317496212574439
"page:hollow reed (unobtainable item)","Hollow reed (unobtainable item)","page","item","item","https://oldschool.runescape.wiki/w/Hollow_reed_(unobtainable_item)","2004-03-29","2007-01-22","false","false","false",0,14,0,14.5,0,6,0.00008884151385506988,0.00007764845047308417
"page:holthion","Holthion","page","monster","monster","https://oldschool.runescape.wiki/w/Holthion","2003-03-03",,"true",,,4,15,17,20,4,7,0.00012317458109320603,0.00011224502884199431
"page:holy barrier","Holy barrier","page","scenery","scenery","https://oldschool.runescape.wiki/w/Holy_barrier","2004-06-29",,"true",,,0,5,0,4,0,0,0.00008884151385506988,0.00007764845047308417
"action:pass-through","Pass-through","action",,,,,,,,,1,0,2,0,0,0,0.00012659915724351774,0.00007764845047308417
"page:holy force","Holy force","page","item","item","https://oldschool.runescape.wiki/w/Holy_force","2003-08-20",,"true","false","false",37,16,43,21,37,8,0.00022336395078955312,0.0002387602856840487
"action:cast spell","Cast Spell","action",,,,,,,,,1,0,2,0,0,0,0.00010692335749041514,0.00007764845047308417
"page:holy grail","Holy Grail","page","quest","quest","https://oldschool.runescape.wiki/w/Holy_Grail","2002-07-23",,"true",,,25,36,103,120,24,32,0.00032707685780043456,0.00033340103800718647
"page:holy grail (item)","Holy grail (item)","page","item","item","https://oldschool.runescape.wiki/w/Holy_grail_(item)","2002-07-23",,"true","false","false",7,25,7,35.5,7,17,0.00010213840507099657,0.00009116728686443217
"page:holy lake","Holy Lake","page","location","location","https://oldschool.runescape.wiki/w/Holy_Lake","2002-10-23",,"true",,,0,7,0,7.5,0,2,0.00008884151385506988,0.00007764845047308417
"category:bodies of water","Bodies of water","category",,,,,,,,,4,0,2,0,0,0,0.00009946566237917305,0.00007764845047308417
"page:holy mould","Holy mould","page","item","item|monster","https://oldschool.runescape.wiki/w/Holy_mould","2001-07-12",,"false","true","false",7,20,11.5,27.5,6,8,0.00011058878944401334,0.00010139547969850707
"page:holy symbol","Holy symbol","page","item","item|prayer","https://oldschool.runescape.wiki/w/Holy_symbol","2001-07-12",,"false","true","true",6,22,12,25,6,3,0.00010524685537268658,0.00010357115035823796
"category:silver","Silver","category",,,,,,,,,10,0,5,0,0,0,0.00009960411365703871,0.00007764845047308417
"page:holy table napkin","Holy table napkin","page","item","item","https://oldschool.runescape.wiki/w/Holy_table_napkin","2002-07-23",,"true","false","false",7,22,10,36,7,15,0.0001075166453129709,0.00009696092775533633
"page:holy water","holy water","page","item","item","https://oldschool.runescape.wiki/w/Holy_water","2003-08-20",,"true","false","true",5,26,17,40,5,8,0.00011363475863221296,0.00010320629069926483
"page:hopper","hopper","page","scenery","scenery","https://oldschool.runescape.wiki/w/Hopper","2001-01-04",,"false",,,5,21,14,33.5,5,5,0.00014719682266472675,0.00016084816275041818
"page:hopper controls","Hopper controls","page","scenery","scenery","https://oldschool.runescape.wiki/w/Hopper_controls","2001-01-04",,"false",,,3,16,9,28.5,3,7,0.00011369642875692926,0.00011022595749526684
"action:operate","Operate","action",,,,,,,,,4,0,8,0,0,0,0.0001134372686184515,0.00007764845047308417
"page:hops (biohazard)","Hops (Biohazard)","page","npc","npc","https://oldschool.runescape.wiki/w/Hops_(Biohazard)","2002-10-23",,"false",,,15,22,18,38.5,15,14,0.00012905850460560143,0.00012259683248196763
"page:horacio","Horacio","page","npc","npc","https://oldschool.runescape.wiki/w/Horacio","2002-04-30",,"true",,,13,23,13,27.5,13,15,0.00011981325620100118,0.00011117849257983319
"page:horizon","Horizon","page","music","music","https://oldschool.runescape.wiki/w/Horizon","2004-03-15",,"false",,,2,8,9,5.5,2,3,0.00011886979965467289,0.000107869784597301
"page:horvik","Horvik","page","npc","npc","https://oldschool.runescape.wiki/w/Horvik","2001-01-04",,"false",,,26,21,33,21.5,26,10,0.00019312193194999762,0.00019242588961316685
"page:horvik's armour shop.","Horvik's Armour Shop.","page","shop","shop","https://oldschool.runescape.wiki/w/Horvik's_Armour_Shop.","2001-01-04",,"false",,,0,15,0,23,0,11,0.00008884151385506988,0.00007764845047308417
"page:hudo","Hudo","page","npc","npc","https://oldschool.runescape.wiki/w/Hudo","2002-12-12",,"true",,,18,25,70,41,18,17,0.0002116930603136314,0.00022584497477763985
"page:hudon","Hudon","page","npc","npc","https://oldschool.runescape.wiki/w/Hudon","2002-09-24",,"true",,,7,19,7,27.5,7,13,0.00010452415891392586,0.00009441925083318959
"page:hunk of crystal","hunk of crystal","page","item","item|monster","https://oldschool.runescape.wiki/w/Hunk_of_crystal","2003-08-20",,"true","false","false",3,18,9,24,3,9,0.0001695067532088806,0.00018399959988383896
"page:hygd","Hygd","page","monster","monster","https://oldschool.runescape.wiki/w/Hygd","2004-08-09",,"true",,,3,20,3,18.5,3,11,0.0000960264693484619,0.00008506278792047632
"page:iban","Iban","page","npc","npc","https://oldschool.runescape.wiki/w/Iban","2003-03-03",,"true",,,58,9,116,6,58,3,0.0005556149998059556,0.0006652811417629436
"page:iban (music track)","Iban (music track)","page","music","music","https://oldschool.runescape.wiki/w/Iban_(music_track)","2004-03-15",,"true",,,2,9,10,6,2,3,0.00011210982432678139,0.00010084087473731624
"page:iban blast","Iban Blast","page","spell","spell","https://oldschool.runescape.wiki/w/Iban_Blast","2003-03-03",,"true",,,1,13,8,14,1,9,0.00010525275907521454,0.00010575055470171083
"page:iban's ashes","Iban's ashes","page","item","item","https://oldschool.runescape.wiki/w/Iban's_ashes","2003-03-03",,"true","false","false",27,16,39,25.5,27,8,0.0002113838713835689,0.00022109788312311962
"page:iban's dove","Iban's dove","page","item","item","https://oldschool.runescape.wiki/w/Iban's_dove","2003-03-03",,"true","false","false",14,17,23,26.5,14,9,0.00016493637912276397,0.00016820358360443677
"page:iban's shadow","Iban's shadow","page","item","item","https://oldschool.runescape.wiki/w/Iban's_shadow","2003-03-03",,"true","false","false",2,18,8,31,2,11,0.00010065076094619663,0.00008927541719969955
"page:iban's staff","Iban's staff","page","item","item","https://oldschool.runescape.wiki/w/Iban's_staff","2003-03-03",,"true","false","true",2,29,8,52.5,2,8,0.00012670446677317523,0.00012811253379104681
"page:iban's temple","Iban's Temple","page","location","location","https://oldschool.runescape.wiki/w/Iban's_Temple","2003-03-03",,"true",,,5,20,23,45.5,5,13,0.00013354979483653736,0.0001247577097698783
"page:iban's throne","Iban's Throne","page","scenery","scenery","https://oldschool.runescape.wiki/w/Iban's_Throne","2004-04-15",,"true",,,0,14,0,19.5,0,8,0.00008884151385506988,0.00007764845047308417
"page:ice arrows","Ice arrows","page","item","item","https://oldschool.runescape.wiki/w/Ice_arrows","2002-06-17",,"true","false","true",8,20,12,27,8,7,0.00011353090568544597,0.00010674273987040905
"page:ice column","Ice Column","page","scenery","scenery","https://oldschool.runescape.wiki/w/Ice_Column","2004-03-29",,"true",,,0,5,0,4,0,0,0.00008884151385506988,0.00007764845047308417
"page:ice giant","ice giant","page","monster","monster","https://oldschool.runescape.wiki/w/Ice_giant","2001",,,,,3,25,7,21.5,3,6,0.00010711790139647646,0.00010924093913775726
"category:northern tundras","Northern Tundras","category",,,,,,,,,2,0,1,0,0,0,0.00009517821535268058,0.00007764845047308417
"page:ice gloves","Ice gloves","page","item","item|monster","https://oldschool.runescape.wiki/w/Ice_gloves","2002-02-27",,"true","false","true",6,19,12,22,6,2,0.0001448370569329353,0.0001446424052252708
"category:freeing the mountain dwarf","Freeing the Mountain Dwarf","category",,,,,,,,,4,0,2,0,0,0,0.00010294898296342251,0.00007764845047308417
"page:ice light","Ice Light","page","scenery","scenery","https://oldschool.runescape.wiki/w/Ice_Light","2004-01-21",,"true",,,2,9,2,7.5,2,3,0.00009478796052636823,0.00008404113649019727
"page:ice melody","Ice Melody","page","music","music","https://oldschool.runescape.wiki/w/Ice_Melody","2004-04-01",,"true",,,2,11,6,7,2,3,0.00010001848966784031,0.00008852373115033082
"page:ice mountain","Ice Mountain","page","location","location","https://oldschool.runescape.wiki/w/Ice_Mountain","2001-04-06",,"false",,,16,13,67,26,16,5,0.0002163672329495985,0.00021068234644866312
"category:ruins of camdozaal","Ruins of Camdozaal","category",,,,,,,,,1,0,0.5,0,0,0,0.00009237828593213596,0.00007764845047308417
"page:ice queen","Ice Queen","page","monster","monster","https://oldschool.runescape.wiki/w/Ice_Queen","2002-02-27",,"true",,,14,16,23,17.5,14,7,0.00014900553615293202,0.00014179711117315725
"page:ice queen's lair","Ice Queen's Lair","page","location","location","https://oldschool.runescape.wiki/w/Ice_Queen's_Lair","2002-02-27",,"true",,,5,15,11,31.5,5,8,0.00011993891616674094,0.00011113162210687768
"page:ice spider","Ice spider","page","monster","monster","https://oldschool.runescape.wiki/w/Ice_spider","2002-02-27",,"true",,,2,17,2,10,2,3,0.00009927657904783169,0.00009182127927832571
"page:ice throne","Ice Throne","page","scenery","scenery","https://oldschool.runescape.wiki/w/Ice_Throne","2004-01-21",,"true",,,1,15,1,19.5,1,9,0.00009082875824393555,0.00007953419856045356
"page:ice warrior","ice warrior","page","monster","monster","https://oldschool.runescape.wiki/w/Ice_warrior","2001-05-24",,"false",,,1,21,5,12,1,3,0.00009241606358770837,0.00008092234580148132
"page:id papers","Id papers","page","item","item","https://oldschool.runescape.wiki/w/Id_papers","2002-02-27",,"true","false","false",6,25,6,32.5,6,17,0.00009913318504979007,0.00008865476352274223
"page:ima","Ima","page","npc","npc","https://oldschool.runescape.wiki/w/Ima","2004-03-25",,"false",,,8,11,8,13,8,6,0.0001360076297395206,0.00014578724724707183
"page:imp","imp","page","monster","monster","https://oldschool.runescape.wiki/w/Imp","2001-02-16",,"false",,,14,20,41,15,14,4,0.0002353400347830402,0.0002559992197012191
"category:hunter","Hunter","category",,,,,,,,,2,0,1,0,0,0,0.00009628798961836181,0.00007764845047308417
"category:hunter creatures","Hunter creatures","category",,,,,,,,,1,0,0.5,0,0,0,0.00009550948150725979,0.00007764845047308417
"page:imp (unused)","Imp (unused)","page","monster","monster","https://oldschool.runescape.wiki/w/Imp_(unused)","2004-03-29","2006-07-04","false",,,0,12,0,9,0,6,0.00008884151385506988,0.00007764845047308417
"page:imp catcher","Imp Catcher","page","quest","quest","https://oldschool.runescape.wiki/w/Imp_Catcher","2001-02-16",,"false",,,11,15,45,25,11,11,0.00020312624863268847,0.0002107254789972682
"page:improved reflexes","Improved Reflexes","page","prayer","prayer","https://oldschool.runescape.wiki/w/Improved_Reflexes","2001-05-24",,"false",,,14,6,20,11,14,4,0.00017887399128043357,0.00016394314649132645
"page:in the manor","In the Manor","page","music","music","https://oldschool.runescape.wiki/w/In_the_Manor","2004-03-15",,"true",,,0,7,0,5,0,3,0.00008884151385506988,0.00007764845047308417
"page:incinerator (sheep herder)","Incinerator (Sheep Herder)","page","scenery","scenery","https://oldschool.runescape.wiki/w/Incinerator_(Sheep_Herder)","2002-08-15",,"true",,,4,16,16,21.5,4,10,0.00014277131675408556,0.0001411365416146863
"page:incomplete pizza","Incomplete pizza","page","item","item","https://oldschool.runescape.wiki/w/Incomplete_pizza","2001-06-11",,"false","true","false",7,19,9,24,6,9,0.00010266964289719048,0.00009291442234579764
"page:incomplete stew","Incomplete stew","page","item","item","https://oldschool.runescape.wiki/w/Incomplete_stew","2001-06-11",,"false","true","false",9,21,12,47.5,9,9,0.00010470935592587631,0.00009720775055150415
"page:incredible reflexes","Incredible Reflexes","page","prayer","prayer","https://oldschool.runescape.wiki/w/Incredible_Reflexes","2001-05-24",,"false",,,13,7,19,12,13,5,0.00016539846824386038,0.0001506781656831286
"page:insect queen","Insect Queen","page","music","music","https://oldschool.runescape.wiki/w/Insect_Queen","2004-09-07",,"true",,,2,7,6,5,2,3,0.00015594364757527806,0.00016393441379187145
"page:insect repellent","Insect repellent","page","item","item","https://oldschool.runescape.wiki/w/Insect_repellent","2002-02-27",,"true","true","false",8,18,12,23.5,8,8,0.00011776446719449139,0.00010933566075324146
"page:inspiration","Inspiration","page","music","music","https://oldschool.runescape.wiki/w/Inspiration","2004-03-15",,"false",,,0,8,0,9,0,4,0.00008884151385506988,0.00007764845047308417
"page:instruction manual","Instruction manual","page","item","item","https://oldschool.runescape.wiki/w/Instruction_manual","2003-05-27",,"true","false","false",8,20,14,24.5,8,11,0.00010927391156446165,0.00009743589341482437
"page:intel report","Intel report","page","item","item|monster","https://oldschool.runescape.wiki/w/Intel_report","2001-01-04",,"false","false","false",11,15,17,13,11,5,0.00015749242642507577,0.00016012848087231153
"page:intrepid","Intrepid","page","music","music","https://oldschool.runescape.wiki/w/Intrepid","2004-03-15",,"true",,,1,8,5,5.5,1,3,0.00009963539294092764,0.00008821658261719374
"page:invasion plans","Invasion plans","page","item","item","https://oldschool.runescape.wiki/w/Invasion_plans","2002-12-12",,"true","false","false",11,24,14,31,11,14,0.00011756386546063762,0.0001087214340775938
"page:invitation letter","Invitation letter","page","item","item","https://oldschool.runescape.wiki/w/Invitation_letter","2003-07-09",,"true","false","false",17,18,17,23,17,10,0.0001452430195841266,0.00014481958169943084
"page:invrigar the necromancer","Invrigar the Necromancer","page","monster","monster","https://oldschool.runescape.wiki/w/Invrigar_the_Necromancer","2004-03-29",,"true",,,2,10,5,7,2,4,0.00010615148759891117,0.00009569702635800484
"category:necromancer tower","Necromancer Tower","category",,,,,,,,,4,0,2,0,0,0,0.00010150836563546764,0.00007764845047308417
"page:iou","Iou","page","item","item","https://oldschool.runescape.wiki/w/Iou","2004-08-09",,"true","false","false",10,24,17,41.5,10,15,0.00011842423267037522,0.00010758930231620251
"page:irena","Irena","page","npc","npc","https://oldschool.runescape.wiki/w/Irena","2003-04-14",,"true",,,20,17,24,21,20,10,0.00014795137655635132,0.0001460104537471486
"page:irit leaf","Irit leaf","page","item","item","https://oldschool.runescape.wiki/w/Irit_leaf","2002-02-27",,"true","true","false",4,20,9,25,3,9,0.0001185461745385914,0.00010898241490139678
"page:irit potion (unf)","Irit potion (unf)","page","item","item","https://oldschool.runescape.wiki/w/Irit_potion_(unf)","2002-02-27",,"true","true","false",19,24,32,38,17,10,0.00014735383305158753,0.00014746889513318323
"page:irksol","Irksol","page","npc","npc","https://oldschool.runescape.wiki/w/Irksol","2002-02-27",,"true",,,9,14,19,13.5,9,7,0.00014541905257435642,0.0001334230618867604
"page:irksol (shop)","Irksol (shop)","page","shop","shop","https://oldschool.runescape.wiki/w/Irksol_(shop)","2002-02-27",,"true",,,0,15,0,23,0,11,0.00008884151385506988,0.00007764845047308417
"page:iron 2h sword","Iron 2h sword","page","item","item|monster","https://oldschool.runescape.wiki/w/Iron_2h_sword","2001-01-04",,"false","true","true",2,32,2,35.5,2,8,0.0000930509172964788,0.0000839739837807049
"page:iron arrow","Iron arrow","page","item","item|monster","https://oldschool.runescape.wiki/w/Iron_arrow","2002-03-25",,"false","true","true",20,25,34,28.5,19,5,0.00019707573844486863,0.00022886672560144458
"page:iron arrowtips","Iron arrowtips","page","item","item|monster","https://oldschool.runescape.wiki/w/Iron_arrowtips","2002-03-25",,"true","true","false",6,34,6,58,6,17,0.00012097485370936028,0.00016352683682926262
"page:iron axe","Iron axe","page","item","item|monster","https://oldschool.runescape.wiki/w/Iron_axe","2001-01-04",,"false","true","true",7,31,14,42,7,8,0.0001324170693707431,0.00016411778609855753
"page:iron axe head","Iron axe head","page","item","item","https://oldschool.runescape.wiki/w/Iron_axe_head","2004-03-29","2007-07-17","false","true","false",10,27,10,24.5,10,13,0.00011598086528409668,0.00011220860027070624
"page:iron bar","Iron bar","page","item","item|monster","https://oldschool.runescape.wiki/w/Iron_bar","2001-01-04",,"false","true","false",70,23,177,27,53,7,0.0005254102231887388,0.0007337553098282432
"page:iron battleaxe","Iron battleaxe","page","item","item|monster","https://oldschool.runescape.wiki/w/Iron_battleaxe","2001-01-04",,"false","true","true",5,33,11,42,5,9,0.00012989774542044514,0.00013501992630832866
"page:iron chainbody","Iron chainbody","page","item","item|monster","https://oldschool.runescape.wiki/w/Iron_chainbody","2001-01-04",,"false","true","true",6,32,12,46.5,6,9,0.00011813594506438838,0.00012364829703044675
"page:iron claws","Iron claws","page","item","item|monster","https://oldschool.runescape.wiki/w/Iron_claws","2004-08-09",,"true","true","true",0,36,0,51,0,12,0.00008884151385506988,0.00007764845047308417
"page:iron dagger","Iron dagger","page","item","item|monster","https://oldschool.runescape.wiki/w/Iron_dagger","2001-01-04",,"false","true","true",11,35,14,36.5,11,9,0.0001293921205794826,0.00012428223265337953
"category:charlie items","Charlie Items","category",,,,,,,,,8,0,4,0,0,0,0.00010603521603993254,0.00007764845047308417
"page:iron dart","iron dart","page","item","item|monster","https://oldschool.runescape.wiki/w/Iron_dart","2003-04-14",,"true","true","true",2,29,5,32.5,2,7,0.00009732637753786715,0.00008902796479341668
"page:iron dart tip","Iron dart tip","page","item","item","https://oldschool.runescape.wiki/w/Iron_dart_tip","2003-04-14",,"true","true","false",0,29,0,44.5,0,14,0.00008884151385506988,0.00007764845047308417
"page:iron fire arrow","Iron fire arrow","page","item","item","https://oldschool.runescape.wiki/w/Iron_fire_arrow","2004-04-15",,"true","true","true",1,18,1,18.5,1,5,0.0000985890063015001,0.00009241522289155384
"page:iron full helm","Iron full helm","page","item","item|monster","https://oldschool.runescape.wiki/w/Iron_full_helm","2001-01-04",,"false","true","true",4,32,4,43.5,4,9,0.00009760335438416143,0.00008937479465366106
"page:iron javelin","Iron javelin","page","item","item|monster","https://oldschool.runescape.wiki/w/Iron_javelin","2004-03-29",,"true","true","true",1,20,1,18.5,1,2,0.0000906686876566914,0.00007954175364145393
"page:iron key","Iron key","page","item","item","https://oldschool.runescape.wiki/w/Iron_key","2004-06-29",,"true","false","false",6,16,9,27,6,6,0.00010763614057835742,0.0000971622177233309
"page:iron kiteshield","Iron kiteshield","page","item","item|monster","https://oldschool.runescape.wiki/w/Iron_kiteshield","2001-01-04",,"false","true","true",8,31,11,46.5,8,8,0.00010994934723132887,0.00010844318698243639
"page:iron knife","Iron knife","page","item","item|monster","https://oldschool.runescape.wiki/w/Iron_knife","2003-04-14",,"true","true","true",2,31,8,34,2,8,0.00009738544952389585,0.00008796603123640697
"page:iron longsword","Iron longsword","page","item","item|monster","https://oldschool.runescape.wiki/w/Iron_longsword","2001-01-04",,"false","true","true",6,33,9,42,6,9,0.00010777188826925902,0.00010229869405657559
"page:iron mace","Iron mace","page","item","item|monster","https://oldschool.runescape.wiki/w/Iron_mace","2001-01-04",,"false","true","true",2,35,5,50,2,11,0.00009712961477056749,0.00009032548588768787
"page:iron med helm","Iron med helm","page","item","item|monster","https://oldschool.runescape.wiki/w/Iron_med_helm","2001-01-04",,"false","true","true",8,31,11,39.5,8,8,0.00011309731107782435,0.00010873832887264442
"page:iron ore","Iron ore","page","item","item|monster","https://oldschool.runescape.wiki/w/Iron_ore","2001-01-04",,"false","true","false",30,20,76,23.5,29,6,0.00037500554646475526,0.0004505112092249472
"page:iron pick head","Iron pick head","page","item","item","https://oldschool.runescape.wiki/w/Iron_pick_head","2004-03-29","2014-09-11","false","true","false",0,25,0,20.5,0,13,0.00008884151385506988,0.00007764845047308417
"page:iron pickaxe","Iron pickaxe","page","item","item|monster","https://oldschool.runescape.wiki/w/Iron_pickaxe","2003-05-27",,"false","true","true",6,24,9,23,6,5,0.00017404244462366047,0.00019430072361258164
"page:iron platebody","Iron platebody","page","item","item|monster","https://oldschool.runescape.wiki/w/Iron_platebody","2001-01-04",,"false","true","true",11,36,14,53,11,12,0.00012165189885985939,0.0001258007314339637
"page:iron platelegs","Iron platelegs","page","item","item|monster","https://oldschool.runescape.wiki/w/Iron_platelegs","2001-01-04",,"false","true","true",7,29,10,34.5,7,6,0.00011125188762465182,0.0001197505656612733
"page:iron plateskirt","Iron plateskirt","page","item","item|monster","https://oldschool.runescape.wiki/w/Iron_plateskirt","2001-02-13",,"false","true","true",3,29,3,34,3,5,0.00009523907589933438,0.00008483643166231388
"page:iron rocks","Iron rocks","page","scenery","scenery","https://oldschool.runescape.wiki/w/Iron_rocks","2001-01-04",,"false",,,12,12,36,11.5,12,2,0.0001538509109651465,0.00014156089606713585
"page:iron scimitar","Iron scimitar","page","item","item|monster","https://oldschool.runescape.wiki/w/Iron_scimitar","2001-01-04",,"false","true","true",4,34,4,39.5,4,9,0.00010038850700277917,0.0001040508834876646
"page:iron spear","Iron spear","page","item","item|monster","https://oldschool.runescape.wiki/w/Iron_spear","2003-04-14",,"true","true","true",3,31,6,24,3,6,0.00015051776056374634,0.0001687314613003637
"page:iron sq shield","Iron sq shield","page","item","item","https://oldschool.runescape.wiki/w/Iron_sq_shield","2001-01-04",,"false","true","true",0,31,0,43.5,0,10,0.00008884151385506988,0.00007764845047308417
"page:iron sword","Iron sword","page","item","item|monster","https://oldschool.runescape.wiki/w/Iron_sword","2001-01-04",,"false","true","true",5,32,8,38,5,8,0.00010467698970606784,0.00009937325732163786
"page:iron thrownaxe","Iron thrownaxe","page","item","item","https://oldschool.runescape.wiki/w/Iron_thrownaxe","2004-03-29",,"true","true","true",1,18,1,16,1,3,0.0000906686876566914,0.00007954175364145393
"page:iron warhammer","iron warhammer","page","item","item|monster","https://oldschool.runescape.wiki/w/Iron_warhammer","2004-03-29",,"false","true","true",1,35,4,43.5,1,10,0.00009530707355255526,0.00009036109520233078
"page:irvig senay","Irvig Senay","page","monster","monster","https://oldschool.runescape.wiki/w/Irvig_Senay","2003-08-20",,"true",,,45,14,58,16.5,45,7,0.000280289944166207,0.0002980699315412188
"page:jade","Jade","page","item","item","https://oldschool.runescape.wiki/w/Jade","2003-01-27",,"true","true","false",13,23,26,31,13,9,0.00017071032427139605,0.00017350143640200547
"category:jade","Jade","category",,,,,,,,,2,0,1,0,0,0,0.00009184431212927257,0.00007764845047308417
"page:jadid","Jadid","page","npc","npc","https://oldschool.runescape.wiki/w/Jadid","2004-03-25",,"false",,,1,11,1,10,1,6,0.00009163837632828823,0.00008064850424844456
"page:jagged wall","Jagged wall","page","scenery","scenery","https://oldschool.runescape.wiki/w/Jagged_wall","2004-03-09",,"true",,,4,15,7,16.5,4,9,0.00010267703707398415,0.00009146397322890189
"page:jail guard","Jail guard","page","monster","monster","https://oldschool.runescape.wiki/w/Jail_guard","2001-02-28",,"false",,,10,15,18,17.5,10,8,0.00011771742954643177,0.00011066683229408276
"page:jail key","Jail key","page","item","item|monster","https://oldschool.runescape.wiki/w/Jail_key","2002-02-27",,"true","false","false",11,26,17,31.5,11,16,0.00012360300053155875,0.00011326756052768672
"page:jailer","Jailer","page","monster","monster","https://oldschool.runescape.wiki/w/Jailer","2002-02-27",,"true",,,2,20,9,25,2,12,0.00010092965182483754,0.00008946048252548845
"page:jangerberries","Jangerberries","page","item","item|monster","https://oldschool.runescape.wiki/w/Jangerberries","2002-12-12",,"true","true","false",20,27,56,32.5,16,8,0.00021960875980609902,0.00022566736920817036
"page:jaraah","Jaraah","page","npc","npc","https://oldschool.runescape.wiki/w/Jaraah","2004-03-25",,"false",,,8,15,11,20.5,8,8,0.00013660126587051276,0.0001418353435992132
"page:jatix","Jatix","page","npc","npc","https://oldschool.runescape.wiki/w/Jatix","2002-02-27",,"true",,,7,16,14,17.5,7,7,0.00013252095742223254,0.00012110967026469833
"page:jatix's herblore shop.","Jatix's Herblore Shop.","page","shop","shop","https://oldschool.runescape.wiki/w/Jatix's_Herblore_Shop.","2002-02-27",,"true",,,0,15,0,26,0,11,0.00008884151385506988,0.00007764845047308417
"page:javelin (scenery)","Javelin (scenery)","page","scenery","scenery","https://oldschool.runescape.wiki/w/Javelin_(scenery)","2004-01-21",,,,,0,4,0,3.5,0,0,0.00008884151385506988,0.00007764845047308417
"page:javelin (unobtainable item)","Javelin (unobtainable item)","page","item","item","https://oldschool.runescape.wiki/w/Javelin_(unobtainable_item)","2004-03-29",,"false","false","false",13,13,13,10.5,13,5,0.0001465976358626209,0.000167051177059183
"page:jeed","Jeed","page","npc","npc","https://oldschool.runescape.wiki/w/Jeed","2004-03-25",,"false",,,1,13,1,11.5,1,7,0.00009163837632828823,0.00008064850424844456
"page:jerico","Jerico","page","npc","npc","https://oldschool.runescape.wiki/w/Jerico","2002-10-23",,"true",,,23,24,26,48,23,17,0.00014696478412810904,0.0001431799624843746
"page:jethick","Jethick","page","npc","npc","https://oldschool.runescape.wiki/w/Jethick","2002-08-27",,"true",,,20,24,23,21,20,15,0.00014537428492641615,0.00013715845716682552
"page:jiminua","Jiminua","page","npc","npc","https://oldschool.runescape.wiki/w/Jiminua","2002-10-23",,"true",,,3,15,7,14.5,3,8,0.0001164960519917853,0.00010693664252570218
"category:tai bwo wannai","Tai Bwo Wannai","category",,,,,,,,,5,0,2.5,0,0,0,0.00009993994883286062,0.00007764845047308417
"page:jiminua's jungle store.","Jiminua's Jungle Store.","page","shop","shop","https://oldschool.runescape.wiki/w/Jiminua's_Jungle_Store.","2002-10-23",,"true",,,1,16,1,23.5,1,11,0.00009662415929946995,0.00008632349738481809
"page:joe (fight arena)","Joe (Fight Arena)","page","npc","npc","https://oldschool.runescape.wiki/w/Joe_(Fight_Arena)","2002-07-23",,"true",,,16,13,19,22.5,16,7,0.00013469597089418013,0.0001258849184918762
"page:joe (jail)","Joe (jail)","page","npc","npc","https://oldschool.runescape.wiki/w/Joe_(jail)","2001-02-28",,"false",,,8,18,11,35.5,8,12,0.00012109597434440817,0.0001166833039832545
"page:jogre","jogre","page","monster","monster","https://oldschool.runescape.wiki/w/Jogre","2002-10-23",,"true",,,7,22,32,18,7,8,0.00038604367743399527,0.00042950862849151013
"page:jogre bones","Jogre bones","page","item","item|monster|prayer","https://oldschool.runescape.wiki/w/Jogre_bones","2004-08-09",,"true","true","false",1,28,1,38,1,12,0.00009323190745721952,0.00008342968372663931
"page:johnathon","Johnathon","page","npc","npc","https://oldschool.runescape.wiki/w/Johnathon","2002-04-09",,"true",,,4,42,7,72.5,4,29,0.00009873448280500112,0.00008745855695282484
"page:jolly boar inn","Jolly Boar Inn","page","shop","shop","https://oldschool.runescape.wiki/w/Jolly_Boar_Inn","2001-01-04",,"false",,,2,34,5,77,2,28,0.00010116685454087941,0.00008935815658068728
"page:jolly r","Jolly R","page","music","music","https://oldschool.runescape.wiki/w/Jolly_R","2004-03-15",,"true",,,1,11,4,18.5,1,6,0.00010002896374794332,0.00008820863976235273
"page:jolly roger","Jolly Roger","page","scenery","scenery","https://oldschool.runescape.wiki/w/Jolly_Roger","2004-03-03",,"true",,,0,10,0,19,0,5,0.00008884151385506988,0.00007764845047308417
"page:jonny the beard","Jonny the Beard","page","monster","monster","https://oldschool.runescape.wiki/w/Jonny_the_Beard","2001-01-04",,"false",,,28,17,35,22.5,28,10,0.00019840298394021666,0.00021051926414676435
"page:joshua","Joshua","page","npc","npc","https://oldschool.runescape.wiki/w/Joshua","2002-05-28",,"true",,,6,18,6,30.5,6,12,0.00010126453271840269,0.00009044905035892172
"page:journal (filliman tarlock)","Journal (Filliman Tarlock)","page","item","item","https://oldschool.runescape.wiki/w/Journal_(Filliman_Tarlock)","2004-07-13",,"true","false","false",12,16,12,14.5,12,7,0.00015690470774649208,0.00016611937594574375
"page:jug","Jug","page","item","item|monster","https://oldschool.runescape.wiki/w/Jug","2001-01-04",,"false","true","false",44,21,67,48,39,12,0.0002947349754887972,0.0002951595436497583
"page:jug of bad wine","jug of bad wine","page","item","item","https://oldschool.runescape.wiki/w/Jug_of_bad_wine","2001-06-11",,"false","false","false",4,15,13,27.5,4,6,0.00012673721804682956,0.00013129829907085184
"page:jug of bad wine (unobtainable item)","Jug of bad wine (unobtainable item)","page","item","item","https://oldschool.runescape.wiki/w/Jug_of_bad_wine_(unobtainable_item)","2004-03-29","2007-01-22","false","false","false",0,16,0,19.5,0,8,0.00008884151385506988,0.00007764845047308417
"page:jug of water","Jug of water","page","item","item|monster","https://oldschool.runescape.wiki/w/Jug_of_water","2001-01-04",,"false","true","false",29,24,80,43.5,23,11,0.00023701758028431608,0.00024193081311552387
"page:jug of wine","Jug of wine","page","item","item|monster","https://oldschool.runescape.wiki/w/Jug_of_wine","2001-03-17",,"false","true","false",11,30,30,55,11,12,0.00018883965388311963,0.00019533513422625754
"page:jukat","Jukat","page","npc","npc","https://oldschool.runescape.wiki/w/Jukat","2002-02-27",,"true",,,6,19,13,24.5,6,12,0.00011587138137218042,0.00010292254934076912
"page:jukat (shop)","Jukat (shop)","page","shop","shop","https://oldschool.runescape.wiki/w/Jukat_(shop)","2002-02-27",,"true",,,0,21,0,38,0,17,0.00008884151385506988,0.00007764845047308417
"page:julie","Julie","page","npc","npc","https://oldschool.runescape.wiki/w/Julie","2002-10-23",,"false",,,12,20,12,28,12,13,0.00011892231571503692,0.00011192362201143335
"page:juliet","Juliet","page","npc","npc","https://oldschool.runescape.wiki/w/Juliet","2001-01-04",,"false",,,19,19,23,16.5,19,11,0.00016170297966206204,0.00015896269714021813
"page:jungle bush","Jungle Bush","page","scenery","scenery","https://oldschool.runescape.wiki/w/Jungle_Bush","2003-08-20",,"true",,,1,9,4,7,1,2,0.00011580848999409172,0.00011579478694145461
"action:chop-down","Chop-down","action",,,,,,,,,3,0,6,0,0,0,0.00014001176585202446,0.00007764845047308417
"page:jungle forester","Jungle forester","page","npc","npc","https://oldschool.runescape.wiki/w/Jungle_forester","2003-08-20",,"true",,,45,18,48,18,45,9,0.00022685783605846593,0.00023879963412939373
"page:jungle island","Jungle Island","page","music","music","https://oldschool.runescape.wiki/w/Jungle_Island","2004-03-15",,"false",,,1,7,4,5,1,3,0.00009858542182628223,0.00008675206192935017
"page:jungle potion","Jungle Potion","page","quest","quest","https://oldschool.runescape.wiki/w/Jungle_Potion","2002-10-23",,"true",,,21,18,92,44,21,14,0.0003049761080877965,0.00032821103683231115
"page:jungle spider","Jungle spider","page","monster","monster","https://oldschool.runescape.wiki/w/Jungle_spider","2002-10-23",,"true",,,1,11,4,7,1,3,0.00009533745250254478,0.00008378809540870544
"category:tai bwo wannai cleanup","Tai Bwo Wannai Cleanup","category",,,,,,,,,3,0,1.5,0,0,0,0.00009736055061619294,0.00007764845047308417
"page:jungle tree (dense kharazi jungle)","Jungle tree (dense Kharazi Jungle)","page","scenery","scenery","https://oldschool.runescape.wiki/w/Jungle_tree_(dense_Kharazi_Jungle)","2003-08-20",,"true",,,5,17,14,17.5,5,9,0.00013880061248000398,0.00013463412803868007
"page:jungle tree (kharazi jungle)","Jungle tree (Kharazi Jungle)","page","scenery","scenery","https://oldschool.runescape.wiki/w/Jungle_tree_(Kharazi_Jungle)","2003-08-20",,"true",,,1,17,4,17.5,1,9,0.00009843075662038998,0.0000874264035187032
"page:jungle wolf","Jungle Wolf","page","monster","monster","https://oldschool.runescape.wiki/w/Jungle_Wolf","2003-08-20",,"true",,,0,13,0,12,0,5,0.00008884151385506988,0.00007764845047308417
"page:jungly 1","Jungly 1","page","music","music","https://oldschool.runescape.wiki/w/Jungly_1","2004-03-15",,"true",,,6,10,24,10,6,4,0.00021069270778772294,0.00020598303327197282
"page:jungly 2","Jungly 2","page","music","music","https://oldschool.runescape.wiki/w/Jungly_2","2004-03-15",,"true",,,6,11,25,17.5,6,6,0.00018523462253533065,0.00017615165862531156
"page:jungly 3","Jungly 3","page","music","music","https://oldschool.runescape.wiki/w/Jungly_3","2004-03-15",,"true",,,4,10,16,13.5,4,5,0.00013955666285869262,0.00012684781665022843
"page:justin servil","Justin Servil","page","npc","npc","https://oldschool.runescape.wiki/w/Justin_Servil","2002-07-23",,"true",,,19,18,28,39.5,19,12,0.00014442440295734304,0.00013405597148967124
"page:kaleb paramaya","Kaleb Paramaya","page","npc","npc","https://oldschool.runescape.wiki/w/Kaleb_Paramaya","2003-01-27",,"true",,,11,14,21,18.5,11,8,0.00015473533875691995,0.0001564115472058205
"page:kalphite lair","Kalphite Lair","page","location","location","https://oldschool.runescape.wiki/w/Kalphite_Lair","2004-09-07",,"true",,,14,12,48,19,14,6,0.0002499883413099541,0.0002707010595339337
"category:kalphite","Kalphite","category",,,,,,,,,6,0,3,0,0,0,0.00010696388146444561,0.00007764845047308417
"page:kalphite larva","Kalphite Larva","page","npc","npc","https://oldschool.runescape.wiki/w/Kalphite_Larva","2004-09-07",,"true",,,1,10,1,15.5,1,4,0.00009292342124841559,0.00008236282069150764
"page:kalphite queen","Kalphite Queen","page","monster","monster","https://oldschool.runescape.wiki/w/Kalphite_Queen","2004-09-07",,"true",,,6,17,22,13.5,6,4,0.00015333794681975294,0.00015123577818945648
"category:monsters with multiple forms","Monsters with multiple forms","category",,,,,,,,,4,0,2,0,0,0,0.00010546867178301295,0.00007764845047308417
"category:monsters that do not become tolerant","Monsters that do not become tolerant","category",,,,,,,,,2,0,1,0,0,0,0.00009884439557167397,0.00007764845047308417
"page:kalphite soldier","Kalphite Soldier","page","monster","monster","https://oldschool.runescape.wiki/w/Kalphite_Soldier","2004-09-07",,"true",,,0,16,0,24,0,6,0.00008884151385506988,0.00007764845047308417
"page:kalphite worker","Kalphite Worker","page","monster","monster","https://oldschool.runescape.wiki/w/Kalphite_Worker","2004-09-07",,"true",,,0,16,0,24.5,0,7,0.00008884151385506988,0.00007764845047308417
"page:kalrag","Kalrag","page","monster","monster","https://oldschool.runescape.wiki/w/Kalrag","2003-03-03",,"true",,,3,16,14,21,3,8,0.00010270432880160163,0.00009088936057008509
"page:kalron","Kalron","page","npc","npc","https://oldschool.runescape.wiki/w/Kalron","2002-07-23",,"true",,,4,15,4,23.5,4,9,0.00009861355240385073,0.0000876004290407126
"page:kamen","Kamen","page","npc","npc","https://oldschool.runescape.wiki/w/Kamen","2003-03-03",,"true",,,36,19,43,32,36,10,0.000241175055560479,0.00027038071968264494
"page:kandarin","Kandarin","page","location","location","https://oldschool.runescape.wiki/w/Kandarin","2002-02-27",,"true",,,45,25,172,47.5,45,20,0.0007910628994820895,0.0008640015763693256
"page:kandarin windmill","Kandarin windmill","page","location","location","https://oldschool.runescape.wiki/w/Kandarin_windmill","2002-04-30",,"true",,,0,12,0,27,0,8,0.00008884151385506988,0.00007764845047308417
"page:kanel","Kanel","page","npc","npc","https://oldschool.runescape.wiki/w/Kanel","2003-07-28",,"true",,,17,16,26,18,17,11,0.00015817096912930834,0.00015091501244900244
"page:kangai mau","Kangai Mau","page","npc","npc","https://oldschool.runescape.wiki/w/Kangai_Mau","2002-04-30",,"true",,,13,26,23,30.5,13,18,0.00018015881833062286,0.00017707764799486804
"page:kaqemeex","Kaqemeex","page","npc","npc","https://oldschool.runescape.wiki/w/Kaqemeex","2002-02-27",,"true",,,4,21,4,33.5,4,11,0.0001016586573745136,0.00009193354704419072
"page:karamja","Karamja","page","location","location","https://oldschool.runescape.wiki/w/Karamja","2001-06-11",,,,,70,15,287,25.5,70,10,0.001222706536635122,0.0013463061965489228
"page:karamja general store","Karamja General Store","page","shop","shop","https://oldschool.runescape.wiki/w/Karamja_General_Store","2001-06-11",,"false",,,9,20,23,30.5,9,15,0.00014286616451550236,0.00013556982904628205
"page:karamja jungle mine","Karamja Jungle mine","page","location","location","https://oldschool.runescape.wiki/w/Karamja_Jungle_mine","2003-01-27",,"true",,,3,19,13,31,3,13,0.00011142904493861356,0.00010419789189475226
"page:karamja volcano","Karamja Volcano","page","location","location","https://oldschool.runescape.wiki/w/Karamja_Volcano","2001-06-11",,"false",,,13,14,39,26.5,13,7,0.00017296183283690086,0.00015861629648099182
"category:volcanoes","Volcanoes","category",,,,,,,,,1,0,0.5,0,0,0,0.00009161543004208263,0.00007764845047308417
"category:2013 christmas event","2013 Christmas event","category",,,,,,,,,2,0,1,0,0,0,0.0000948011417479728,0.00007764845047308417
"page:karamja volcano mine","Karamja Volcano mine","page","location","location","https://oldschool.runescape.wiki/w/Karamja_Volcano_mine","2001-06-11",,"false",,,0,19,0,28.5,0,14,0.00008884151385506988,0.00007764845047308417
"page:karamja wines, spirits, and beers.","Karamja Wines, Spirits, and Beers.","page","shop","shop","https://oldschool.runescape.wiki/w/Karamja_Wines%2C_Spirits%2C_and_Beers.","2001-06-11",,"false",,,5,23,9,30,5,17,0.00010417035392880936,0.00009350544791638112
"page:karamjan rum","Karamjan rum","page","item","item","https://oldschool.runescape.wiki/w/Karamjan_rum","2001-06-11",,"false","false","false",14,25,37,42,14,11,0.00015970419910985508,0.00015521494233431893
"page:kardia","Kardia","page","npc","npc","https://oldschool.runescape.wiki/w/Kardia","2003-03-03",,"true",,,33,15,36,19,33,8,0.00020877670288746878,0.00022477143680096516
"page:karim","Karim","page","npc","npc","https://oldschool.runescape.wiki/w/Karim","2001-01-21",,"false",,,12,15,15,20,12,8,0.00014220946319672985,0.00013952261922791308
"page:katrine","Katrine","page","npc","npc","https://oldschool.runescape.wiki/w/Katrine","2001-01-04",,"false",,,28,25,31,32,28,16,0.00017066577449011724,0.00017957572838187854
"page:kebab","Kebab","page","item","item|monster","https://oldschool.runescape.wiki/w/Kebab","2001-01-21",,"false","true","false",12,26,18,32,12,8,0.00014482580483450233,0.0001637497205971634
"page:kebab (scenery)","Kebab (scenery)","page","scenery","scenery","https://oldschool.runescape.wiki/w/Kebab_(scenery)","2001-01-04",,,,,0,8,0,14.5,0,4,0.00008884151385506988,0.00007764845047308417
"page:kebab mix","Kebab mix","page","item","item","https://oldschool.runescape.wiki/w/Kebab_mix","2003-04-14",,"true","true","false",17,17,33,25,15,7,0.00014966552190305202,0.00014258081846779889
"page:keep le faye","Keep Le Faye","page","item","item|location","https://oldschool.runescape.wiki/w/Keep_Le_Faye","2002-02-27",,"true",,,10,21,43,20.5,10,12,0.00018271535437841882,0.0001716095869419289
"page:kelvin","Kelvin","page","npc","npc","https://oldschool.runescape.wiki/w/Kelvin","2002-07-23",,"true",,,12,16,12,28.5,12,10,0.00011236341809165915,0.00010211532724101329
"page:kennith","Kennith","page","npc","npc","https://oldschool.runescape.wiki/w/Kennith","2002-09-09",,"true",,,5,16,8,28,5,9,0.0001178111435827942,0.00011226140782795885
"page:kent","Kent","page","npc","npc","https://oldschool.runescape.wiki/w/Kent","2002-09-09",,"true",,,4,16,7,20,4,9,0.00010370453495821435,0.00009396262322246748
"page:key (biohazard)","Key (Biohazard)","page","item","item","https://oldschool.runescape.wiki/w/Key_(Biohazard)","2002-10-23",,"true","false","false",10,13,13,23.5,10,5,0.00012137563626141925,0.00011321324594056605
"page:key (blue)","Key (blue)","page","item","item|monster","https://oldschool.runescape.wiki/w/Key_(blue)","2001-09-23",,"false","false","false",21,18,24,24.5,21,8,0.00015499516310186313,0.00015195160313034254
"page:key (ernest the chicken)","Key (Ernest the Chicken)","page","item","item","https://oldschool.runescape.wiki/w/Key_(Ernest_the_Chicken)","2001-01-21",,"false","false","false",8,15,11,25.5,8,7,0.00010847049621164528,0.00009766116872224393
"page:key (green)","Key (green)","page","item","item|monster","https://oldschool.runescape.wiki/w/Key_(green)","2001-09-23",,"false","false","false",19,19,22,25.5,19,9,0.00015131676126742548,0.0001471554245529839
"page:key (magenta)","Key (magenta)","page","item","item|monster","https://oldschool.runescape.wiki/w/Key_(magenta)","2001-09-23",,"false","false","false",19,19,22,22.5,19,9,0.00014331399046940208,0.00013714625365273834
"page:key (orange)","Key (orange)","page","item","item|monster","https://oldschool.runescape.wiki/w/Key_(orange)","2001-09-23",,"false","false","false",17,21,20,27.5,17,11,0.00013315461189889705,0.00012554005293807566
"page:key (red)","Key (red)","page","item","item|monster","https://oldschool.runescape.wiki/w/Key_(red)","2001-09-23",,"false","false","false",19,21,25,24.5,19,11,0.00014052532881201588,0.00013230717106283557
"page:key (treasure trails)","Key (Treasure Trails)","page","item","item|monster","https://oldschool.runescape.wiki/w/Key_(Treasure_Trails)","2004-05-05",,"true","false","false",0,11,0,7.5,0,1,0.00008884151385506988,0.00007764845047308417
"page:key (tree gnome village dungeon)","Key (Tree Gnome Village Dungeon)","page","item","item","https://oldschool.runescape.wiki/w/Key_(Tree_Gnome_Village_Dungeon)","2002-09-24",,"true","false","false",7,15,7,30.5,7,7,0.00010452415891392586,0.00009441925083318959
"page:key (waterfall dungeon)","Key (Waterfall Dungeon)","page","item","item","https://oldschool.runescape.wiki/w/Key_(Waterfall_Dungeon)","2002-09-24",,"true","false","false",5,24,5,23.5,5,14,0.00010020685485701681,0.00008933563555467739
"page:key (witch's house)","Key (Witch's House)","page","item","item","https://oldschool.runescape.wiki/w/Key_(Witch's_House)","2004-03-29",,"true","false","false",8,12,8,15,8,3,0.00011407669291614528,0.00010691424250744308
"page:key (yellow)","Key (yellow)","page","item","item|monster","https://oldschool.runescape.wiki/w/Key_(yellow)","2001-09-23",,"false","false","false",17,22,23,25.5,17,12,0.00013922568256808995,0.00012933446683250136
"page:key print","Key print","page","item","item","https://oldschool.runescape.wiki/w/Key_print","2001-02-28",,"false","false","false",8,16,11,16.5,8,8,0.00011775564480135712,0.00011106494835451503
"page:khali brew","Khali brew","page","item","item","https://oldschool.runescape.wiki/w/Khali_brew","2002-07-23",,"true","false","false",12,20,18,30,12,11,0.0001259006434043947,0.00011539834492976751
"page:kharazi jungle","Kharazi Jungle","page","location","location","https://oldschool.runescape.wiki/w/Kharazi_Jungle","2003-08-20",,"true",,,38,20,161,26,38,12,0.0004958274352492956,0.0005260831262822132
"page:kharazi tribe","Kharazi tribe","page","article","article","https://oldschool.runescape.wiki/w/Kharazi_tribe","2003-08-20",,,,,0,16,0,35,0,14,0.00008884151385506988,0.00007764845047308417
"page:kharid scorpion","Kharid Scorpion","page","npc","npc","https://oldschool.runescape.wiki/w/Kharid_Scorpion","2002-03-25",,"false",,,0,18,0,35.5,0,10,0.00008884151385506988,0.00007764845047308417
"page:kharidian cactus","Kharidian cactus","page","scenery","scenery","https://oldschool.runescape.wiki/w/Kharidian_cactus","2003-04-14",,"true",,,1,14,4,13.5,1,3,0.00009488273679722153,0.00008378809540870544
"action:cut","Cut","action",,,,,,,,,2,0,3.5,0,0,0,0.00010975085770485476,0.00007764845047308417
"page:kharidian desert","Kharidian Desert","page","location","location","https://oldschool.runescape.wiki/w/Kharidian_Desert","2003-04-14",,,,,20,13,70,21.5,20,8,0.00028723827317044237,0.00029413015181333234
"page:khazard armour","Khazard armour","page","item","item","https://oldschool.runescape.wiki/w/Khazard_armour","2002-07-23",,"true","false","true",12,25,18,41.5,12,11,0.00012263885820693355,0.0001127265685450832
"page:khazard barman","Khazard Barman","page","npc","npc","https://oldschool.runescape.wiki/w/Khazard_Barman","2002-07-23",,"true",,,13,29,13,50.5,13,21,0.00011647318423411482,0.00010567184130543498
"page:khazard cell keys","Khazard cell keys","page","item","item","https://oldschool.runescape.wiki/w/Khazard_cell_keys","2002-07-23",,"true","false","false",9,24,12,37,9,15,0.00011051183845007097,0.00009881807951474817
"page:khazard commander","Khazard commander","page","monster","monster","https://oldschool.runescape.wiki/w/Khazard_commander","2002-07-23",,"true",,,1,14,4,13.5,1,7,0.0001090576461956086,0.00010644039636453439
"page:khazard general store","Khazard General Store","page","shop","shop","https://oldschool.runescape.wiki/w/Khazard_General_Store","2002-07-23",,"true",,,7,15,24,15.5,7,10,0.00014346413830883592,0.0001400768762637795
"page:khazard guard","Khazard Guard","page","monster","monster","https://oldschool.runescape.wiki/w/Khazard_Guard","2002-07-23",,"true",,,11,21,11,32,11,13,0.00011098632451136633,0.00009992876160582083
"page:khazard guard (arena escort)","Khazard Guard (Arena escort)","page","npc","npc","https://oldschool.runescape.wiki/w/Khazard_Guard_(Arena_escort)","2002-07-23","2023-01-11","true",,,0,24,0,38,0,18,0.00008884151385506988,0.00007764845047308417
"page:khazard guard (off duty)","Khazard Guard (Off duty)","page","npc","npc","https://oldschool.runescape.wiki/w/Khazard_Guard_(Off_duty)","2002-07-23",,"true",,,0,25,0,43.5,0,19,0.00008884151385506988,0.00007764845047308417
"page:khazard helmet","Khazard helmet","page","item","item","https://oldschool.runescape.wiki/w/Khazard_helmet","2002-07-23",,"true","false","true",6,27,6,43.5,6,13,0.000099681289348725,0.00008829250044678624
"page:khazard ogre","Khazard Ogre","page","monster","monster","https://oldschool.runescape.wiki/w/Khazard_Ogre","2002-07-23",,"true",,,2,19,8,28,2,11,0.00010426785827600426,0.00009266489985352861
"page:khazard scorpion","Khazard Scorpion","page","monster","monster","https://oldschool.runescape.wiki/w/Khazard_Scorpion","2002-07-23",,"true",,,1,20,4,32.5,1,13,0.00009439290791002041,0.00008294080540040974
"page:khazard trooper","Khazard trooper","page","monster","monster","https://oldschool.runescape.wiki/w/Khazard_trooper","2002-07-23",,"true",,,0,15,0,20.5,0,8,0.00008884151385506988,0.00007764845047308417
"page:khazard warlord","Khazard warlord","page","monster","monster","https://oldschool.runescape.wiki/w/Khazard_warlord","2002-07-23",,"true",,,12,16,23,14.5,12,7,0.0001445661190594079,0.00014503075477511734
"page:killer's print","killer's print","page","item","item","https://oldschool.runescape.wiki/w/Killer's_print","2003-06-09",,"true","false","false",1,21,4,25,1,14,0.00009513445441981119,0.00008378809540870544
"page:kilron","Kilron","page","npc","npc","https://oldschool.runescape.wiki/w/Kilron","2002-10-23",,"true",,,21,22,24,28.5,21,15,0.00014899357969718336,0.00014311658402306018
"page:king arthur","King Arthur","page","npc","npc","https://oldschool.runescape.wiki/w/King_Arthur","2002-02-27",,"true",,,20,23,36,33,20,10,0.00016568857979154148,0.0001610259818995723
"page:king black dragon","King Black Dragon","page","monster","npc|monster","https://oldschool.runescape.wiki/w/King_Black_Dragon","2002-09-24",,"true",,,6,25,23,22,6,7,0.00026791216855312386,0.0002900344452000724
"page:king black dragon (pvm arena)","King Black Dragon (PvM Arena)","page","monster","monster","https://oldschool.runescape.wiki/w/King_Black_Dragon_(PvM_Arena)","2002-09-24",,"true",,,0,11,0,10.5,0,4,0.00008884151385506988,0.00007764845047308417
"category:clan cup","Clan Cup","category",,,,,,,,,1,0,0.5,0,0,0,0.00009243747989206491,0.00007764845047308417
"page:king black dragon lair","King Black Dragon Lair","page","location","location","https://oldschool.runescape.wiki/w/King_Black_Dragon_Lair","2002-09-24",,"true",,,9,10,28,22.5,9,5,0.00025552936503373783,0.00026629463800796426
"page:king bolren","King Bolren","page","npc","npc","https://oldschool.runescape.wiki/w/King_Bolren","2002-07-23",,"true",,,17,19,27,21,17,6,0.00015981648411578166,0.00016105122632859887
"page:king lathas","King Lathas","page","npc","npc","https://oldschool.runescape.wiki/w/King_Lathas","2002-10-23",,"true",,,54,33,83,39,54,17,0.00032393952675763705,0.0003495923183941034
"category:making history","Making History","category",,,,,,,,,2,0,1,0,0,0,0.00009303990095669215,0.00007764845047308417
"page:king narnode shareen","King Narnode Shareen","page","npc","npc","https://oldschool.runescape.wiki/w/King_Narnode_Shareen","2002-12-12",,"true",,,15,36,31,43.5,15,17,0.0001514977694481106,0.00014319767802117004
"page:king roald","King Roald","page","monster","npc|monster","https://oldschool.runescape.wiki/w/King_Roald","2001",,,,,26,29,46,18.5,26,8,0.00020712917234258683,0.0002136438040753514
"category:garden of tranquillity","Garden of Tranquillity","category",,,,,,,,,1,0,0.5,0,0,0,0.00009359988673321665,0.00007764845047308417
"category:what lies below","What Lies Below","category",,,,,,,,,3,0,1.5,0,0,0,0.00009564013240673743,0.00007764845047308417
"page:king scorpion","King Scorpion","page","monster","monster","https://oldschool.runescape.wiki/w/King_Scorpion","2001-04-06",,"false",,,0,16,0,16.5,0,5,0.00008884151385506988,0.00007764845047308417
"page:king worm","king worm","page","item","item","https://oldschool.runescape.wiki/w/King_worm","2002-12-12",,"true","true","false",8,25,26,27.5,8,12,0.0001250049432571563,0.00011593210906055574
"page:kingdom (music track)","Kingdom (music track)","page","music","music","https://oldschool.runescape.wiki/w/Kingdom_(music_track)","2004-08-09",,"true",,,1,9,4,17,1,5,0.00010002896374794332,0.00008820863976235273
"page:kinshra","Kinshra","page","article","article","https://oldschool.runescape.wiki/w/Kinshra","2001-01-04",,,,,4,14,13,27,4,12,0.00012662765314189517,0.00011796798490676951
"page:kitchen drawers","Kitchen Drawers","page","scenery","scenery","https://oldschool.runescape.wiki/w/Kitchen_Drawers","2004-08-24",,"true",,,0,15,0,16.5,0,3,0.00008884151385506988,0.00007764845047308417
"page:kitten","kitten","page","item","item|npc","https://oldschool.runescape.wiki/w/Kitten","2003",,,,,2,17,5,28,2,9,0.00009716908622146408,0.00008673576090646333
"page:kitten (gertrude's cat)","kitten (Gertrude's Cat)","page","npc","npc","https://oldschool.runescape.wiki/w/Kitten_(Gertrude's_Cat)","2004-03-29",,"false",,,1,19,4,33.5,1,13,0.00010260627105623942,0.00009042214816392061
"page:klank","Klank","page","npc","npc","https://oldschool.runescape.wiki/w/Klank","2003-03-03",,"true",,,34,21,40,31,34,12,0.00023242197242871323,0.00026065956903240144
"page:klank's gauntlets","Klank's gauntlets","page","item","item","https://oldschool.runescape.wiki/w/Klank's_gauntlets","2003-03-03",,"true","false","true",0,20,0,25,0,9,0.00008884151385506988,0.00007764845047308417
"page:klarense","Klarense","page","npc","npc","https://oldschool.runescape.wiki/w/Klarense","2001-09-23",,"false",,,21,23,21,34,21,16,0.00013112093156213036,0.00012393527194076031
"page:knife","Knife","page","item","item|monster","https://oldschool.runescape.wiki/w/Knife","2001-01-04",,"false","true","false",118,20,329.5,28.5,94,10,0.0007932505460452961,0.0008184397206986244
"page:knight (falador party room)","Knight (Falador Party Room)","page","npc","npc","https://oldschool.runescape.wiki/w/Knight_(Falador_Party_Room)","2004-03-29",,"true",,,8,10,8,12,8,5,0.00011419939031998149,0.000110263789174081
"page:knight of ardougne","Knight of Ardougne","page","monster","monster","https://oldschool.runescape.wiki/w/Knight_of_Ardougne","2002",,,,,6,19,18,19.5,6,8,0.00018461149898046702,0.00020101827165093424
"page:knight of ardougne (unused)","Knight of Ardougne (unused)","page","monster","monster","https://oldschool.runescape.wiki/w/Knight_of_Ardougne_(unused)","2004-03-29",,"true",,,0,9,0,10,0,5,0.00008884151385506988,0.00007764845047308417
"page:knightly","Knightly","page","music","music","https://oldschool.runescape.wiki/w/Knightly","2004-03-15",,"true",,,0,10,0,19,0,6,0.00008884151385506988,0.00007764845047308417
"page:koftik","Koftik","page","npc","npc","https://oldschool.runescape.wiki/w/Koftik","2003-03-03",,"true",,,30,17,30,21,30,10,0.0001937374410831367,0.0002078976760912854
"page:kolodion","Kolodion","page","monster","monster","https://oldschool.runescape.wiki/w/Kolodion","2003-09-22",,"true",,,23,22,66,24,23,8,0.00025348044873986844,0.00026134566589356605
"category:mage arena ii","Mage Arena II","category",,,,,,,,,2,0,1,0,0,0,0.00010133184099326329,0.00007764845047308417
"category:monsters with no combat level","Monsters with no combat level","category",,,,,,,,,1,0,0.5,0,0,0,0.00009333023013484109,0.00007764845047308417
"category:monster examine impossible","Monster examine impossible","category",,,,,,,,,1,0,0.5,0,0,0,0.00009333023013484109,0.00007764845047308417
"page:kortan","Kortan","page","npc","npc","https://oldschool.runescape.wiki/w/Kortan","2002-04-30",,"true",,,9,29,9,51,9,21,0.00010704873336216372,0.00009751697738080791
"page:kraka","Kraka","page","monster","monster","https://oldschool.runescape.wiki/w/Kraka","2004-08-09",,"true",,,3,17,12,18,3,7,0.00012114749599209192,0.00011255971765966205
"page:kwuarm","kwuarm","page","item","item","https://oldschool.runescape.wiki/w/Kwuarm","2002-02-27",,"true","true","false",4,21,12,23,3,10,0.00012028536036277938,0.00010821449404318813
"page:kwuarm potion (unf)","Kwuarm potion (unf)","page","item","item","https://oldschool.runescape.wiki/w/Kwuarm_potion_(unf)","2002-02-27",,"true","true","false",12,25,22,39,10,11,0.00012856800558039375,0.0001196368770912073
"page:ladder (barbarian outpost agility course)","Ladder (Barbarian Outpost Agility Course)","page","scenery","scenery","https://oldschool.runescape.wiki/w/Ladder_(Barbarian_Outpost_Agility_Course)","2002-12-12",,"true",,,0,19,0,27,0,12,0.00008884151385506988,0.00007764845047308417
"page:lady keli","Lady Keli","page","npc","npc","https://oldschool.runescape.wiki/w/Lady_Keli","2001-02-28",,"false",,,11,18,29,35.5,11,12,0.00014975114164581053,0.00015172763341625125
"page:lady servil","Lady Servil","page","npc","npc","https://oldschool.runescape.wiki/w/Lady_Servil","2002-07-23",,"true",,,6,25,9,43.5,6,19,0.00010408807939341792,0.00009249785370341518
"page:lamp","lamp","page","item","item","https://oldschool.runescape.wiki/w/Lamp","2004-04-06",,"false","false","false",4,11,10,8.5,4,0,0.00012238653944761095,0.00012835041353928924
"category:experience items","Experience items","category",,,,,,,,,1,0,0.5,0,0,0,0.00009496084082745505,0.00007764845047308417
"page:landlubber","Landlubber","page","music","music","https://oldschool.runescape.wiki/w/Landlubber","2004-04-15",,"true",,,0,12,0,27,0,8,0.00008884151385506988,0.00007764845047308417
"page:lantadyme","lantadyme","page","item","item","https://oldschool.runescape.wiki/w/Lantadyme","2004-03-29",,"true","true","false",5,24,16,29,4,13,0.00012538746266330713,0.00012555147292187972
"page:lantadyme potion (unf)","Lantadyme potion (unf)","page","item","item","https://oldschool.runescape.wiki/w/Lantadyme_potion_(unf)","2004-03-29",,"true","true","false",3,25,5,35,2,11,0.00010113621892383085,0.00008593095188282046
"page:large bone (demonic ruins)","Large bone (Demonic Ruins)","page","scenery","scenery","https://oldschool.runescape.wiki/w/Large_bone_(Demonic_Ruins)","2004-03-29",,"false",,,0,8,0,14,0,3,0.00008884151385506988,0.00007764845047308417
"page:large bone (scenery)","Large bone (scenery)","page","scenery","scenery","https://oldschool.runescape.wiki/w/Large_bone_(scenery)","2001-08-13",,"false",,,0,10,0,12,0,5,0.00008884151385506988,0.00007764845047308417
"page:large cupboard","Large cupboard","page","scenery","scenery","https://oldschool.runescape.wiki/w/Large_cupboard","2004-03-29",,"true",,,0,10,0,12.5,0,0,0.00008884151385506988,0.00007764845047308417
"page:large grave","Large grave","page","scenery","scenery","https://oldschool.runescape.wiki/w/Large_grave","2001-08-13",,"false",,,0,13,0,25,0,8,0.00008884151385506988,0.00007764845047308417
"page:large grave stone","Large grave stone","page","scenery","scenery","https://oldschool.runescape.wiki/w/Large_grave_stone","2004-03-29",,,,,2,5,5,4,2,0,0.00011581125913253263,0.00011064904200204844
"page:large sewer pipe","Large sewer pipe","page","scenery","scenery","https://oldschool.runescape.wiki/w/Large_sewer_pipe","2002-08-27",,"false",,,0,9,0,12,0,4,0.00008884151385506988,0.00007764845047308417
"page:large urn","Large urn","page","scenery","scenery","https://oldschool.runescape.wiki/w/Large_urn","2003-07-09",,"true",,,0,7,0,10,0,2,0.00008884151385506988,0.00007764845047308417
"page:lasting","Lasting","page","music","music","https://oldschool.runescape.wiki/w/Lasting","2004-03-15",,"true",,,0,11,0,19.5,0,6,0.00008884151385506988,0.00007764845047308417
"page:laugh","Laugh","page","article","article","https://oldschool.runescape.wiki/w/Laugh","2004-03-29",,"false",,,6,9,9,8.5,6,8,0.00014776932505317162,0.00014002706142758826
"page:lava battlestaff","Lava battlestaff","page","item","item|monster","https://oldschool.runescape.wiki/w/Lava_battlestaff","2004-09-07",,"true","true","true",3,26,6,34.5,3,8,0.00009860888117056345,0.0000894429885385133
"page:lava dragon isle","Lava Dragon Isle","page","location","location","https://oldschool.runescape.wiki/w/Lava_Dragon_Isle","2002-02-27",,"true",,,2,15,8,13,2,11,0.00014563933638811965,0.00013936384242335502
"page:lava eel","lava eel","page","item","item","https://oldschool.runescape.wiki/w/Lava_eel","2002-02-27",,"true","false","false",7,25,10,46,7,12,0.00010046730699054456,0.00008917682768205487
"page:lava maze","Lava Maze","page","location","location","https://oldschool.runescape.wiki/w/Lava_Maze","2001-08-13",,"false",,,13,19,55,34.5,13,14,0.00022286918446893942,0.00024249118198359676
"page:lava maze dungeon","Lava Maze Dungeon","page","location","location","https://oldschool.runescape.wiki/w/Lava_Maze_Dungeon","2002-04-09",,"true",,,8,25,28,44,8,19,0.0001599454608875743,0.00015948600528111324
"page:lava maze dungeon mine","Lava Maze Dungeon mine","page","location","location","https://oldschool.runescape.wiki/w/Lava_Maze_Dungeon_mine","2002-03-25",,"true",,,0,23,0,35.5,0,16,0.00008884151385506988,0.00007764845047308417
"page:lava maze runite mine","Lava Maze runite mine","page","location","location","https://oldschool.runescape.wiki/w/Lava_Maze_runite_mine","2001-08-13",,"false",,,0,18,0,29,0,12,0.00008884151385506988,0.00007764845047308417
"page:lava trough","Lava trough","page","scenery","scenery","https://oldschool.runescape.wiki/w/Lava_trough","2004-06-02",,"true",,,3,26,3,47.5,3,20,0.00009477429753517827,0.00008369988884387353
"page:law altar","Law Altar","page","scenery","scenery","https://oldschool.runescape.wiki/w/Law_Altar","2004-08-24",,"true",,,7,14,26,19,6,7,0.00016479971073218947,0.00015558149352960625
"page:law rune","Law rune","page","item","item|monster","https://oldschool.runescape.wiki/w/Law_rune","2001-05-24",,"false","true","false",23,18,38,13,23,5,0.00019732017260317252,0.000199030981829962
"page:law talisman","Law talisman","page","item","item","https://oldschool.runescape.wiki/w/Law_talisman","2004-08-24",,"true","false","false",4,21,4,34.5,4,12,0.00009430182250007193,0.00008382630936157133
"page:leafy palm tree","leafy palm tree","page","scenery","scenery","https://oldschool.runescape.wiki/w/Leafy_Palm_Tree","2003-08-20",,"true",,,3,20,12,27,3,10,0.00012558259265116464,0.0001193712466824478
"action:shake","Shake","action",,,,,,,,,2,0,3.5,0,0,0,0.00010267885508238468,0.00007764845047308417
"page:lean","Lean","page","article","article","https://oldschool.runescape.wiki/w/Lean","2004-08-02",,"false",,,1,12,4,10.5,1,9,0.00010571038103554406,0.00010170390489280885
"page:leather","Leather","page","item","item","https://oldschool.runescape.wiki/w/Leather","2001-06-23",,"false","true","false",18,24,30,50.5,18,9,0.0002002162764883401,0.00026668907438922614
"page:leather body","Leather body","page","item","item|monster","https://oldschool.runescape.wiki/w/Leather_body","2001-01-04",,"false","true","true",7,20,9,19,6,3,0.00011163947801443368,0.00009935612001343355
"page:leather boots","leather boots","page","item","item|monster","https://oldschool.runescape.wiki/w/Leather_boots","2001-01-04",,"false","true","true",16,25,37,26.5,16,7,0.0001844991707534004,0.00019653830695930027
"page:leather chaps","Leather chaps","page","item","item","https://oldschool.runescape.wiki/w/Leather_chaps","2004-03-29",,"false","true","true",5,23,10,19,4,6,0.00010686061726444208,0.00009500376258633308
"page:leather cowl","Leather cowl","page","item","item","https://oldschool.runescape.wiki/w/Leather_cowl","2004-03-29",,"false","true","true",2,20,2,16.5,2,4,0.00009349154912736805,0.00008448091910091823
"page:leather gloves","Leather gloves","page","item","item|monster","https://oldschool.runescape.wiki/w/Leather_gloves","2001-01-04",,"false","true","true",13,25,29,27.5,13,9,0.00015757113064097974,0.00015948513295817519
"page:leather vambraces","Leather vambraces","page","item","item|monster","https://oldschool.runescape.wiki/w/Leather_vambraces","2004-03-29",,"false","true","true",0,23,0,27.5,0,5,0.00008884151385506988,0.00007764845047308417
"page:leatherworker","Leatherworker","page","npc","npc","https://oldschool.runescape.wiki/w/Leatherworker","2004-03-29",,"true",,,10,20,10,21.5,10,14,0.00011755947627681263,0.00010797915333417629
"page:leela","Leela","page","npc","npc","https://oldschool.runescape.wiki/w/Leela","2001-02-28",,"false",,,8,23,11,34,8,16,0.00010903481362626045,0.00010112251726098837
"page:legends guild door","Legends Guild door","page","scenery","scenery","https://oldschool.runescape.wiki/w/Legends_Guild_door","2004-03-09",,"true",,,0,10,0,8.5,0,4,0.00008884151385506988,0.00007764845047308417
"page:legends guild general store.","Legends Guild General Store.","page","shop","shop","https://oldschool.runescape.wiki/w/Legends_Guild_General_Store.","2003-08-20",,"true",,,1,17,1,21.5,1,12,0.00009065306380425475,0.00007952765082443835
"page:legends guild shop of useful items.","Legends Guild Shop of Useful Items.","page","shop","shop","https://oldschool.runescape.wiki/w/Legends_Guild_Shop_of_Useful_Items.","2003-08-20",,"true",,,3,16,13,17,3,12,0.00013544545105121584,0.00015017161323277925
"page:legends' guard","Legends' Guard","page","npc","npc","https://oldschool.runescape.wiki/w/Legends'_Guard","2003-08-20",,"true",,,40,16,44,17.5,40,10,0.00021267243122152896,0.00021265631279293238
"page:legends' guild","Legends' Guild","page","location","location","https://oldschool.runescape.wiki/w/Legends'_Guild","2003-08-20",,"true",,,29,19,107,28.5,29,12,0.00038829248781606244,0.0004218328128408772
"page:legends' guild bank","Legends' Guild bank","page","location","location","https://oldschool.runescape.wiki/w/Legends'_Guild_bank","2003-08-20",,"true",,,0,18,0,22.5,0,13,0.00008884151385506988,0.00007764845047308417
"page:legends' guild mine","Legends' Guild mine","page","location","location","https://oldschool.runescape.wiki/w/Legends'_Guild_mine","2002-03-25",,"true",,,0,21,0,47.5,0,16,0.00008884151385506988,0.00007764845047308417
"page:legends' quest","Legends' Quest","page","quest","quest","https://oldschool.runescape.wiki/w/Legends'_Quest","2003-08-20",,"true",,,72,40,307,131.5,72,35,0.0007551747667360215,0.0008098549268794653
"category:master quests","Master quests","category",,,,,,,,,1,0,0.5,0,0,0,0.00009128219275897339,0.00007764845047308417
"page:legion","Legion","page","music","music","https://oldschool.runescape.wiki/w/Legion","2004-03-15",,"true",,,0,11,0,19.5,0,6,0.00008884151385506988,0.00007764845047308417
"page:lemon","lemon","page","item","item","https://oldschool.runescape.wiki/w/Lemon","2002-12-12",,"true","true","false",16,28,44,48.5,14,15,0.00016771453701739237,0.00016624071832679302
"page:lemon chunks","lemon chunks","page","item","item","https://oldschool.runescape.wiki/w/Lemon_chunks","2002-12-12",,"true","true","false",4,29,10,45,4,16,0.00010181361032266576,0.00009258843144942012
"page:lemon slices","Lemon slices","page","item","item","https://oldschool.runescape.wiki/w/Lemon_slices","2002-12-12",,"true","true","false",1,27,4,40,1,14,0.00009371346784067605,0.00008253742699589368
"page:lens mould","Lens mould","page","item","item","https://oldschool.runescape.wiki/w/Lens_mould","2003-03-17",,"true","false","false",10,15,15,17.5,9,5,0.0001351014788958801,0.00012528851283039285
"page:lesser demon","Lesser Demon","page","monster","monster","https://oldschool.runescape.wiki/w/Lesser_demon","2001-06-11",,"false",,,9,27,27,29,9,7,0.00015932891929120024,0.00015919332295446668
"page:lesser demon (melzar's maze)","Lesser demon (Melzar's Maze)","page","monster","monster","https://oldschool.runescape.wiki/w/Lesser_demon_(Melzar's_Maze)","2001-09-23",,"false",,,1,17,4,25.5,1,10,0.00009732733486509561,0.00008608854145756376
"page:level 1 certificate","Level 1 certificate","page","item","item","https://oldschool.runescape.wiki/w/Level_1_certificate","2003-07-09",,"true","false","false",0,18,0,20,0,10,0.00008884151385506988,0.00007764845047308417
"page:level 2 certificate","Level 2 certificate","page","item","item","https://oldschool.runescape.wiki/w/Level_2_certificate","2003-07-09",,"true","false","false",0,18,0,20,0,10,0.00008884151385506988,0.00007764845047308417
"page:level 3 certificate","Level 3 certificate","page","item","item","https://oldschool.runescape.wiki/w/Level_3_certificate","2003-07-09",,"true","false","false",0,21,0,32,0,13,0.00008884151385506988,0.00007764845047308417
"page:lever (ardougne)","Lever (Ardougne)","page","scenery","scenery","https://oldschool.runescape.wiki/w/Lever_(Ardougne)","2002-05-08",,"true",,,2,25,5,32.5,2,17,0.00011392258329056794,0.00010770458390333387
"action:pull","Pull","action",,,,,,,,,10,0,18.5,0,0,0,0.00013560802573697766,0.00007764845047308417
"page:lever (deserted keep)","Lever (Deserted Keep)","page","scenery","scenery","https://oldschool.runescape.wiki/w/Lever_(Deserted_Keep)","2002-05-08",,"true",,,0,36,0,55.5,0,17,0.00008884151385506988,0.00007764845047308417
"action:ardougne","Ardougne","action",,,,,,,,,3,0,5,0,0,0,0.00009564469284397941,0.00007764845047308417
"action:edgeville","Edgeville","action",,,,,,,,,3,0,5,0,0,0,0.00009564469284397941,0.00007764845047308417
"action:swap-options","Swap-options","action",,,,,,,,,3,0,5,0,0,0,0.00009564469284397941,0.00007764845047308417
"page:lever (elemental workshop i)","Lever (Elemental Workshop I)","page","scenery","scenery","https://oldschool.runescape.wiki/w/Lever_(Elemental_Workshop_I)","2004-06-02",,"true",,,2,28,2,43,2,18,0.00009293716748033221,0.00008153413828978308
"page:lever (family crest)","Lever (Family Crest)","page","scenery","scenery","https://oldschool.runescape.wiki/w/Lever_(Family_Crest)","2002-04-09",,"true",,,0,28,0,36,0,21,0.00008884151385506988,0.00007764845047308417
"page:lever (king black dragon lair)","Lever (King Black Dragon Lair)","page","scenery","scenery","https://oldschool.runescape.wiki/w/Lever_(King_Black_Dragon_Lair)","2002-09-24",,"true",,,1,11,1,19.5,1,5,0.00009099909347726689,0.00008018695751377372
"page:lever (lava maze dungeon)","Lever (Lava Maze Dungeon)","page","scenery","scenery","https://oldschool.runescape.wiki/w/Lever_(Lava_Maze_Dungeon)","2002-09-24",,"true",,,0,19,0,35,0,10,0.00008884151385506988,0.00007764845047308417
"action:commune","Commune","action",,,,,,,,,1,0,2,0,0,0,0.00009315667309946392,0.00007764845047308417
"action:private","Private","action",,,,,,,,,1,0,2,0,0,0,0.00009315667309946392,0.00007764845047308417
"page:lever (temple of ikov)","Lever (Temple of Ikov)","page","item","item","https://oldschool.runescape.wiki/w/Lever_(Temple_of_Ikov)","2002-06-17",,"true","false","false",8,18,11,19,8,11,0.0001447545827012093,0.00015920290766129828
"page:lever (watchtower)","Lever (Watchtower)","page","scenery","scenery","https://oldschool.runescape.wiki/w/Lever_(Watchtower)","2003-05-07",,"true",,,0,13,0,14.5,0,7,0.00008884151385506988,0.00007764845047308417
"page:lever bracket","Lever bracket","page","scenery","scenery","https://oldschool.runescape.wiki/w/Lever_bracket","2002-06-17",,"true",,,0,7,0,9,0,2,0.00008884151385506988,0.00007764845047308417
"page:lightness","Lightness","page","music","music","https://oldschool.runescape.wiki/w/Lightness","2004-03-15",,"false",,,2,19,12,54,2,13,0.00011111590534814447,0.00009831900355494442
"page:lightwalk","Lightwalk","page","music","music","https://oldschool.runescape.wiki/w/Lightwalk","2004-03-15",,"true",,,0,12,0,27,0,8,0.00008884151385506988,0.00007764845047308417
"page:lime","lime","page","item","item","https://oldschool.runescape.wiki/w/Lime","2002-12-12",,"true","true","false",12,25,34,33.5,10,12,0.00016570472403026784,0.00016168360000593882
"page:lime chunks","lime chunks","page","item","item","https://oldschool.runescape.wiki/w/Lime_chunks","2002-12-12",,"true","true","false",9,29,23,42,8,16,0.00012767192815655546,0.0001137373591620763
"page:lime slices","Lime slices","page","item","item","https://oldschool.runescape.wiki/w/Lime_slices","2002-12-12",,"true","true","false",9,27,25,34,7,14,0.00011922909613737732,0.00010093729809004513
"page:limpwurt root","limpwurt root","page","item","item|monster","https://oldschool.runescape.wiki/w/Limpwurt_root","2001-02-05",,"false","true","false",15,23,48,36.5,13,11,0.0001677410519040016,0.00016029427965889013
"page:liquid honey","liquid honey","page","item","item","https://oldschool.runescape.wiki/w/Liquid_honey","2002-10-23",,"true","false","false",3,30,12,60,3,23,0.00010235297451767616,0.00009049497599990296
"page:lit candle (unobtainable item)","Lit candle (unobtainable item)","page","item","item","https://oldschool.runescape.wiki/w/Lit_candle_(unobtainable_item)","2004-03-29","2005-03-14","false","false","false",0,14,0,11.5,0,6,0.00008884151385506988,0.00007764845047308417
"page:lobster","Lobster","page","item","item|monster","https://oldschool.runescape.wiki/w/Lobster","2001-06-11",,"false","true","false",11,24,20,33,11,7,0.0001235294810128259,0.00011713524600887554
"page:lobster pot","Lobster pot","page","item","item|monster","https://oldschool.runescape.wiki/w/Lobster_pot","2001-06-11",,"false","true","false",4,22,10,33,4,11,0.00010893255219770741,0.0000994964882951629
"page:local gnome","Local Gnome","page","npc","npc","https://oldschool.runescape.wiki/w/Local_Gnome","2002-07-23",,"true",,,3,15,3,28,3,10,0.00009570812711638534,0.00008460403608736333
"page:locating crystal","Locating crystal","page","item","item","https://oldschool.runescape.wiki/w/Locating_crystal","2003-01-27",,"true","false","false",31,16,43,15,31,8,0.0001981013326478752,0.0002159715650521363
"page:locating crystal (unobtainable item)","Locating crystal (unobtainable item)","page","item","item","https://oldschool.runescape.wiki/w/Locating_crystal_(unobtainable_item)","2004-03-29",,"true","false","false",4,18,7,18,4,9,0.00012236419975161648,0.0001263807610602032
"page:locked gate","Locked gate","page","scenery","scenery","https://oldschool.runescape.wiki/w/Locked_gate","2002-03-25",,"false",,,0,5,0,4,0,0,0.00008884151385506988,0.00007764845047308417
"page:locked ogre chest","Locked Ogre chest","page","scenery","scenery","https://oldschool.runescape.wiki/w/Locked_Ogre_chest","2004-05-18",,"true",,,3,15,12,20.5,3,9,0.00011527083020724744,0.00010519451264997562
"action:unlock","Unlock","action",,,,,,,,,1,0,2,0,0,0,0.00009840055831129083,0.00007764845047308417
"page:lockpick","lockpick","page","item","item|monster","https://oldschool.runescape.wiki/w/Lockpick","2002-05-08",,"true","true","false",7,16,19,20.5,7,4,0.0001521255365489066,0.0001454552484560555
"category:stealing artefacts","Stealing artefacts","category",,,,,,,,,1,0,0.5,0,0,0,0.00009199533595425959,0.00007764845047308417
"page:log balance (barbarian outpost agility course)","Log balance (Barbarian Outpost Agility Course)","page","scenery","scenery","https://oldschool.runescape.wiki/w/Log_balance_(Barbarian_Outpost_Agility_Course)","2002-12-12",,"true",,,0,19,0,27,0,12,0.00008884151385506988,0.00007764845047308417
"page:log balance (brimhaven agility arena)","Log balance (Brimhaven Agility Arena)","page","scenery","scenery","https://oldschool.runescape.wiki/w/Log_balance_(Brimhaven_Agility_Arena)","2004-07-27",,"true",,,2,18,2,25,2,9,0.00009396997948048764,0.00008305289517354211
"page:log balance (coal trucks)","Log balance (Coal Trucks)","page","scenery","scenery","https://oldschool.runescape.wiki/w/Log_balance_(Coal_Trucks)","2002-12-12",,"true",,,0,15,0,23,0,8,0.00008884151385506988,0.00007764845047308417
"page:log balance (gnome stronghold agility course)","Log balance (Gnome Stronghold Agility Course)","page","scenery","scenery","https://oldschool.runescape.wiki/w/Log_balance_(Gnome_Stronghold_Agility_Course)","2002-12-12",,"true",,,1,20,1,28,1,13,0.00009120136656684788,0.00008009293873448894
"page:log balance (wilderness agility course)","Log balance (Wilderness Agility Course)","page","scenery","scenery","https://oldschool.runescape.wiki/w/Log_balance_(Wilderness_Agility_Course)","2003-01-28",,"true",,,0,17,0,18,0,10,0.00008884151385506988,0.00007764845047308417
"page:log pile","Log pile","page","scenery","scenery","https://oldschool.runescape.wiki/w/Log_pile","2001-01-04",,"false",,,0,16,0,26,0,6,0.00008884151385506988,0.00007764845047308417
"page:logs","Logs","page","item","item|monster","https://oldschool.runescape.wiki/w/Logs","2001-01-04",,"false","true","false",36,28,102,46.5,33,14,0.0003540915444010523,0.00042137936580511845
"page:logs (tutorial island)","Logs (Tutorial Island)","page","item","item","https://oldschool.runescape.wiki/w/Logs_(Tutorial_Island)","2004-03-29",,"false","false","false",12,21,12,19.5,12,9,0.00012917105820413428,0.00012310264339054704
"page:lollk","Lollk","page","npc","npc","https://oldschool.runescape.wiki/w/Lollk","2003-05-27",,"true",,,6,28,9,55.5,6,20,0.00010420459758028191,0.00009346347515386068
"page:lonesome","Lonesome","page","music","music","https://oldschool.runescape.wiki/w/Lonesome","2004-03-17",,"true",,,0,11,0,19.5,0,6,0.00008884151385506988,0.00007764845047308417
"page:long ago","Long Ago","page","music","music","https://oldschool.runescape.wiki/w/Long_Ago","2004-03-15",,"true",,,1,8,5,5.5,1,3,0.00009696143716441351,0.00008532300664261075
"page:long way home","Long Way Home","page","music","music","https://oldschool.runescape.wiki/w/Long_Way_Home","2004-03-15",,"false",,,3,12,13,27,3,8,0.00013050170318585022,0.00012085023173908002
"page:longbow","Longbow","page","item","item","https://oldschool.runescape.wiki/w/Longbow","2001-01-04",,"false","true","true",19,28,22,49,19,9,0.0001386914422382204,0.00016108515421433433
"combat_style:bow","Bow","combat_style",,,,,,,,,13,0,19.5,0,0,0,0.00013323379034223593,0.00007764845047308417
"page:longbow (u)","Longbow (u)","page","item","item","https://oldschool.runescape.wiki/w/Longbow_(u)","2002-03-25",,"true","true","false",0,23,0,36.5,0,9,0.00008884151385506988,0.00007764845047308417
"page:loop half of key","loop half of key","page","item","item","https://oldschool.runescape.wiki/w/Loop_half_of_key","2002-02-27",,"true","true","false",4,15,10,27.5,4,5,0.00011115789383207101,0.00010386281690295915
"page:loose mud","Loose Mud","page","scenery","scenery","https://oldschool.runescape.wiki/w/Loose_Mud","2004-04-15",,"false",,,0,5,0,4,0,0,0.00008884151385506988,0.00007764845047308417
"page:loose railing (mcgrubor's wood)","Loose Railing (McGrubor's Wood)","page","scenery","scenery","https://oldschool.runescape.wiki/w/Loose_Railing_(McGrubor's_Wood)","2002-05-28",,"true",,,0,7,0,9,0,2,0.00008884151385506988,0.00007764845047308417
"page:loose railing (tree gnome village)","Loose Railing (Tree Gnome Village)","page","scenery","scenery","https://oldschool.runescape.wiki/w/Loose_Railing_(Tree_Gnome_Village)","2002-07-23",,"true",,,0,9,0,14,0,4,0.00008884151385506988,0.00007764845047308417
"page:loose rocks","loose rocks","page","scenery","scenery","https://oldschool.runescape.wiki/w/Loose_rocks","2003-01-27",,"true",,,1,19,4,20,1,12,0.00009626865923445169,0.0000854737341674706
"page:lord daquarius","Lord Daquarius","page","npc","npc","https://oldschool.runescape.wiki/w/Lord_Daquarius","2002-02-27",,"true",,,6,18,9,21.5,6,10,0.00011043658898741255,0.00009940411803685851
"page:lost city","Lost City","page","quest","quest","https://oldschool.runescape.wiki/w/Lost_City","2002-02-27",,"true",,,19,29,80,81.5,18,24,0.000282044668056411,0.00027289636874584626
"page:louie legs","Louie Legs","page","npc","npc","https://oldschool.runescape.wiki/w/Louie_Legs","2001-01-21",,"false",,,9,23,16,38.5,9,16,0.0001308315821712694,0.00012024484276193444
"page:louie's armoured legs bazaar.","Louie's Armoured Legs Bazaar.","page","shop","shop","https://oldschool.runescape.wiki/w/Louie's_Armoured_Legs_Bazaar.","2001-01-21",,"false",,,0,20,0,32,0,16,0.00008884151385506988,0.00007764845047308417
"page:louisa","Louisa","page","npc","npc","https://oldschool.runescape.wiki/w/Louisa","2003-06-09",,"true",,,21,20,21,17.5,21,12,0.00015461167141121615,0.0001489540804568965
"page:low level alchemy","Low Level Alchemy","page","spell","spell","https://oldschool.runescape.wiki/w/Low_Level_Alchemy","2001-05-24",,"false",,,18,15,27,19,18,11,0.00017431248145973466,0.0001980222882942502
"page:low wall (brimhaven agility arena)","Low wall (Brimhaven Agility Arena)","page","scenery","scenery","https://oldschool.runescape.wiki/w/Low_wall_(Brimhaven_Agility_Arena)","2004-07-27",,"true",,,0,18,0,25,0,9,0.00008884151385506988,0.00007764845047308417
"page:lowe","Lowe","page","npc","npc","https://oldschool.runescape.wiki/w/Lowe","2001-01-04",,"false",,,14,24,21,35,14,16,0.00017478795793095361,0.0001789361115474124
"page:lowe's archery emporium","Lowe's Archery Emporium","page","shop","shop","https://oldschool.runescape.wiki/w/Lowe's_Archery_Emporium","2001-01-04",,"false",,,5,15,20,20,5,11,0.00013562190742926242,0.00015507258230928263
"page:lozar's house","Lozar's house","page","location","location","https://oldschool.runescape.wiki/w/Lozar's_house","2001-01-04",,"false",,,0,16,0,32.5,0,11,0.00008884151385506988,0.00007764845047308417
"page:lucien","Lucien","page","monster","npc|monster","https://oldschool.runescape.wiki/w/Lucien","2002",,,,,14,18,38,11.5,14,5,0.00017407751312084233,0.00018518944855316032
"page:lucky win (death plateau)","Lucky Win (Death Plateau)","page","music","music","https://oldschool.runescape.wiki/w/Lucky_Win_(Death_Plateau)","2004-08-09",,"true",,,0,12,0,19,0,6,0.00008884151385506988,0.00007764845047308417
"page:lucy","Lucy","page","npc","npc","https://oldschool.runescape.wiki/w/Lucy","2004-03-29",,"false",,,7,18,7,25.5,7,10,0.00011051553901933212,0.00010576862269252514
"page:lullaby","Lullaby","page","music","music","https://oldschool.runescape.wiki/w/Lullaby","2004-03-15",,"true",,,1,9,4,14,1,5,0.0001016951796894351,0.00009022010438888008
"page:lumber order","Lumber order","page","item","item","https://oldschool.runescape.wiki/w/Lumber_order","2002-12-12",,"true","false","false",8,29,8,42.5,8,20,0.0001041850583804816,0.00009307267917837221
"page:lumber yard","Lumber Yard","page","location","location","https://oldschool.runescape.wiki/w/Lumber_Yard","2003-07-09",,"true",,,2,11,7,24.5,1,8,0.0000991872210083151,0.00008641030766680983
"page:lumbridge","Lumbridge","page","location","location","https://oldschool.runescape.wiki/w/Lumbridge","2001-01-04",,"false",,,57,26,209,47,56,20,0.000715894777577036,0.0007633084197660762
"page:lumbridge cabbage patch","Lumbridge cabbage patch","page","location","location","https://oldschool.runescape.wiki/w/Lumbridge_cabbage_patch","2001-01-04",,"false",,,0,14,0,24.5,0,9,0.00008884151385506988,0.00007764845047308417
"page:lumbridge castle","Lumbridge Castle","page","location","location","https://oldschool.runescape.wiki/w/Lumbridge_Castle","2001-01-04",,"false",,,17,17,65,23.5,17,10,0.00024267015006848743,0.00026506645123820186
"page:lumbridge church","Lumbridge Church","page","location","location","https://oldschool.runescape.wiki/w/Lumbridge_church","2001-01-04",,"false",,,2,15,8,21.5,2,8,0.00012304625328104487,0.000112697914194378
"page:lumbridge cow field","Lumbridge cow field","page","location","location","https://oldschool.runescape.wiki/w/Lumbridge_cow_field","2001-01-04",,"false",,,2,22,2,47,2,16,0.00009334984101863088,0.00008184360289089625
"page:lumbridge general store","Lumbridge General Store","page","shop","shop","https://oldschool.runescape.wiki/w/Lumbridge_General_Store","2001-01-04",,"false",,,5,18,22,25.5,5,13,0.0001367996400180133,0.00013137074232816566
"page:lumbridge graveyard","Lumbridge Graveyard","page","location","location","https://oldschool.runescape.wiki/w/Lumbridge_Graveyard","2001-01-04",,"false",,,0,14,0,24.5,0,9,0.00008884151385506988,0.00007764845047308417
"page:lumbridge pasture","Lumbridge pasture","page","location","location","https://oldschool.runescape.wiki/w/Lumbridge_pasture","2001-01-04",,"false",,,1,20,1,39,1,16,0.0000913586900809664,0.0000800056355822959
"page:lumbridge pond","Lumbridge pond","page","location","location","https://oldschool.runescape.wiki/w/Lumbridge_pond","2001-01-04",,"false",,,0,13,0,24.5,0,10,0.00008884151385506988,0.00007764845047308417
"page:lumbridge swamp","Lumbridge Swamp","page","location","location","https://oldschool.runescape.wiki/w/Lumbridge_Swamp","2001-01-04",,"false",,,26,24,100,50,25,18,0.0003217016619615228,0.00031862196415915215
"page:lumbridge teleport","Lumbridge Teleport","page","spell","spell","https://oldschool.runescape.wiki/w/Lumbridge_Teleport","2001-05-24",,"false",,,3,15,15,15.5,3,10,0.00010304707993476588,0.00009049989111706295
"page:lump of crystal","lump of crystal","page","item","item|monster","https://oldschool.runescape.wiki/w/Lump_of_crystal","2003-08-20",,"true","false","false",2,25,5,44,2,16,0.00010960328363309557,0.00009952881657571191
"page:lundail","Lundail","page","npc","npc","https://oldschool.runescape.wiki/w/Lundail","2003-09-22",,"true",,,11,24,18,33.5,11,16,0.00014466412434243194,0.00013853069764259348
"action:claim-runes","Claim-runes","action",,,,,,,,,1,0,2,0,0,0,0.00009618267837394599,0.00007764845047308417
"page:lundail's arena-side rune shop.","Lundail's Arena-side Rune Shop.","page","shop","shop","https://oldschool.runescape.wiki/w/Lundail's_Arena-side_Rune_Shop.","2003-09-22",,"true",,,0,18,0,32.5,0,15,0.00008884151385506988,0.00007764845047308417
"page:lunderwin","Lunderwin","page","npc","npc","https://oldschool.runescape.wiki/w/Lunderwin","2002-02-27",,"true",,,2,19,2,30,2,14,0.00009335391003259676,0.00008191102687890872
"page:luthas","Luthas","page","npc","npc","https://oldschool.runescape.wiki/w/Luthas","2001-06-11",,"false",,,9,21,12,37,9,12,0.00010938301834922129,0.00009860252586071106
"page:lvl-1 enchant","Lvl-1 Enchant","page","spell","spell","https://oldschool.runescape.wiki/w/Lvl-1_Enchant","2001-05-24",,"false",,,7,7,22,4.5,7,2,0.00012345335346368365,0.00013083719088632361
"category:utility spells","Utility spells","category",,,,,,,,,5,0,2.5,0,0,0,0.00011825093832681021,0.00007764845047308417
"page:lvl-2 enchant","Lvl-2 Enchant","page","spell","spell","https://oldschool.runescape.wiki/w/Lvl-2_Enchant","2001-05-24",,"false",,,2,13,5,16.5,2,8,0.000102439347435845,0.00009946370915031919
"page:lvl-3 enchant","Lvl-3 Enchant","page","spell","spell","https://oldschool.runescape.wiki/w/Lvl-3_Enchant","2001-05-24",,"false",,,6,8,21,5.5,6,3,0.00011492451837615147,0.00011351628641087482
"page:lvl-4 enchant","Lvl-4 Enchant","page","spell","spell","https://oldschool.runescape.wiki/w/Lvl-4_Enchant","2001-05-24",,"false",,,1,15,4,15.5,1,10,0.00009488273679722153,0.00008964866557452572
"page:lvl-5 enchant","Lvl-5 Enchant","page","spell","spell","https://oldschool.runescape.wiki/w/Lvl-5_Enchant","2002-02-27",,"true",,,1,11,4,11.5,1,6,0.00009820181316746048,0.00009910135067383173
"page:machete","Machete","page","item","item","https://oldschool.runescape.wiki/w/Machete","2003-08-20",,"true","true","true",4,22,7,29,4,7,0.00011375477511454728,0.00010991070647847598
"page:machine (watchtower)","Machine (Watchtower)","page","scenery","scenery","https://oldschool.runescape.wiki/w/Machine_(Watchtower)","2003-05-07",,"true",,,0,10,0,8.5,0,4,0.00008884151385506988,0.00007764845047308417
"page:mackerel","Mackerel","page","item","item|monster","https://oldschool.runescape.wiki/w/Mackerel","2002-02-27",,"true","true","false",13,30,16,45,13,13,0.00011845147972477588,0.0001116780836260084
"page:mad eadgar","Mad Eadgar","page","music","music","https://oldschool.runescape.wiki/w/Mad_Eadgar","2004-08-24",,"true",,,0,11,0,19.5,0,6,0.00008884151385506988,0.00007764845047308417
"page:mad skavid","Mad skavid","page","npc","npc","https://oldschool.runescape.wiki/w/Mad_skavid","2003-05-07",,"true",,,27,17,27,27,27,10,0.00017086576240302632,0.00017403286725910016
"page:mage arena","Mage Arena","page","location","location|minigame","https://oldschool.runescape.wiki/w/Mage_Arena","2003-09-22",,"true",,,22,19,91,17.5,22,10,0.00032947809417029593,0.00032309409316375417
"page:mage arena (music track)","Mage Arena (music track)","page","music","music","https://oldschool.runescape.wiki/w/Mage_Arena_(music_track)","2004-03-15",,"true",,,1,11,5,19.5,1,6,0.0001178413361874006,0.00010949009203608379
"page:mage arena bank","Mage Arena bank","page","location","location","https://oldschool.runescape.wiki/w/Mage_Arena_bank","2003-09-22",,"true",,,5,21,8,25.5,5,16,0.00017399893399407443,0.00017231947122977768
"page:mage arena i","Mage Arena I","page","quest","quest","https://oldschool.runescape.wiki/w/Mage_Arena_I","2003-09-22",,"true",,,10,22,41,50.5,10,19,0.0001659912185189203,0.00015969656691051798
"page:mage arena staffs.","Mage Arena Staffs.","page","shop","shop","https://oldschool.runescape.wiki/w/Mage_Arena_Staffs.","2003-09-22",,"true",,,1,20,4,35.5,1,17,0.00009611175937092251,0.00008476757511781352
"page:magenta door","Magenta door","page","scenery","scenery","https://oldschool.runescape.wiki/w/Magenta_door","2001-09-23",,"false",,,0,22,0,30.5,0,16,0.00008884151385506988,0.00007764845047308417
"page:magic","Magic","page","skill","skill","https://oldschool.runescape.wiki/w/Magic","2001-01-04",,"false",,,546,7,924,8.5,529,4,0.002804411304168587,0.0036739223845173186
"page:magic axe","Magic axe","page","monster","monster","https://oldschool.runescape.wiki/w/Magic_axe","2002-02-27",,"true",,,3,17,10,14.5,3,6,0.00010581124122066442,0.00009336301786782906
"page:magic axe hut","Magic axe hut","page","location","location","https://oldschool.runescape.wiki/w/Magic_axe_hut","2002-05-08",,"true",,,0,25,0,44.5,0,20,0.00008884151385506988,0.00007764845047308417
"page:magic dance","Magic Dance","page","music","music","https://oldschool.runescape.wiki/w/Magic_Dance","2004-03-15",,"true",,,2,7,10,5,2,3,0.00011337268784977682,0.00010129995329973729
"page:magic door","Magic door","page","scenery","scenery","https://oldschool.runescape.wiki/w/Magic_door","2002-02-27",,"true",,,0,19,0,27.5,0,13,0.00008884151385506988,0.00007764845047308417
"page:magic door (thalzar's room)","magic door (Thalzar's room)","page","scenery","scenery","https://oldschool.runescape.wiki/w/Magic_door_(Thalzar's_room)","2001-09-23",,"false",,,1,26,4,43.5,1,17,0.00009583442674577562,0.00008499136919679732
"page:magic gold feather","Magic gold feather","page","item","item","https://oldschool.runescape.wiki/w/Magic_gold_feather","2002-07-23",,"true","false","false",7,21,10,32,7,11,0.00010650981728716044,0.00009557777530573444
"action:blow-on","Blow-on","action",,,,,,,,,1,0,2,0,0,0,0.00009449984789845832,0.00007764845047308417
"page:magic guild door","Magic guild door","page","scenery","scenery","https://oldschool.runescape.wiki/w/Magic_guild_door","2002-10-23",,"true",,,0,11,0,12.5,0,5,0.00008884151385506988,0.00007764845047308417
"page:magic guild store (runes and staves)","Magic Guild Store (Runes and Staves)","page","shop","shop","https://oldschool.runescape.wiki/w/Magic_Guild_Store_(Runes_and_Staves)","2002-10-23",,"true",,,4,17,4,20.5,4,12,0.00010987170880251219,0.00011594183270075035
"page:magic instructor","Magic Instructor","page","npc","npc","https://oldschool.runescape.wiki/w/Magic_Instructor","2004-03-29",,"false",,,12,17,16,24,12,10,0.00014042903007381997,0.00013323362625799405
"page:magic level up!","Magic Level Up!","page","music","music","https://oldschool.runescape.wiki/w/Magic_Level_Up!","2004-03-29",,"false",,,0,8,0,5.5,0,3,0.00008884151385506988,0.00007764845047308417
"page:magic level up! (unlocks)","Magic Level Up! (Unlocks)","page","music","music","https://oldschool.runescape.wiki/w/Magic_Level_Up!_(Unlocks)","2004-03-29",,"false",,,0,9,0,9.5,0,4,0.00008884151385506988,0.00007764845047308417
"page:magic logs","magic logs","page","item","item|monster","https://oldschool.runescape.wiki/w/Magic_logs","2002-03-25",,"true","true","false",23,24,50,24,21,9,0.0002313175455321663,0.0002960154353465472
"page:magic longbow","Magic longbow","page","item","item","https://oldschool.runescape.wiki/w/Magic_longbow","2002-03-25",,"true","true","true",12,29,15,54.5,12,9,0.00011627356914466837,0.00011713421596977737
"page:magic longbow (u)","Magic longbow (u)","page","item","item|monster","https://oldschool.runescape.wiki/w/Magic_longbow_(u)","2002-03-25",,"true","true","false",0,26,0,38.5,0,10,0.00008884151385506988,0.00007764845047308417
"page:magic ogre potion","Magic ogre potion","page","item","item","https://oldschool.runescape.wiki/w/Magic_ogre_potion","2003-05-07",,"true","false","false",17,30,23,52.5,17,16,0.00015301962741183476,0.0001554767063280183
"page:magic potion","magic potion","page","item","item|monster","https://oldschool.runescape.wiki/w/Magic_potion","2004-09-07",,"true","true","false",1,25,4,37,1,6,0.00010092395973937319,0.00009317814060436147
"category:magic boosting items","Magic boosting items","category",,,,,,,,,2,0,1,0,0,0,0.00009072694338786697,0.00007764845047308417
"page:magic shortbow","Magic shortbow","page","item","item|monster","https://oldschool.runescape.wiki/w/Magic_shortbow","2002-03-25",,"true","true","true",13,28,19,34.5,13,8,0.00012408314987706273,0.00014174477542767136
"page:magic shortbow (u)","Magic shortbow (u)","page","item","item|monster","https://oldschool.runescape.wiki/w/Magic_shortbow_(u)","2002-03-25",,"true","true","false",0,27,0,39.5,0,11,0.00008884151385506988,0.00007764845047308417
"page:magic staff","Magic staff","page","item","item|monster","https://oldschool.runescape.wiki/w/Magic_staff","2001-01-04",,"false","true","true",2,19,2,16.5,2,3,0.00009302666949424849,0.00008262755071629868
"page:magic tree","Magic tree","page","scenery","scenery","https://oldschool.runescape.wiki/w/Magic_tree","2002-03-25",,"true",,,4,11,14,12,4,4,0.00014676910457563623,0.00014862677192783405
"page:magic whistle","Magic whistle","page","item","item","https://oldschool.runescape.wiki/w/Magic_whistle","2002-07-23",,"true","false","false",6,27,9,44.5,6,18,0.00010361730373034233,0.00009198033451937715
"action:blow","Blow","action",,,,,,,,,1,0,2,0,0,0,0.00009279992770544804,0.00007764845047308417
"page:magical journey","Magical Journey","page","music","music","https://oldschool.runescape.wiki/w/Magical_Journey","2004-03-15",,"true",,,2,7,6,5,2,3,0.00011302254594379582,0.00010533423110240836
"page:magical shield","Magical shield","page","scenery","scenery","https://oldschool.runescape.wiki/w/Magical_shield","2004-03-29",,"true",,,0,5,0,4,0,0,0.00008884151385506988,0.00007764845047308417
"page:magnet (witch's house)","Magnet (Witch's House)","page","item","item","https://oldschool.runescape.wiki/w/Magnet_(Witch's_House)","2002-02-27",,"true","false","false",9,20,15,24,9,13,0.00013182366756521956,0.00012519025836847748
"page:makeover mage","Makeover Mage","page","npc","npc","https://oldschool.runescape.wiki/w/Makeover_Mage","2002-05-08",,"false",,,4,13,7,15.5,4,4,0.00010199732014789395,0.00009242813757820369
"action:makeover","Makeover","action",,,,,,,,,4,0,7,0,0,0,0.00011248725832696318,0.00007764845047308417
"page:male slave","Male slave","page","npc","npc","https://oldschool.runescape.wiki/w/Male_slave","2003-04-14",,"true",,,17,20,17,31,17,13,0.0001323588575814013,0.00012868655331466298
"page:mammoth (unused npc)","Mammoth (unused NPC)","page","monster","monster","https://oldschool.runescape.wiki/w/Mammoth_(unused_NPC)","2004-03-29","2017-04-13","true",,,0,8,0,6,0,4,0.00008884151385506988,0.00007764845047308417
"page:man","Man","page","monster","npc|monster","https://oldschool.runescape.wiki/w/Man","2001-01-04",,"false",,,6,27,12,30.5,6,10,0.00013456462646897538,0.0001245584410107282
"page:man (canifis bridge)","Man (Canifis bridge)","page","npc","npc","https://oldschool.runescape.wiki/w/Man_(Canifis_bridge)","2004-06-29","2004-10-14","true",,,0,8,0,12.5,0,3,0.00008884151385506988,0.00007764845047308417
"page:man (canifis)","Man (Canifis)","page","monster","monster","https://oldschool.runescape.wiki/w/Man_(Canifis)","2004-06-29","2007-06-04","true",,,1,11,4,11.5,1,6,0.00010610215083264604,0.00009524876595519844
"page:man (east ardougne)","Man (East Ardougne)","page","monster","monster","https://oldschool.runescape.wiki/w/Man_(East_Ardougne)","2002-04-30",,"true",,,0,22,0,27.5,0,15,0.00008884151385506988,0.00007764845047308417
"page:man (level 4)","Man (level 4)","page","monster","monster","https://oldschool.runescape.wiki/w/Man_(level_4)","2002-08-27",,"false",,,4,19,7,22,4,13,0.00011195209378791503,0.00010219135134945718
"page:man (west ardougne)","Man (West Ardougne)","page","npc","npc","https://oldschool.runescape.wiki/w/Man_(West_Ardougne)","2002-08-27",,"true",,,2,18,2,23,2,13,0.00009449167549069857,0.00008351121181266534
"page:manhole","Manhole","page","scenery","scenery","https://oldschool.runescape.wiki/w/Manhole","2001-01-04",,"false",,,0,27,0,41.5,0,15,0.00008884151385506988,0.00007764845047308417
"page:manhole (west ardougne)","manhole (West Ardougne)","page","scenery","scenery","https://oldschool.runescape.wiki/w/Manhole_(West_Ardougne)","2002-08-27",,"true",,,1,27,4,36.5,1,18,0.000102266453726518,0.00009231538004151273
"page:manhole cover","Manhole cover","page","scenery","scenery","https://oldschool.runescape.wiki/w/Manhole_cover","2002-08-27",,"true",,,0,21,0,22.5,0,15,0.00008884151385506988,0.00007764845047308417
"page:manta ray","manta ray","page","item","item|monster","https://oldschool.runescape.wiki/w/Manta_ray","2003-07-28",,"true","true","false",2,25,5,34,2,8,0.00010125643136973259,0.00009180860896963917
"page:map part (lozar)","Map part (Lozar)","page","item","item|monster","https://oldschool.runescape.wiki/w/Map_part_(Lozar)","2001-09-23",,"false","false","false",13,26,16,37,13,16,0.0001181284265701995,0.00010789384020816486
"page:map part (melzar)","Map part (Melzar)","page","item","item","https://oldschool.runescape.wiki/w/Map_part_(Melzar)","2001-09-23",,"false","false","false",12,27,18,41.5,12,18,0.00012728037705597004,0.00011692229412742928
"page:map part (thalzar)","Map part (Thalzar)","page","item","item","https://oldschool.runescape.wiki/w/Map_part_(Thalzar)","2001-09-23",,"false","false","false",10,31,13,54.5,10,22,0.00011209228015969533,0.00010150505258607414
"page:maple logs","Maple logs","page","item","item|monster","https://oldschool.runescape.wiki/w/Maple_logs","2002-03-25",,"false","true","false",21,22,37,25.5,19,8,0.00020502631146758095,0.0002713188961713767
"page:maple longbow","Maple longbow","page","item","item|monster","https://oldschool.runescape.wiki/w/Maple_longbow","2002-03-25",,"false","true","true",13,30,19,50.5,13,10,0.00012486107601025298,0.00014308341162643293
"page:maple longbow (u)","Maple longbow (u)","page","item","item","https://oldschool.runescape.wiki/w/Maple_longbow_(u)","2002-03-25",,"true","true","false",0,26,0,39.5,0,12,0.00008884151385506988,0.00007764845047308417
"page:maple shortbow","Maple shortbow","page","item","item|monster","https://oldschool.runescape.wiki/w/Maple_shortbow","2002-03-25",,"false","true","true",15,29,24,38.5,15,9,0.00013357221071106648,0.00016239811864159014
"page:maple shortbow (u)","Maple shortbow (u)","page","item","item","https://oldschool.runescape.wiki/w/Maple_shortbow_(u)","2002-03-25",,"true","true","false",1,27,1,40.5,1,13,0.00009047485102763462,0.00007970642026590809
"page:maple tree","maple tree","page","scenery","scenery","https://oldschool.runescape.wiki/w/Maple_tree","2002-03-25",,"false",,,6,12,9,11.5,6,2,0.00012567423140829388,0.00011775941013067459
"page:march","March","page","music","music","https://oldschool.runescape.wiki/w/March","2004-03-15",,"true",,,0,12,0,28,0,8,0.00008884151385506988,0.00007764845047308417
"page:marked wall","Marked wall","page","scenery","scenery","https://oldschool.runescape.wiki/w/Marked_wall","2003-08-20",,"true",,,2,21,2,33.5,2,14,0.00009195072458197898,0.00008055764319476766
"page:marrentill","Marrentill","page","item","item","https://oldschool.runescape.wiki/w/Marrentill","2002-02-27",,"true","true","false",6,24,11,46.5,5,12,0.00011388830001598661,0.00010333781864529075
"page:marrentill potion (unf)","Marrentill potion (unf)","page","item","item","https://oldschool.runescape.wiki/w/Marrentill_potion_(unf)","2002-02-27",,"true","true","false",14,25,17,39,14,11,0.00011978814252882486,0.00011842440256984591
"page:marshy jungle vine","marshy jungle vine","page","scenery","scenery","https://oldschool.runescape.wiki/w/Marshy_jungle_vine","2002-10-23",,"true",,,1,18,4,34.5,1,9,0.00009577590118263336,0.00008560004103210812
"page:martha rehnison","Martha Rehnison","page","npc","npc","https://oldschool.runescape.wiki/w/Martha_Rehnison","2002-08-27",,"true",,,16,26,25,30,16,19,0.0001473022129080039,0.00013762133376673467
"page:mary (murder mystery)","Mary (Murder Mystery)","page","npc","npc","https://oldschool.runescape.wiki/w/Mary_(Murder_Mystery)","2003-06-09",,"true",,,20,20,20,18,20,13,0.0001476397923290086,0.00013981249425870402
"page:marzipan","Marzipan","page","music","music","https://oldschool.runescape.wiki/w/Marzipan","2004-08-24",,"true",,,0,7,0,5,0,3,0.00008884151385506988,0.00007764845047308417
"page:master chef","Master Chef","page","npc","npc","https://oldschool.runescape.wiki/w/Master_Chef","2004-03-29",,"false",,,11,18,18,28.5,11,12,0.00014351658722290856,0.00013775614841878592
"page:master crafter","Master Crafter","page","npc","npc","https://oldschool.runescape.wiki/w/Master_Crafter","2002-02-27",,"false",,,1,14,1,27.5,1,6,0.0000906611593195734,0.00007953419856045356
"page:master fisher","Master fisher","page","npc","npc","https://oldschool.runescape.wiki/w/Master_fisher","2002-06-17",,"true",,,0,12,0,23,0,5,0.00008884151385506988,0.00007764845047308417
"page:mausoleum (music track)","Mausoleum (music track)","page","music","music","https://oldschool.runescape.wiki/w/Mausoleum_(music_track)","2004-06-29",,"true",,,0,10,0,7,0,4,0.00008884151385506988,0.00007764845047308417
"page:maze","Maze","page","article","article","https://oldschool.runescape.wiki/w/Maze","2004-08-02",,"false",,,8,14,35,12.5,8,11,0.00022467810680884754,0.00022433898401390625
"page:maze centre","Maze Centre","page","music","music","https://oldschool.runescape.wiki/w/Maze_Centre","2004-08-02",,"false",,,0,10,0,14.5,0,5,0.00008884151385506988,0.00007764845047308417
"page:maze key","Maze key","page","item","item","https://oldschool.runescape.wiki/w/Maze_key","2001-09-23",,"false","false","false",11,16,14,32.5,11,8,0.00011885787777245275,0.00010852567381337559
"page:mcgrubor's wood","McGrubor's Wood","page","location","location","https://oldschool.runescape.wiki/w/McGrubor's_Wood","2002-05-28",,"true",,,12,16,42,29.5,12,11,0.00019531619749302235,0.00018814704599058244
"category:woods","Woods","category",,,,,,,,,1,0,0.5,0,0,0,0.00009165539127658473,0.00007764845047308417
"page:meat pie","Meat pie","page","item","item|monster","https://oldschool.runescape.wiki/w/Meat_pie","2001-03-17",,"false","true","false",10,31,19,48,10,10,0.00013471526264013353,0.00014047083217754496
"page:meat pizza","Meat pizza","page","item","item|monster","https://oldschool.runescape.wiki/w/Meat_pizza","2001-06-11",,"false","true","false",6,29,12,45.5,6,11,0.00011480487817675342,0.00011101249905680486
"page:medical gown","Medical gown","page","item","item","https://oldschool.runescape.wiki/w/Medical_gown","2002-10-23",,"true","false","true",8,25,14,34,8,14,0.00011633263385480455,0.00010674763372271025
"page:medieval","Medieval","page","music","music","https://oldschool.runescape.wiki/w/Medieval","2004-03-15",,"false",,,3,11,13,17.5,3,6,0.00016245530555614797,0.00015817631909599255
"page:megan","Megan","page","npc","npc","https://oldschool.runescape.wiki/w/Megan","2004-03-29",,"false",,,6,17,6,22,6,10,0.00010640445769913282,0.00010073202159440866
"page:mellow","Mellow","page","music","music","https://oldschool.runescape.wiki/w/Mellow","2004-03-15",,"true",,,0,10,0,19,0,6,0.00008884151385506988,0.00007764845047308417
"page:melzar the mad","Melzar the Mad","page","monster","npc|monster","https://oldschool.runescape.wiki/w/Melzar_the_Mad","2001-09-23",,"false",,,11,26,17,50,11,18,0.00012479148544141102,0.00011418946581149895
"page:melzar's maze","Melzar's Maze","page","location","location","https://oldschool.runescape.wiki/w/Melzar's_Maze","2001-09-23",,"false",,,14,32,52,53.5,13,25,0.00018721824743234234,0.00017515842521437794
"page:mercenary","Mercenary","page","monster","monster","https://oldschool.runescape.wiki/w/Mercenary","2003-04-14",,"true",,,16,19,19,22,16,13,0.00014597352870591307,0.00014521614629504204
"page:mercenary captain","Mercenary Captain","page","monster","monster","https://oldschool.runescape.wiki/w/Mercenary_Captain","2003-04-14",,"true",,,18,19,33,22,18,13,0.00016611775064263683,0.00017156705457202427
"page:merlin","Merlin","page","npc","npc","https://oldschool.runescape.wiki/w/Merlin","2002-02-27",,"true",,,17,28,30,47,17,18,0.00014952111480268554,0.00014063690049472265
"page:merlin's crystal","Merlin's Crystal","page","quest","quest","https://oldschool.runescape.wiki/w/Merlin's_Crystal","2002-02-27",,"true",,,8,28,32,81,7,24,0.00014962585096973518,0.00013554017216888003
"page:message (romeo & juliet)","Message (Romeo & Juliet)","page","item","item","https://oldschool.runescape.wiki/w/Message_(Romeo_%26_Juliet)","2001-01-04",,"false","false","false",2,16,2,13.5,2,8,0.00009648020815365837,0.00008669234377864583
"page:metal key","Metal key","page","item","item|monster","https://oldschool.runescape.wiki/w/Metal_key","2003-04-14",,"true","false","false",6,13,6,19.5,6,3,0.00009990666980826972,0.00008917959070542318
"page:miles","Miles","page","npc","npc","https://oldschool.runescape.wiki/w/Miles","2001-12-08",,"false",,,14,14,17,28,14,6,0.0001686276133151803,0.00022115845842612166
"page:miles away","Miles Away","page","music","music","https://oldschool.runescape.wiki/w/Miles_Away","2004-03-15",,"false",,,1,17,4,44.5,1,12,0.00009735027856232573,0.0000856485938740452
"page:mill (scenery)","Mill (scenery)","page","scenery","scenery","https://oldschool.runescape.wiki/w/Mill_(scenery)","2001-03-17",,"false",,,0,14,0,19.5,0,5,0.00008884151385506988,0.00007764845047308417
"page:mill lane mill","Mill Lane Mill","page","location","location","https://oldschool.runescape.wiki/w/Mill_Lane_Mill","2001-01-04",,"false",,,0,25,0,55,0,19,0.00008884151385506988,0.00007764845047308417
"page:milli rehnison","Milli Rehnison","page","npc","npc","https://oldschool.runescape.wiki/w/Milli_Rehnison","2002-08-27",,"true",,,11,28,17,35,11,21,0.00012411490138677483,0.0001130144129598913
"page:millstones","millstones","page","scenery","scenery","https://oldschool.runescape.wiki/w/Millstones","2001-01-04",,"false",,,1,11,4,12,1,4,0.00010002896374794332,0.00009022010438888008
"page:mime","mime","page","npc","npc","https://oldschool.runescape.wiki/w/Mime","2004-08-02",,"false",,,3,6,12,4,3,2,0.00013039089450656295,0.00013037553606013385
"page:mime (random event)","Mime (Random Event)","page","article","article","https://oldschool.runescape.wiki/w/Mime_(Random_Event)","2004-08-02",,"false",,,10,16,42,48.5,10,13,0.000240629428897345,0.00033253127928776176
"page:mime boots","Mime boots","page","item","item","https://oldschool.runescape.wiki/w/Mime_boots","2004-08-02",,"false","false","true",0,19,0,19,0,4,0.00008884151385506988,0.00007764845047308417
"page:mime gloves","Mime gloves","page","item","item","https://oldschool.runescape.wiki/w/Mime_gloves","2004-08-02",,"false","false","true",0,18,0,18.5,0,4,0.00008884151385506988,0.00007764845047308417
"page:mime legs","Mime legs","page","item","item","https://oldschool.runescape.wiki/w/Mime_legs","2004-08-02",,"false","false","true",0,18,0,18.5,0,4,0.00008884151385506988,0.00007764845047308417
"page:mime mask","Mime mask","page","item","item","https://oldschool.runescape.wiki/w/Mime_mask","2004-08-02",,"false","false","true",0,22,0,27.5,0,6,0.00008884151385506988,0.00007764845047308417
"page:mime top","Mime top","page","item","item","https://oldschool.runescape.wiki/w/Mime_top","2004-08-02",,"false","false","true",0,18,0,18.5,0,4,0.00008884151385506988,0.00007764845047308417
"page:mind altar","Mind Altar","page","scenery","scenery","https://oldschool.runescape.wiki/w/Mind_Altar","2004-03-29",,"false",,,8,11,30,13,7,4,0.00018034396179257415,0.0001757326216090013
"page:mind rune","Mind rune","page","item","item|monster","https://oldschool.runescape.wiki/w/Mind_rune","2001-01-04",,"false","true","false",13,30,16,54.5,13,16,0.0001588302906530091,0.00016112789172376702
"page:mind talisman","Mind talisman","page","item","item|monster","https://oldschool.runescape.wiki/w/Mind_talisman","2004-03-29",,"false","true","false",3,17,3,23.5,3,6,0.00009332503685841154,0.00008293050340756194
"page:mine cart (desert mining camp)","Mine Cart (Desert Mining Camp)","page","scenery","scenery","https://oldschool.runescape.wiki/w/Mine_Cart_(Desert_Mining_Camp)","2004-03-03",,"true",,,0,13,0,27,0,7,0.00008884151385506988,0.00007764845047308417
"page:mine cart driver","mine cart driver","page","npc","npc","https://oldschool.runescape.wiki/w/Mine_cart_driver","2003-04-14",,"true",,,16,23,19,34.5,16,17,0.00012859960202923204,0.00012381023540852868
"page:mining","Mining","page","skill","skill","https://oldschool.runescape.wiki/w/Mining","2001-01-04",,"false",,,100,11,245,9.5,100,8,0.0007583903523169835,0.0009032509627014592
"page:mining guild","Mining Guild","page","location","location","https://oldschool.runescape.wiki/w/Mining_Guild","2001-08-13",,"false",,,5,27,17,40.5,5,16,0.00012778156896817248,0.00012306737622873722
"page:mining instructor","Mining Instructor","page","npc","npc","https://oldschool.runescape.wiki/w/Mining_Instructor","2004-03-29",,"false",,,9,17,9,18,9,10,0.0001145098034046184,0.00010537352088741477
"page:mining level up!","Mining Level Up!","page","music","music","https://oldschool.runescape.wiki/w/Mining_Level_Up!","2004-03-29",,"false",,,0,8,0,5.5,0,3,0.00008884151385506988,0.00007764845047308417
"page:mining level up! (unlocks)","Mining Level Up! (Unlocks)","page","music","music","https://oldschool.runescape.wiki/w/Mining_Level_Up!_(Unlocks)","2004-03-29",,"false",,,0,9,0,9.5,0,4,0.00008884151385506988,0.00007764845047308417
"page:miracle dance","Miracle Dance","page","music","music","https://oldschool.runescape.wiki/w/Miracle_Dance","2004-03-15",,"false",,,0,10,0,19,0,6,0.00008884151385506988,0.00007764845047308417
"page:mirror","mirror","page","item","item","https://oldschool.runescape.wiki/w/Mirror","2004-07-13",,"true","false","false",12,15,15,16,12,8,0.0001545054727217683,0.00015953119846153028
"page:miscellaneous key","Miscellaneous key","page","item","item","https://oldschool.runescape.wiki/w/Miscellaneous_key","2002-02-27",,"true","true","false",6,16,9,30.5,6,5,0.00009993200801319333,0.00008871578895832782
"page:misthalin","Misthalin","page","location","location","https://oldschool.runescape.wiki/w/Misthalin","2001-01-04",,"false",,,25,12,110,12.5,25,7,0.0004638981713306241,0.0004700375065466701
"page:mithril 2h sword","Mithril 2h sword","page","item","item|monster","https://oldschool.runescape.wiki/w/Mithril_2h_sword","2001-01-04",,"false","true","true",1,33,1,39.5,1,9,0.00009109570152005184,0.00008009293873448894
"page:mithril arrow","Mithril arrow","page","item","item|monster","https://oldschool.runescape.wiki/w/Mithril_arrow","2002-03-25",,"false","true","true",13,25,24,29,12,6,0.00014532865248383244,0.00014518299704191867
"page:mithril arrowtips","Mithril arrowtips","page","item","item|monster","https://oldschool.runescape.wiki/w/Mithril_arrowtips","2002-03-25",,"true","true","false",1,35,1,56,1,18,0.00009109570152005184,0.00008009293873448894
"page:mithril axe","Mithril axe","page","item","item|monster","https://oldschool.runescape.wiki/w/Mithril_axe","2001-01-04",,"false","true","true",3,38,6,64,3,15,0.00010832202211632288,0.00011490646051562669
"page:mithril axe head","Mithril axe head","page","item","item","https://oldschool.runescape.wiki/w/Mithril_axe_head","2004-03-29","2007-07-17","false","true","false",8,30,8,33.5,8,16,0.00010951836848343736,0.0001036088841155868
"page:mithril bar","Mithril bar","page","item","item|monster","https://oldschool.runescape.wiki/w/Mithril_bar","2001-01-04",,"false","true","false",62,28,154,50.5,46,10,0.00040635566532407877,0.0004843250819954903
"page:mithril battleaxe","Mithril battleaxe","page","item","item|monster","https://oldschool.runescape.wiki/w/Mithril_battleaxe","2001-01-04",,"false","true","true",1,37,1,55,1,13,0.00009109570152005184,0.00008009293873448894
"page:mithril chainbody","Mithril chainbody","page","item","item|monster","https://oldschool.runescape.wiki/w/Mithril_chainbody","2001-01-04",,"false","true","true",3,30,6,35.5,3,7,0.00009882219193492387,0.00009065379423535563
"page:mithril claws","Mithril claws","page","item","item","https://oldschool.runescape.wiki/w/Mithril_claws","2004-08-09",,"true","true","true",0,35,0,51,0,13,0.00008884151385506988,0.00007764845047308417
"page:mithril dagger","mithril dagger","page","item","item|monster","https://oldschool.runescape.wiki/w/Mithril_dagger","2001-01-04",,"false","true","true",4,35,7,37,4,10,0.00010306458058654348,0.00009403824956748155
"page:mithril dart","mithril dart","page","item","item|monster","https://oldschool.runescape.wiki/w/Mithril_dart","2003-04-14",,"true","true","true",2,29,5,33,2,8,0.00009546566181795547,0.00008569737523624619
"page:mithril dart tip","Mithril dart tip","page","item","item","https://oldschool.runescape.wiki/w/Mithril_dart_tip","2003-04-14",,"true","true","false",0,36,0,57,0,20,0.00008884151385506988,0.00007764845047308417
"page:mithril fire arrow","Mithril fire arrow","page","item","item","https://oldschool.runescape.wiki/w/Mithril_fire_arrow","2004-04-15",,"true","true","true",1,20,1,20.5,1,7,0.0000985890063015001,0.00009241522289155384
"page:mithril full helm","Mithril full helm","page","item","item|monster","https://oldschool.runescape.wiki/w/Mithril_full_helm","2001-01-04",,"false","true","true",4,30,4,38.5,4,7,0.00009840786762518701,0.00009240289121878211
"page:mithril javelin","Mithril javelin","page","item","item|monster","https://oldschool.runescape.wiki/w/Mithril_javelin","2004-03-29",,"true","true","true",2,21,2,19.5,2,3,0.00009279587883350537,0.00008181765650552043
"page:mithril kiteshield","Mithril kiteshield","page","item","item|monster","https://oldschool.runescape.wiki/w/Mithril_kiteshield","2001-01-04",,"false","true","true",5,31,8,42.5,5,8,0.00010386893307191898,0.0001006012428524718
"page:mithril knife","Mithril knife","page","item","item|monster","https://oldschool.runescape.wiki/w/Mithril_knife","2003-04-14",,"true","true","true",0,31,0,34.5,0,9,0.00008884151385506988,0.00007764845047308417
"page:mithril longsword","Mithril longsword","page","item","item|monster","https://oldschool.runescape.wiki/w/Mithril_longsword","2001-01-04",,"false","true","true",4,35,4,47,4,11,0.0000986442101223249,0.00008846128542722796
"page:mithril mace","Mithril mace","page","item","item|monster","https://oldschool.runescape.wiki/w/Mithril_mace","2001-01-04",,"false","true","true",0,36,0,51,0,12,0.00008884151385506988,0.00007764845047308417
"page:mithril med helm","Mithril med helm","page","item","item|monster","https://oldschool.runescape.wiki/w/Mithril_med_helm","2001-01-04",,"false","true","true",6,30,6,35.5,6,7,0.0001016634370853772,0.0000961132477327615
"page:mithril ore","mithril ore","page","item","item|monster","https://oldschool.runescape.wiki/w/Mithril_ore","2001-01-04",,"false","true","false",12,22,18,25.5,12,8,0.00015007527726307668,0.00014471139889902162
"page:mithril pick head","Mithril pick head","page","item","item","https://oldschool.runescape.wiki/w/Mithril_pick_head","2004-03-29","2014-09-11","false","true","false",0,26,0,21.5,0,14,0.00008884151385506988,0.00007764845047308417
"page:mithril pickaxe","Mithril pickaxe","page","item","item|monster","https://oldschool.runescape.wiki/w/Mithril_pickaxe","2003-05-27",,"false","true","true",4,28,4,33,4,9,0.00009905794482864959,0.00008874442213078954
"page:mithril platebody","Mithril platebody","page","item","item|monster","https://oldschool.runescape.wiki/w/Mithril_platebody","2001-01-04",,"false","true","true",8,38,11,61,8,14,0.00010604046192291167,0.00010080428160683572
"page:mithril platelegs","Mithril platelegs","page","item","item|monster","https://oldschool.runescape.wiki/w/Mithril_platelegs","2001-01-04",,"false","true","true",5,34,8,45,5,10,0.00010351142345775232,0.00010045057729286027
"page:mithril plateskirt","Mithril plateskirt","page","item","item|monster","https://oldschool.runescape.wiki/w/Mithril_plateskirt","2001-02-13",,"false","true","true",2,34,2,45.5,2,11,0.00009410183685747417,0.00008331563661397392
"page:mithril rocks","Mithril rocks","page","scenery","scenery","https://oldschool.runescape.wiki/w/Mithril_rocks","2001-01-04",,"false",,,0,15,0,24,0,6,0.00008884151385506988,0.00007764845047308417
"page:mithril scimitar","Mithril scimitar","page","item","item|monster","https://oldschool.runescape.wiki/w/Mithril_scimitar","2001-01-04",,"false","true","true",4,35,10,43.5,4,10,0.00010884651856544032,0.00009772007723786678
"page:mithril seeds","Mithril seeds","page","item","item","https://oldschool.runescape.wiki/w/Mithril_seeds","2002-09-24",,"true","true","false",8,16,26,23.5,8,7,0.00017356702471525752,0.00023275748077730392
"category:seeds","Seeds","category",,,,,,,,,1,0,0.5,0,0,0,0.00009198049196162925,0.00007764845047308417
"action:plant","Plant","action",,,,,,,,,1,0,2,0,0,0,0.00010139742628130743,0.00007764845047308417
"page:mithril spear","Mithril spear","page","item","item|monster","https://oldschool.runescape.wiki/w/Mithril_spear","2003-04-14",,"true","true","true",1,35,1,34,1,10,0.00009096870503188384,0.00007992435333715068
"page:mithril sq shield","Mithril sq shield","page","item","item|monster","https://oldschool.runescape.wiki/w/Mithril_sq_shield","2001-01-04",,"false","true","true",0,31,0,46,0,9,0.00008884151385506988,0.00007764845047308417
"page:mithril sword","Mithril sword","page","item","item|monster","https://oldschool.runescape.wiki/w/Mithril_sword","2001-01-04",,"false","true","true",4,36,4,51,4,12,0.0000986442101223249,0.00008846128542722796
"page:mithril thrownaxe","Mithril thrownaxe","page","item","item|monster","https://oldschool.runescape.wiki/w/Mithril_thrownaxe","2004-03-29",,"true","true","true",1,22,1,19,1,5,0.0000906686876566914,0.00007954175364145393
"page:mithril warhammer","Mithril warhammer","page","item","item|monster","https://oldschool.runescape.wiki/w/Mithril_warhammer","2004-03-29",,"false","true","true",0,35,0,47,0,11,0.00008884151385506988,0.00007764845047308417
"page:mixed chemicals","Mixed chemicals","page","item","item","https://oldschool.runescape.wiki/w/Mixed_chemicals","2003-07-09",,"true","false","false",3,24,3,48,3,11,0.00009666495408201838,0.00008826708592655809
"page:mixed flowers","Mixed flowers","page","item","item","https://oldschool.runescape.wiki/w/Mixed_flowers","2004-03-29",,"true","true","true",0,20,0,22,0,7,0.00008884151385506988,0.00007764845047308417
"page:molten glass","Molten glass","page","item","item|monster","https://oldschool.runescape.wiki/w/Molten_glass","2002-03-18",,"true","true","false",12,25,35,35,9,10,0.00016193580195718733,0.00014021161175193573
"page:monarch waltz","Monarch Waltz","page","music","music","https://oldschool.runescape.wiki/w/Monarch_Waltz","2004-03-15",,"true",,,0,10,0,10.5,0,5,0.00008884151385506988,0.00007764845047308417
"page:monk","Monk","page","monster","npc|monster","https://oldschool.runescape.wiki/w/Monk","2001-04-06",,"true",,,0,20,0,23,0,8,0.00008884151385506988,0.00007764845047308417
"category:the great brain robbery","The Great Brain Robbery","category",,,,,,,,,2,0,1,0,0,0,0.00009189765328390995,0.00007764845047308417
"page:monk (lost city)","Monk (Lost City)","page","npc","npc","https://oldschool.runescape.wiki/w/Monk_(Lost_City)","2002-02-27",,"false",,,10,19,16,36.5,10,11,0.00012377332955788872,0.0001129368421976356
"page:monk of entrana","Monk of Entrana","page","npc","npc","https://oldschool.runescape.wiki/w/Monk_of_Entrana","2002-02-27",,"false",,,4,20,4,39,4,12,0.000097426784492545,0.00008813262188298932
"action:take-boat","Take-boat","action",,,,,,,,,1,0,2,0,0,0,0.00009308832240987832,0.00007764845047308417
"page:monk of zamorak","Monk of Zamorak","page","monster","monster","https://oldschool.runescape.wiki/w/Monk_of_Zamorak","2001-04-06",,"false",,,4,27,11,43,4,13,0.00014366512954154314,0.0001590775910690246
"page:monk's friend","Monk's Friend","page","quest","quest","https://oldschool.runescape.wiki/w/Monk's_Friend","2002-05-28",,"true",,,2,25,5,66,2,21,0.00009723210127472495,0.00009964884482572701
"page:monk's robe","monk's robe","page","item","item|prayer","https://oldschool.runescape.wiki/w/Monk's_robe","2001-07-12",,"false","true","true",1,16,4,16.5,1,2,0.00009858542182628223,0.00009154343638001649
"page:monk's robe top","monk's robe top","page","item","item|prayer","https://oldschool.runescape.wiki/w/Monk's_robe_top","2001-07-12",,"false","true","true",1,16,4,16.5,1,2,0.00009858542182628223,0.00009154343638001649
"page:monkey (monster)","Monkey (monster)","page","monster","monster","https://oldschool.runescape.wiki/w/Monkey_(monster)","2004-03-29",,"false",,,0,18,0,21.5,0,7,0.00008884151385506988,0.00007764845047308417
"category:mos le'harmless","Mos Le'Harmless","category",,,,,,,,,1,0,0.5,0,0,0,0.00009059768331499768,0.00007764845047308417
"category:monkeys","Monkeys","category",,,,,,,,,1,0,0.5,0,0,0,0.00009059768331499768,0.00007764845047308417
"page:monkey bars (brimhaven agility arena)","Monkey bars (Brimhaven Agility Arena)","page","scenery","scenery","https://oldschool.runescape.wiki/w/Monkey_bars_(Brimhaven_Agility_Arena)","2004-07-27",,"true",,,0,18,0,25,0,9,0.00008884151385506988,0.00007764845047308417
"action:swing-across","Swing-across","action",,,,,,,,,1,0,2,0,0,0,0.00009488273679722153,0.00007764845047308417
"page:monkeybars (edgeville dungeon)","Monkeybars (Edgeville Dungeon)","page","scenery","scenery","https://oldschool.runescape.wiki/w/Monkeybars_(Edgeville_Dungeon)","2004-03-29",,"true",,,0,15,0,23,0,8,0.00008884151385506988,0.00007764845047308417
"action:swing across","Swing across","action",,,,,,,,,2,0,4,0,0,0,0.00010227308660194857,0.00007764845047308417
"page:monkeybars (yanille agility dungeon)","Monkeybars (Yanille Agility Dungeon)","page","scenery","scenery","https://oldschool.runescape.wiki/w/Monkeybars_(Yanille_Agility_Dungeon)","2002-12-12",,"true",,,0,15,0,22,0,8,0.00008884151385506988,0.00007764845047308417
"page:monument","Monument","page","scenery","scenery","https://oldschool.runescape.wiki/w/Monument","2004-06-29",,"true",,,0,27,0,41.5,0,20,0.00008884151385506988,0.00007764845047308417
"page:moody","Moody","page","music","music","https://oldschool.runescape.wiki/w/Moody","2004-03-15",,"false",,,0,10,0,10.5,0,5,0.00008884151385506988,0.00007764845047308417
"page:moonlight mead","moonlight mead","page","item","item","https://oldschool.runescape.wiki/w/Moonlight_mead","2004-06-29",,"true","true","false",2,26,5,44.5,2,12,0.00009904628233843417,0.00008902796479341668
"page:morgan","Morgan","page","npc","npc","https://oldschool.runescape.wiki/w/Morgan","2001-01-28",,"false",,,3,18,7,25.5,3,10,0.0000958211577586307,0.000084152417212484
"page:morgan le faye","Morgan Le Faye","page","npc","npc","https://oldschool.runescape.wiki/w/Morgan_Le_Faye","2002-02-27",,"true",,,6,31,12,52.5,6,22,0.00011671399085349922,0.0001060183786032745
"page:morris","Morris","page","npc","npc","https://oldschool.runescape.wiki/w/Morris","2002-05-28",,"true",,,5,21,5,36.5,5,15,0.00009895998511972115,0.00008810866396508828
"page:mort myre fungus","Mort myre fungus","page","item","item|monster","https://oldschool.runescape.wiki/w/Mort_myre_fungus","2004-07-13",,"true","true","false",18,18,29,26,17,7,0.00018027161396015813,0.00018597837133821468
"page:mort myre pear","Mort myre pear","page","item","item","https://oldschool.runescape.wiki/w/Mort_myre_pear","2004-07-13",,"true","true","false",12,18,18,18.5,12,10,0.0001519823361931273,0.00015539336332668328
"page:mort myre stem","Mort myre stem","page","item","item","https://oldschool.runescape.wiki/w/Mort_myre_stem","2004-07-13",,"true","true","false",11,19,17,19.5,11,11,0.00014601142870602896,0.0001470033072437877
"page:mort myre swamp","Mort Myre Swamp","page","location","location","https://oldschool.runescape.wiki/w/Mort_Myre_Swamp","2004-07-13",,"true",,,35,18,135,15,35,12,0.0005494862796152362,0.000578765743082716
"page:morytania","Morytania","page","location","location","https://oldschool.runescape.wiki/w/Morytania","2004-06-29",,"true",,,29,10,102,13.5,29,5,0.0004313168978374197,0.0004392987505653465
"page:morytania (music track)","Morytania (music track)","page","music","music","https://oldschool.runescape.wiki/w/Morytania_(music_track)","2004-06-29",,"true",,,0,13,0,28.5,0,8,0.00008884151385506988,0.00007764845047308417
"page:mosol rei","Mosol Rei","page","npc","npc","https://oldschool.runescape.wiki/w/Mosol_Rei","2003-01-27",,"true",,,34,23,44,23,34,11,0.00019676210868589195,0.0002002784539911528
"page:moss giant island","Moss Giant Island","page","location","location","https://oldschool.runescape.wiki/w/Moss_Giant_Island","2002-12-12",,"true",,,2,24,5,41.5,2,19,0.00010282582622116167,0.0000926487193498861
"page:moss giant","moss giant","page","monster","monster","https://oldschool.runescape.wiki/w/Moss_giant","2001-02-05",,"false",,,1,23,4,17,1,5,0.00010189128485514748,0.00011361524135348592
"page:mossy rock","mossy rock","page","scenery","scenery","https://oldschool.runescape.wiki/w/Mossy_rock","2004-03-09",,"true",,,1,20,4,32.5,1,14,0.00009468646853926802,0.00008321852707702553
"page:mossy rock (viyeldi caves)","Mossy rock (Viyeldi caves)","page","scenery","scenery","https://oldschool.runescape.wiki/w/Mossy_rock_(Viyeldi_caves)","2004-03-09",,"true",,,2,20,2,31.5,2,14,0.00009195072458197898,0.00008055764319476766
"page:mound of earth","Mound of earth","page","scenery","scenery","https://oldschool.runescape.wiki/w/Mound_of_earth","2003-01-27",,"true",,,0,19,0,21.5,0,12,0.00008884151385506988,0.00007764845047308417
"page:mountain dwarf (historical)","Mountain Dwarf (historical)","page","npc","npc","https://oldschool.runescape.wiki/w/Mountain_Dwarf_(historical)","2002-05-28","2006-04-10","true",,,0,20,0,25,0,13,0.00008884151385506988,0.00007764845047308417
"page:mountain goat","Mountain goat","page","npc","npc","https://oldschool.runescape.wiki/w/Mountain_goat","2004-08-09",,"true",,,0,15,0,33,0,10,0.00008884151385506988,0.00007764845047308417
"page:mountain troll","Mountain troll","page","monster","monster","https://oldschool.runescape.wiki/w/Mountain_troll","2004-08-09",,"true",,,5,20,18,23,5,8,0.00015848517221307495,0.0001746197263529789
"page:mounted terrorbird gnome","Mounted terrorbird gnome","page","monster","monster","https://oldschool.runescape.wiki/w/Mounted_terrorbird_gnome","2004-03-29",,"true",,,0,15,0,14.5,0,8,0.00008884151385506988,0.00007764845047308417
"page:mourner (boss)","Mourner (boss)","page","monster","monster","https://oldschool.runescape.wiki/w/Mourner_(boss)","2002-10-23",,"true",,,7,23,7,34.5,7,16,0.00010058200344370931,0.00008982978344351209
"page:mourner headquarters","Mourner Headquarters","page","location","location","https://oldschool.runescape.wiki/w/Mourner_Headquarters","2002-10-23",,"true",,,0,15,0,12,0,3,0.00008884151385506988,0.00007764845047308417
"page:mouse (witch's house)","Mouse (Witch's House)","page","npc","npc","https://oldschool.runescape.wiki/w/Mouse_(Witch's_House)","2002-02-27",,"true",,,3,16,9,22,3,10,0.00010982649991734321,0.00010505669190489023
"page:mouse hole (scenery)","Mouse hole (scenery)","page","scenery","scenery","https://oldschool.runescape.wiki/w/Mouse_hole_(scenery)","2004-03-29",,"true",,,0,19,0,24.5,0,8,0.00008884151385506988,0.00007764845047308417
"page:mubariz","Mubariz","page","npc","npc","https://oldschool.runescape.wiki/w/Mubariz","2004-03-25",,"false",,,5,14,5,13.5,5,7,0.00011137275809452142,0.0001055814604450347
"page:mud pile","Mud pile","page","scenery","scenery","https://oldschool.runescape.wiki/w/Mud_pile","2003-05-27",,"true",,,0,14,0,19.5,0,8,0.00008884151385506988,0.00007764845047308417
"page:mud pile (ardougne sewers)","Mud pile (Ardougne Sewers)","page","scenery","scenery","https://oldschool.runescape.wiki/w/Mud_pile_(Ardougne_Sewers)","2002-08-27",,"true",,,0,33,0,51,0,26,0.00008884151385506988,0.00007764845047308417
"page:muddy chest","muddy chest","page","scenery","scenery","https://oldschool.runescape.wiki/w/Muddy_chest","2001-08-13",,"false",,,1,19,4,35,1,9,0.00010860597239579901,0.00011154421756443254
"page:muddy key","Muddy key","page","item","item|monster","https://oldschool.runescape.wiki/w/Muddy_key","2001-08-13",,"false","true","false",6,14,6,19.5,6,4,0.00011335498280695133,0.00012960146178850828
"page:mugger","mugger","page","monster","monster","https://oldschool.runescape.wiki/w/Mugger","2001-01-04",,"false",,,3,19,6,13.5,3,8,0.00010023214221202628,0.00008889090484719679
"page:multicannon parts for sale","Multicannon parts for sale","page","shop","shop","https://oldschool.runescape.wiki/w/Multicannon_parts_for_sale","2003-05-27",,"true",,,2,25,9,49.5,2,22,0.00009876143859093158,0.00008758556961068643
"page:mummy (historical)","Mummy (historical)","page","monster","monster","https://oldschool.runescape.wiki/w/Mummy_(historical)","2004-03-29","2005-01-26",,,,0,7,0,5.5,0,4,0.00008884151385506988,0.00007764845047308417
"page:murder mystery","Murder Mystery","page","quest","quest","https://oldschool.runescape.wiki/w/Murder_Mystery","2003-06-09",,"true",,,32,20,141,22,32,16,0.0004062926012994765,0.00041421683066256
"page:murky water","Murky water","page","item","item","https://oldschool.runescape.wiki/w/Murky_water","2004-06-29",,"true","false","false",4,20,4,39.5,4,11,0.00009853791325583987,0.00008773347728648396
"page:murphy","Murphy","page","npc","npc","https://oldschool.runescape.wiki/w/Murphy","2003-07-28",,"true",,,11,16,17,20,11,7,0.00011931304133429821,0.0001112090905434645
"category:freeing pirate pete","Freeing Pirate Pete","category",,,,,,,,,1,0,0.5,0,0,0,0.00009137691598342741,0.00007764845047308417
"page:musa point","Musa Point","page","location","location","https://oldschool.runescape.wiki/w/Musa_Point","2001-06-11",,"false",,,11,10,48,24.5,11,5,0.0001836469101038592,0.0001754027226182155
"page:mushroom (mountain troll)","Mushroom (mountain troll)","page","npc","npc","https://oldschool.runescape.wiki/w/Mushroom_(mountain_troll)","2004-08-24",,"true",,,1,10,1,11,1,3,0.00009341819790215447,0.0000870771909099311
"page:mysterious old man","Mysterious Old Man","page","npc","npc","https://oldschool.runescape.wiki/w/Mysterious_Old_Man","2004-08-02",,"false",,,2,22,8,36.5,2,11,0.00010281680830010426,0.00009307491746992705
"page:mysterious ruins","Mysterious ruins","page","scenery","scenery","https://oldschool.runescape.wiki/w/Mysterious_ruins","2004-03-29","2016-01-07","false",,,3,29,9,61,3,16,0.00010606523299951781,0.00009689583215463974
"action:enter (when wearing the correct tiara)","Enter (when wearing the correct tiara)","action",,,,,,,,,1,0,2,0,0,0,0.00009179743018456851,0.00007764845047308417
"page:mysterious statue","Mysterious statue","page","scenery","scenery","https://oldschool.runescape.wiki/w/Mysterious_statue","2002-07-23",,"false",,,0,26,0,34.5,0,20,0.00008884151385506988,0.00007764845047308417
"page:mysterious stone","Mysterious stone","page","scenery","scenery","https://oldschool.runescape.wiki/w/Mysterious_stone","2004-03-29",,"false",,,0,6,0,5,0,1,0.00008884151385506988,0.00007764845047308417
"page:mystic air staff","Mystic air staff","page","item","item|monster","https://oldschool.runescape.wiki/w/Mystic_air_staff","2002-03-25",,"true","true","true",4,27,4,36,4,10,0.00009765878873306397,0.0000905453178948961
"page:mystic earth staff","Mystic earth staff","page","item","item|monster","https://oldschool.runescape.wiki/w/Mystic_earth_staff","2002-03-25",,"true","true","true",3,28,3,37,3,11,0.00009546565873509286,0.0000873183359060335
"page:mystic fire staff","Mystic fire staff","page","item","item|monster","https://oldschool.runescape.wiki/w/Mystic_fire_staff","2002-03-25",,"true","true","true",2,31,2,39,2,12,0.00009342937743208342,0.00008433159201376401
"page:mystic lava staff","Mystic lava staff","page","item","item|monster","https://oldschool.runescape.wiki/w/Mystic_lava_staff","2004-09-07",,"true","true","true",1,30,1,48.5,1,12,0.0000906640897966232,0.00007950487867882857
"page:mystic water staff","mystic water staff","page","item","item|monster","https://oldschool.runescape.wiki/w/Mystic_water_staff","2002-03-25",,"true","true","true",1,26,4,29,1,9,0.00009434510756264277,0.00008517729389839645
"page:mystical wall chart","Mystical wall chart","page","scenery","scenery","https://oldschool.runescape.wiki/w/Mystical_wall_chart","2004-03-29","2006-01-23","false",,,0,16,0,17.5,0,10,0.00008884151385506988,0.00007764845047308417
"page:natural","Natural","page","music","music","https://oldschool.runescape.wiki/w/Natural","2004-07-13",,"true",,,2,10,6,18,2,6,0.000112688446521458,0.00010239889411980737
"page:nature altar","Nature Altar","page","scenery","scenery","https://oldschool.runescape.wiki/w/Nature_Altar","2004-03-29",,"true",,,10,7,35,5,9,0,0.00019682374983102466,0.00018916617609797344
"page:nature grotto","Nature Grotto","page","item","item|location|prayer","https://oldschool.runescape.wiki/w/Nature_Grotto","2004-07-13",,"true",,,7,30,26,47.5,7,21,0.00013113723493240998,0.00012241986718563864
"page:nature rune","Nature rune","page","item","item|monster","https://oldschool.runescape.wiki/w/Nature_rune","2001-05-24",,"false","true","false",38,29,64,45.5,33,15,0.00026242930911766756,0.00025208852967016784
"page:nature spirit","Nature Spirit","page","quest","quest","https://oldschool.runescape.wiki/w/Nature_Spirit","2004-07-13",,"true",,,17,26,72,53,17,22,0.00021029685884778378,0.00020985278878656488
"page:nature talisman","Nature talisman","page","item","item|monster","https://oldschool.runescape.wiki/w/Nature_talisman","2004-03-29",,"true","true","false",1,24,1,36.5,1,13,0.0000897568506644868,0.00007878640190511741
"page:nazastarool","Nazastarool","page","monster","monster|prayer","https://oldschool.runescape.wiki/w/Nazastarool","2003-01-27",,"true",,,6,16,26,10.5,6,5,0.00014911392554371776,0.00013970657403051178
"page:necklace mould","Necklace mould","page","item","item","https://oldschool.runescape.wiki/w/Necklace_mould","2001-05-08",,"false","true","false",9,26,18,31,7,15,0.00011310951418872791,0.00010258967777976798
"page:necromancer","Necromancer","page","monster","monster","https://oldschool.runescape.wiki/w/Necromancer","2002-05-28",,"true",,,2,18,5,24.5,2,11,0.00010615148759891117,0.00009569702635800484
"page:necromancer tower","Necromancer Tower","page","location","location","https://oldschool.runescape.wiki/w/Necromancer_Tower","2002-05-28",,"true",,,4,16,14,20,4,10,0.000139092703310907,0.00013140218467144255
"page:ned","Ned","page","npc","npc","https://oldschool.runescape.wiki/w/Ned","2001-02-28",,"false",,,24,43,48,65.5,22,20,0.00016851726340630195,0.00015366822709592646
"page:ned (historical)","Ned (historical)","page","npc","npc","https://oldschool.runescape.wiki/w/Ned_(historical)","2001-09-23","2007-06-18","false",,,0,30,0,57,0,23,0.00008884151385506988,0.00007764845047308417
"page:needle","Needle","page","item","item|monster","https://oldschool.runescape.wiki/w/Needle","2001-06-23",,"false","true","false",10,32,22,43,10,21,0.00013215695965791772,0.0001291392971839252
"page:nettles (scenery)","Nettles (scenery)","page","scenery","scenery","https://oldschool.runescape.wiki/w/Nettles_(scenery)","2004-03-29",,"true",,,4,11,4,16.5,4,5,0.00010273924942754843,0.00009316753240204946
"page:neverland","Neverland","page","music","music","https://oldschool.runescape.wiki/w/Neverland","2004-03-15",,"true",,,0,7,0,5,0,3,0.00008884151385506988,0.00007764845047308417
"page:newbie melody","Newbie Melody","page","music","music","https://oldschool.runescape.wiki/w/Newbie_Melody","2004-03-15",,"false",,,1,9,5,6,1,3,0.00010507301387320944,0.00009373988506867147
"page:newcomer map","Newcomer map","page","item","item","https://oldschool.runescape.wiki/w/Newcomer_map","2004-03-29",,"false","true","false",17,18,23,25.5,17,9,0.00013836750381100517,0.00012986373067218126
"page:nezikchened","Nezikchened","page","monster","npc|monster","https://oldschool.runescape.wiki/w/Nezikchened","2003",,,,,33,23,48,26,33,11,0.00018093234523095788,0.00017216148238498693
"page:nightfall","Nightfall","page","music","music","https://oldschool.runescape.wiki/w/Nightfall","2004-03-15",,"false",,,0,15,0,35.5,0,10,0.00008884151385506988,0.00007764845047308417
"page:niles","Niles","page","npc","npc","https://oldschool.runescape.wiki/w/Niles","2001-12-08",,"false",,,5,16,5,33,5,8,0.00010461465672141284,0.00010226139167546638
"page:niloof","Niloof","page","npc","npc","https://oldschool.runescape.wiki/w/Niloof","2003-03-03",,"true",,,29,25,29,41,29,16,0.0001898025109775018,0.00020296844246667114
"page:nitroglycerin","Nitroglycerin","page","item","item","https://oldschool.runescape.wiki/w/Nitroglycerin","2003-07-09",,"true","false","false",1,27,1,47.5,1,14,0.00009188403886389716,0.00008161496375030784
"page:no","No","page","article","article","https://oldschool.runescape.wiki/w/No","2004-03-29",,"false",,,10,10,17,9.5,3,9,0.00013633543736956875,0.00009718742571804684
"page:nomad (music track)","Nomad (music track)","page","music","music","https://oldschool.runescape.wiki/w/Nomad_(music_track)","2004-04-15",,"true",,,0,7,0,5,0,3,0.00008884151385506988,0.00007764845047308417
"page:nora t. hagg","Nora T. Hagg","page","npc","npc","https://oldschool.runescape.wiki/w/Nora_T._Hagg","2002-02-27",,"true",,,10,21,25,24.5,10,13,0.00014018219949955997,0.0001292634568815977
"page:north brimhaven mine","North Brimhaven mine","page","location","location","https://oldschool.runescape.wiki/w/North_Brimhaven_mine","2002-07-23",,"true",,,1,30,4,55,1,24,0.0000970053286417613,0.00008541329553872281
"page:north crandor mine","North Crandor mine","page","location","location","https://oldschool.runescape.wiki/w/North_Crandor_mine","2001-09-23",,"false",,,0,24,0,43.5,0,19,0.00008884151385506988,0.00007764845047308417
"page:noterazzo","Noterazzo","page","npc","npc","https://oldschool.runescape.wiki/w/Noterazzo","2002-02-27",,"false",,,1,25,1,40.5,1,18,0.0000903518195906078,0.00007902347512012435
"page:nuggets","nuggets","page","item","item","https://oldschool.runescape.wiki/w/Nuggets","2003-07-09",,"true","false","false",6,21,21,27,6,12,0.00015756681096653588,0.0001665056316368033
"page:nulodion","Nulodion","page","npc","npc","https://oldschool.runescape.wiki/w/Nulodion","2003-05-27",,"true",,,6,34,9,82,6,24,0.0001063312193907913,0.00009612376648724261
"page:nulodion's notes","Nulodion's notes","page","item","item","https://oldschool.runescape.wiki/w/Nulodion's_notes","2003-05-27",,"true","false","false",2,27,2,44.5,2,18,0.00009193140540575761,0.00008071710830415986
"page:nurmof","Nurmof","page","npc","npc","https://oldschool.runescape.wiki/w/Nurmof","2003-05-27",,"false",,,3,21,10,27,3,13,0.00011031211028565037,0.00009754346283450619
"page:nurmof's pickaxe shop.","Nurmof's Pickaxe Shop.","page","shop","shop","https://oldschool.runescape.wiki/w/Nurmof's_Pickaxe_Shop.","2003-08-20",,"false",,,11,23,11,44,11,19,0.00011114191093459459,0.00009830476659925151
"page:nurse sarah","Nurse Sarah","page","npc","npc","https://oldschool.runescape.wiki/w/Nurse_Sarah","2002-10-23",,"true",,,12,29,15,42.5,12,21,0.00011915717010405607,0.00010839896222152583
"page:oak logs","Oak logs","page","item","item|monster","https://oldschool.runescape.wiki/w/Oak_logs","2002-03-25",,"false","true","false",19,25,42,31,17,10,0.00021672446382570073,0.000320309333996957
"page:oak longbow","Oak longbow","page","item","item|monster","https://oldschool.runescape.wiki/w/Oak_longbow","2002-03-25",,"false","true","true",9,30,12,50.5,9,10,0.00011331288933004347,0.00012644786289631887
"page:oak longbow (u)","Oak longbow (u)","page","item","item|monster","https://oldschool.runescape.wiki/w/Oak_longbow_(u)","2002-03-25",,"true","true","false",0,30,0,42.5,0,14,0.00008884151385506988,0.00007764845047308417
"page:oak shortbow","Oak shortbow","page","item","item|monster","https://oldschool.runescape.wiki/w/Oak_shortbow","2002-03-25",,"false","true","true",11,30,17,42.5,11,10,0.00012196736914581139,0.0001383690664840966
"page:oak shortbow (u)","Oak shortbow (u)","page","item","item","https://oldschool.runescape.wiki/w/Oak_shortbow_(u)","2002-03-25",,"true","true","false",2,29,2,42.5,2,15,0.00009158536995082427,0.00008105338318545766
"page:oak tree","oak tree","page","scenery","scenery","https://oldschool.runescape.wiki/w/Oak_tree","2002-03-25",,"false",,,3,12,9,11.5,3,2,0.00014448435674330884,0.00016250711440470657
"page:oak tree (tutorial island)","Oak tree (Tutorial Island)","page","scenery","scenery","https://oldschool.runescape.wiki/w/Oak_tree_(Tutorial_Island)","2002-09-24",,"false",,,0,18,0,19,0,11,0.00008884151385506988,0.00007764845047308417
"page:obelisk of air","Obelisk of Air","page","scenery","scenery","https://oldschool.runescape.wiki/w/Obelisk_of_Air","2002-03-18",,"true",,,1,37,1,81,1,28,0.0000906611593195734,0.00007943226623140656
"page:obelisk of earth","Obelisk of Earth","page","scenery","scenery","https://oldschool.runescape.wiki/w/Obelisk_of_Earth","2002-03-18",,"true",,,1,32,1,54,1,23,0.0000906611593195734,0.00007943226623140656
"page:obelisk of fire","Obelisk of Fire","page","scenery","scenery","https://oldschool.runescape.wiki/w/Obelisk_of_Fire","2002-03-18",,"true",,,0,27,0,36.5,0,19,0.00008884151385506988,0.00007764845047308417
"page:obelisk of water","Obelisk of Water","page","scenery","scenery","https://oldschool.runescape.wiki/w/Obelisk_of_Water","2002-02-27",,"true",,,2,21,6.5,35.5,1,15,0.0000951750540363579,0.0000821231069515878
"page:obli","Obli","page","npc","npc","https://oldschool.runescape.wiki/w/Obli","2003-01-27",,"true",,,9,22,16,21.5,9,15,0.00012971764872653403,0.00011907044314085257
"page:obli's general store.","Obli's General Store.","page","shop","shop","https://oldschool.runescape.wiki/w/Obli's_General_Store.","2003-01-27",,"true",,,7,26,7,42.5,7,21,0.00010993021078518207,0.0000999542019540477
"page:observatory","Observatory","page","location","location","https://oldschool.runescape.wiki/w/Observatory","2003-03-17",,"true",,,21,18,90,24,21,10,0.0003418026544300788,0.00035992397816539087
"page:observatory dungeon","Observatory Dungeon","page","location","location","https://oldschool.runescape.wiki/w/Observatory_Dungeon","2003-03-17",,"true",,,5,22,19,38.5,5,15,0.0001676042822990793,0.00017214650939871389
"page:observatory quest","Observatory Quest","page","quest","quest","https://oldschool.runescape.wiki/w/Observatory_Quest","2003-03-17",,"true",,,20,24,80,65,20,20,0.0002921006508776733,0.000311294801299286
"page:observatory assistant","Observatory assistant","page","npc","npc","https://oldschool.runescape.wiki/w/Observatory_assistant","2003-03-17",,"true",,,6,16,12,31,6,9,0.00012369181092194365,0.00011718385933513934
"category:shooting stars","Shooting Stars","category",,,,,,,,,1,0,0.5,0,0,0,0.00009053728868222829,0.00007764845047308417
"page:observatory lens","Observatory lens","page","item","item","https://oldschool.runescape.wiki/w/Observatory_lens","2003-03-17",,"true","false","false",2,22,2,37,2,13,0.00009304751528493548,0.00008232068882496188
"page:observatory professor","Observatory professor","page","npc","npc","https://oldschool.runescape.wiki/w/Observatory_professor","2003-03-17",,"true",,,3,22,9,39.5,3,13,0.00010030994439192074,0.00008974873085128751
"page:obstacle net (barbarian outpost agility course)","Obstacle net (Barbarian Outpost Agility Course)","page","scenery","scenery","https://oldschool.runescape.wiki/w/Obstacle_net_(Barbarian_Outpost_Agility_Course)","2002-12-12",,"true",,,0,19,0,27,0,12,0.00008884151385506988,0.00007764845047308417
"page:obstacle net (gnome stronghold agility course)","Obstacle net (Gnome Stronghold Agility Course)","page","scenery","scenery","https://oldschool.runescape.wiki/w/Obstacle_net_(Gnome_Stronghold_Agility_Course)","2002-12-12",,"true",,,1,19,1,27,1,12,0.00009120136656684788,0.00008009293873448894
"page:obstacle pipe (barbarian outpost)","Obstacle pipe (Barbarian Outpost)","page","scenery","scenery","https://oldschool.runescape.wiki/w/Obstacle_pipe_(Barbarian_Outpost)","2002-12-12",,"true",,,0,14,0,25,0,7,0.00008884151385506988,0.00007764845047308417
"page:obstacle pipe (gnome stronghold agility course)","Obstacle pipe (Gnome Stronghold Agility Course)","page","scenery","scenery","https://oldschool.runescape.wiki/w/Obstacle_pipe_(Gnome_Stronghold_Agility_Course)","2002-12-12",,"true",,,1,19,1,27,1,12,0.00009120136656684788,0.00008009293873448894
"page:obstacle pipe (wilderness agility course)","Obstacle pipe (Wilderness Agility Course)","page","scenery","scenery","https://oldschool.runescape.wiki/w/Obstacle_pipe_(Wilderness_Agility_Course)","2003-01-28",,"true",,,0,17,0,18,0,10,0.00008884151385506988,0.00007764845047308417
"page:obstacle pipe (yanille agility dungeon)","Obstacle pipe (Yanille Agility Dungeon)","page","scenery","scenery","https://oldschool.runescape.wiki/w/Obstacle_pipe_(Yanille_Agility_Dungeon)","2002-12-12",,"true",,,0,13,0,14,0,6,0.00008884151385506988,0.00007764845047308417
"page:ocga","Ocga","page","monster","monster","https://oldschool.runescape.wiki/w/Ocga","2004-08-09",,"true",,,3,24,3,25.5,3,15,0.0000960264693484619,0.00008506278792047632
"page:odd batta","Odd batta","page","item","item","https://oldschool.runescape.wiki/w/Odd_batta","2004-03-29","2006-08-07","true","false","false",4,20,16,21,4,10,0.00011055636654146414,0.00009984258190781102
"page:odd cocktail","Odd cocktail","page","item","item","https://oldschool.runescape.wiki/w/Odd_cocktail","2002-12-12","2006-08-07","true","true","false",68,33,89,42.5,68,11,0.00023236756528391598,0.0002399859800411291
"page:odd crunchies","Odd crunchies","page","item","item","https://oldschool.runescape.wiki/w/Odd_crunchies","2004-03-29","2006-08-07","true","false","false",4,21,16,22,4,11,0.0001114315569079874,0.00010060538371062453
"page:odd gnomebowl","Odd gnomebowl","page","item","item","https://oldschool.runescape.wiki/w/Odd_gnomebowl","2004-03-29","2006-08-07","true","false","false",3,21,12,22,3,11,0.0001049009177335495,0.00009401589361466387
"page:odd looking wall","Odd looking wall","page","scenery","scenery","https://oldschool.runescape.wiki/w/Odd_looking_wall","2004-06-02",,"true",,,2,17,2,28,2,10,0.00009393841502253775,0.00008267337071963366
"page:odd looking wall (edgeville dungeon)","Odd looking wall (Edgeville Dungeon)","page","scenery","scenery","https://oldschool.runescape.wiki/w/Odd_looking_wall_(Edgeville_Dungeon)","2001-01-04",,"false",,,0,27,0,41.5,0,21,0.00008884151385506988,0.00007764845047308417
"page:odd markings (underground pass)","Odd markings (Underground Pass)","page","scenery","scenery","https://oldschool.runescape.wiki/w/Odd_markings_(Underground_Pass)","2003-03-03",,"true",,,0,19,0,20.5,0,13,0.00008884151385506988,0.00007764845047308417
"page:og","Og","page","npc","npc","https://oldschool.runescape.wiki/w/Og","2003-05-07",,"true",,,30,17,48,18.5,30,9,0.00024211392494305625,0.00025379003269100615
"page:ogre","ogre","page","monster","monster|guide","https://oldschool.runescape.wiki/w/Ogre","2002-04-09",,"true",,,25,27,104,44,25,13,0.0003156883810011132,0.0003253580240151063
"page:ogre arrow","ogre arrow","page","item","item","https://oldschool.runescape.wiki/w/Ogre_arrow","2004-05-18",,"true","true","true",10,28,22,42,10,11,0.0001487903641865526,0.0002099077304766644
"page:ogre arrow shaft","Ogre arrow shaft","page","item","item","https://oldschool.runescape.wiki/w/Ogre_arrow_shaft","2004-05-18",,"true","true","false",9,34,9,56.5,9,20,0.00010856888264683054,0.00009926677791932624
"page:ogre bellows","Ogre bellows","page","item","item","https://oldschool.runescape.wiki/w/Ogre_bellows","2004-05-18",,"true","false","false",12,23,24,39,12,14,0.00013843215956381078,0.00013191652371720495
"page:ogre bench","Ogre bench","page","scenery","scenery","https://oldschool.runescape.wiki/w/Ogre_bench","2004-05-18",,"true",,,0,14,0,30,0,9,0.00008884151385506988,0.00007764845047308417
"page:ogre bow","Ogre bow","page","item","item","https://oldschool.runescape.wiki/w/Ogre_bow","2004-05-18",,"true","false","true",5,29,5,44.5,5,14,0.0002859304518307175,0.0007937495943264425
"action:check kills","Check kills","action",,,,,,,,,1,0,2,0,0,0,0.00009976469965530304,0.00007764845047308417
"page:ogre chieftain","Ogre chieftain","page","monster","monster","https://oldschool.runescape.wiki/w/Ogre_chieftain","2003-05-07",,"true",,,4,16,4,17.5,4,7,0.00009708727578603924,0.00008635931364082595
"page:ogre enclave","Ogre Enclave","page","location","location","https://oldschool.runescape.wiki/w/Ogre_Enclave","2003-05-07",,"true",,,6,22,20,43,6,16,0.00012159688907794452,0.00011329966741040822
"page:ogre guard","Ogre guard","page","npc","npc","https://oldschool.runescape.wiki/w/Ogre_guard","2003-05-07",,"true",,,25,23,25,37,25,14,0.00015442690063263337,0.00015146788696675267
"page:ogre merchant","Ogre merchant","page","npc","npc","https://oldschool.runescape.wiki/w/Ogre_merchant","2003-05-07",,"true",,,2,24,2,44.5,2,15,0.0000929089509946933,0.00008206638680709022
"page:ogre relic","Ogre relic","page","item","item","https://oldschool.runescape.wiki/w/Ogre_relic","2003-05-07",,"true","false","false",8,20,20,33.5,8,12,0.0001401913439964837,0.00013231071041902958
"page:ogre spit-roast","Ogre spit-roast","page","scenery","scenery","https://oldschool.runescape.wiki/w/Ogre_spit-roast","2004-05-18",,"true",,,4,23,14.5,34,3,14,0.00011909543908908586,0.00011066612918736599
"page:ogre tooth","Ogre tooth","page","item","item|monster","https://oldschool.runescape.wiki/w/Ogre_tooth","2003-05-07",,"true","false","false",18,20,21,23,18,11,0.00014416970994944752,0.00013848710488298377
"page:ogre trader","Ogre trader","page","npc","npc","https://oldschool.runescape.wiki/w/Ogre_trader","2003-05-07",,"true",,,1,21,1,35,1,13,0.00009070608883721545,0.00007964848632332442
"page:ogre trader (dal)","Ogre trader (Dal)","page","npc","npc","https://oldschool.runescape.wiki/w/Ogre_trader_(Dal)","2003-05-07",,"true",,,0,27,0,40.5,0,18,0.00008884151385506988,0.00007764845047308417
"page:oh dear!","Oh Dear!","page","music","music","https://oldschool.runescape.wiki/w/Oh_Dear!","2004-06",,"true",,,0,13,0,23,0,7,0.00008884151385506988,0.00007764845047308417
"page:oil can","Oil can","page","item","item","https://oldschool.runescape.wiki/w/Oil_can","2001-01-21",,"false","false","false",8,17,14,28,8,10,0.0001128305907739528,0.00010178536025509158
"page:oily cloth","Oily cloth","page","item","item","https://oldschool.runescape.wiki/w/Oily_cloth","2003-03-03",,"true","false","false",32,21,42,18.5,30,13,0.00021215130618669522,0.0002258447534380561
"page:oily fishing rod","Oily fishing rod","page","item","item","https://oldschool.runescape.wiki/w/Oily_fishing_rod","2002-02-27",,"true","false","false",7,36,10,67,7,25,0.00010197840772296611,0.00009088008891046437
"page:old boot","Old boot","page","item","item|monster","https://oldschool.runescape.wiki/w/Old_boot","2003-07-09",,"true","false","false",0,14,0,11,0,5,0.00008884151385506988,0.00007764845047308417
"page:old journal","Old journal","page","item","item","https://oldschool.runescape.wiki/w/Old_journal","2003-03-03",,"true","false","false",24,21,27,19,24,11,0.00018450368676084912,0.00019236151212560207
"page:old robe","Old robe","page","item","item","https://oldschool.runescape.wiki/w/Old_robe","2003-05-07",,"true","false","false",1,18,1,16,1,11,0.00008947810984267998,0.00007823820363432856
"page:old sacks","Old sacks","page","scenery","scenery","https://oldschool.runescape.wiki/w/Old_sacks","2003-01-27",,"true",,,0,10,0,19,0,5,0.00008884151385506988,0.00007764845047308417
"page:old tooth","Old tooth","page","item","item","https://oldschool.runescape.wiki/w/Old_tooth","2003-07-09",,"true","false","false",2,19,5,26,2,12,0.0000932414904611583,0.00008236728167850578
"page:old wall","Old wall","page","scenery","scenery","https://oldschool.runescape.wiki/w/Old_wall","2002-02-27",,"true",,,0,5,0,4,0,0,0.00008884151385506988,0.00007764845047308417
"page:omart","Omart","page","npc","npc","https://oldschool.runescape.wiki/w/Omart","2002-10-23",,"true",,,15,29,15,42.5,15,22,0.00011752593126264168,0.00010771450622938178
"page:onion","onion","page","item","item|monster","https://oldschool.runescape.wiki/w/Onion","2001-02-28",,"false","true","false",33,33,78,49.5,31,18,0.0002133018081986583,0.00021344398121928959
"page:onion (scenery)","Onion (scenery)","page","scenery","scenery","https://oldschool.runescape.wiki/w/Onion_(scenery)","2004-04-20",,"false",,,3,14,3,19,3,7,0.00009833983572409615,0.00008783471066655814
"page:onion & tomato","Onion & tomato","page","item","item","https://oldschool.runescape.wiki/w/Onion_%26_tomato","2003-04-14",,"true","true","false",7,29,7,52,7,15,0.00010406530619332933,0.00009672975854122789
"page:oomlie bird","oomlie bird","page","monster","monster","https://oldschool.runescape.wiki/w/Oomlie_bird","2003-08-20",,"true",,,2,21,8,28.5,2,12,0.00011472123746408469,0.00010676545941565703
"page:opal","Opal","page","item","item","https://oldschool.runescape.wiki/w/Opal","2003-01-27",,"true","true","false",16,26,37,33,15,10,0.00015742299811886116,0.00015928505086292274
"category:opal","Opal","category",,,,,,,,,4,0,2,0,0,0,0.00009343544998246378,0.00007764845047308417
"page:opal bolt tips","Opal bolt tips","page","item","item|monster","https://oldschool.runescape.wiki/w/Opal_bolt_tips","2004-03-29",,"true","true","false",4,25,9,37,3,8,0.0001024426344022337,0.00009190101010010267
"category:bolt tips","Bolt tips","category",,,,,,,,,2,0,1,0,0,0,0.00009095351507197453,0.00007764845047308417
"page:opal bolts","Opal bolts","page","item","item","https://oldschool.runescape.wiki/w/Opal_bolts","2004-03-29",,"true","true","true",0,30,0,51.5,0,13,0.00008884151385506988,0.00007764845047308417
"page:oracle","Oracle","page","npc","npc","https://oldschool.runescape.wiki/w/Oracle","2001-09-23",,"false",,,6,30,9,45,6,23,0.00010195187320082915,0.00009151748136327782
"page:orange","orange","page","item","item","https://oldschool.runescape.wiki/w/Orange","2002-12-12",,"true","true","false",14,22,42,20.5,12,7,0.00015097552502039703,0.00014058067068527713
"page:orange cape","Orange cape","page","item","item","https://oldschool.runescape.wiki/w/Orange_cape","2001-12-08",,"false","true","true",6,19,6,17,6,6,0.00010469045798996887,0.0001011998503029055
"page:orange chunks","orange chunks","page","item","item","https://oldschool.runescape.wiki/w/Orange_chunks","2002-12-12",,"true","true","false",3,38,9,70,3,25,0.00010078007478951656,0.00009063632408004185
"page:orange door","Orange door","page","scenery","scenery","https://oldschool.runescape.wiki/w/Orange_door","2001-09-23",,"false",,,0,32,0,50.5,0,26,0.00008884151385506988,0.00007764845047308417
"page:orange dye","orange dye","page","item","item","https://oldschool.runescape.wiki/w/Orange_dye","2001-05-08",,"false","true","false",7,23,22,33,6,14,0.00012478837671377947,0.00011272533112737441
"page:orange flowers","Orange flowers","page","item","item","https://oldschool.runescape.wiki/w/Orange_flowers","2004-03-29",,"true","true","true",0,19,0,21,0,6,0.00008884151385506988,0.00007764845047308417
"page:orange goblin mail","Orange goblin mail","page","item","item","https://oldschool.runescape.wiki/w/Orange_goblin_mail","2001-05-08",,"false","false","false",0,26,0,55,0,13,0.00008884151385506988,0.00007764845047308417
"page:orange slices","orange slices","page","item","item","https://oldschool.runescape.wiki/w/Orange_slices","2002-12-12",,"true","true","false",6,33,14,52,5,20,0.00011663133472139215,0.00010123400373276392
"page:orb of light","Orb of light","page","item","item","https://oldschool.runescape.wiki/w/Orb_of_light","2003-03-03",,"true","false","false",23,23,26,26,23,14,0.00016837876813097414,0.00016854575426249196
"page:orb of light (scenery)","Orb of light (scenery)","page","scenery","scenery","https://oldschool.runescape.wiki/w/Orb_of_light_(scenery)","2004-04-15",,"true",,,0,22,0,26.5,0,16,0.00008884151385506988,0.00007764845047308417
"action:take","Take","action",,,,,,,,,4,0,7.5,0,0,0,0.0001072852682707854,0.00007764845047308417
"page:orb of protection","Orb of protection","page","item","item|monster","https://oldschool.runescape.wiki/w/Orb_of_protection","2002-07-23",,"true","false","false",7,18,7,18,7,9,0.00010702658297920319,0.00010161863222937502
"page:orbs of protection","Orbs of protection","page","item","item|monster","https://oldschool.runescape.wiki/w/Orbs_of_protection","2002-07-23",,"true","false","false",6,20,6,23,6,11,0.00010321221838664892,0.00009677964972798465
"page:order of wizards","Order of Wizards","page","article","article","https://oldschool.runescape.wiki/w/Order_of_Wizards","2001-01-04",,,,,2,7,6,16,2,5,0.00009531425272166094,0.00008347208427231316
"page:oriental","Oriental","page","music","music","https://oldschool.runescape.wiki/w/Oriental","2004-03-15",,"true",,,1,12,5,20.5,1,7,0.00009621819280802632,0.00008459742414106482
"page:osman","Osman","page","npc","npc","https://oldschool.runescape.wiki/w/Osman","2001-02-28",,"false",,,12,23,15,25.5,12,11,0.00012050379691985427,0.00011299735814273079
"category:sorceress's garden","Sorceress's Garden","category",,,,,,,,,1,0,0.5,0,0,0,0.00009084991047040322,0.00007764845047308417
"category:contact!","Contact!","category",,,,,,,,,1,0,0.5,0,0,0,0.00009084991047040322,0.00007764845047308417
"category:beneath cursed sands","Beneath Cursed Sands","category",,,,,,,,,1,0,0.5,0,0,0,0.00009084991047040322,0.00007764845047308417
"page:othainian","Othainian","page","monster","monster","https://oldschool.runescape.wiki/w/Othainian","2003-03-03",,"true",,,1,25,5,39,1,17,0.000093964171944458,0.00008246065393095644
"page:otherworldly being","Otherworldly being","page","monster","monster|prayer","https://oldschool.runescape.wiki/w/Otherworldly_being","2002-03-25",,"true",,,0,21,0,15.5,0,10,0.00008884151385506988,0.00007764845047308417
"page:overhanging rock","Overhanging rock","page","scenery","scenery","https://oldschool.runescape.wiki/w/Overhanging_rock","2002-09-24",,"true",,,0,8,0,14,0,3,0.00008884151385506988,0.00007764845047308417
"page:overture","Overture","page","music","music","https://oldschool.runescape.wiki/w/Overture","2004-03-15",,"true",,,2,7,10,5,2,3,0.0001355617535371904,0.00012682361122479363
"page:oyster","Oyster","page","item","item|monster","https://oldschool.runescape.wiki/w/Oyster","2002-09-09",,"true","true","false",11,22,20,37,11,10,0.00013393348441854562,0.0001306434202458011
"page:oyster pearl","Oyster pearl","page","item","item|monster","https://oldschool.runescape.wiki/w/Oyster_pearl","2002-09-09",,"true","true","false",5,23,10,40,4,12,0.00010959331366036605,0.00010407760728338975
"page:oyster pearls","Oyster pearls","page","item","item|monster","https://oldschool.runescape.wiki/w/Oyster_pearls","2002-09-09",,"true","true","false",4,22,9,23.5,3,10,0.00010576767437447558,0.00009882740155653811
"page:oziach","Oziach","page","npc","npc","https://oldschool.runescape.wiki/w/Oziach","2001-08-13",,"false",,,11,38,21,66,11,28,0.00012481270435314202,0.00011213883390089135
"page:oziach (shop)","Oziach (shop)","page","shop","shop","https://oldschool.runescape.wiki/w/Oziach_(shop)","2001-09-23",,"false",,,0,24,0,45.5,0,21,0.00008884151385506988,0.00007764845047308417
"page:paddewwa","Paddewwa","page","location","location","https://oldschool.runescape.wiki/w/Paddewwa","2001-01-04",,"false",,,1,15,1,28.5,1,10,0.0000905577703727266,0.00007921990721255866
"page:painting (scenery)","Painting (scenery)","page","scenery","scenery","https://oldschool.runescape.wiki/w/Painting_(scenery)","2001-01-04",,"false",,,0,13,0,12.5,0,1,0.00008884151385506988,0.00007764845047308417
"page:paladin","paladin","page","monster","monster","https://oldschool.runescape.wiki/w/Paladin","2002",,,,,6,28,22,28.5,6,11,0.00015134375160257636,0.00014487760435724398
"page:paladin's badge (sir carl)","Paladin's badge (Sir Carl)","page","item","item|monster","https://oldschool.runescape.wiki/w/Paladin's_badge_(Sir_Carl)","2004-04-15",,"true","false","false",2,22,9,19,2,13,0.00011703626633530546,0.00010866708480293076
"page:paladin's badge (sir harry)","Paladin's badge (Sir Harry)","page","item","item|monster","https://oldschool.runescape.wiki/w/Paladin's_badge_(Sir_Harry)","2003-03-03",,"true","false","false",2,22,9,19,2,13,0.00011703626633530546,0.00010866708480293076
"page:paladin's badge (sir jerro)","Paladin's badge (Sir Jerro)","page","item","item|monster","https://oldschool.runescape.wiki/w/Paladin's_badge_(Sir_Jerro)","2003-03-03",,"true","false","false",2,22,9,19,2,13,0.00011703626633530546,0.00010866708480293076
"page:palm leaf","Palm leaf","page","item","item","https://oldschool.runescape.wiki/w/Palm_leaf","2003-08-20",,"true","false","false",22,20,37,27,21,13,0.00015291152323044114,0.00014498736342498836
"page:palm leaf (unobtainable item)","Palm leaf (unobtainable item)","page","item","item","https://oldschool.runescape.wiki/w/Palm_leaf_(unobtainable_item)","2004-03-29","2007-01-22","true","false","false",0,17,0,21,0,8,0.00008884151385506988,0.00007764845047308417
"page:palm tree (ardrigal)","Palm tree (Ardrigal)","page","scenery","scenery","https://oldschool.runescape.wiki/w/Palm_tree_(Ardrigal)","2002-10-23",,"true",,,0,29,0,49.5,0,18,0.00008884151385506988,0.00007764845047308417
"page:palm tree (shilo village)","Palm tree (Shilo Village)","page","scenery","scenery","https://oldschool.runescape.wiki/w/Palm_tree_(Shilo_Village)","2003-01-27",,"true",,,0,20,0,24.5,0,14,0.00008884151385506988,0.00007764845047308417
"page:panning guide","Panning guide","page","npc","npc","https://oldschool.runescape.wiki/w/Panning_guide","2003-07-09",,"true",,,20,19,23,27,20,12,0.0001541723651814246,0.00015317577183738903
"page:panning point","Panning point","page","scenery","scenery","https://oldschool.runescape.wiki/w/Panning_point","2003-07-09",,"true",,,1,23,1,36,1,14,0.00009271409266414145,0.00008204852934361274
"action:pan","Pan","action",,,,,,,,,1,0,2,0,0,0,0.00009321967934199308,0.00007764845047308417
"page:panning tray","Panning tray","page","item","item","https://oldschool.runescape.wiki/w/Panning_tray","2003-07-09",,"true","false","false",14,31,21,58.5,14,20,0.00015078567267516051,0.00015619286550553534
"page:panning tray (unobtainable item)","Panning tray (unobtainable item)","page","item","item","https://oldschool.runescape.wiki/w/Panning_tray_(unobtainable_item)","2003-07-09",,"true",,"false",2,12,2,17,2,4,0.00010112440154995517,0.00009632914247231416
"page:papyrus","Papyrus","page","item","item|monster","https://oldschool.runescape.wiki/w/Papyrus","2003-08-20",,"true","true","false",23,17,29,25.5,23,7,0.0001477948741686027,0.00014528393600449902
"page:papyrus (unobtainable item)","Papyrus (unobtainable item)","page","item","item","https://oldschool.runescape.wiki/w/Papyrus_(unobtainable_item)","2004-03-29",,"true","false","false",9,17,9,27,9,10,0.00012851664980926332,0.00014147062043177723
"page:parade","Parade","page","music","music","https://oldschool.runescape.wiki/w/Parade","2004-03-15",,"true",,,1,7,5,5,1,3,0.00010257156599632365,0.00009084868708466988
"page:paramaya inn","Paramaya Inn","page","shop","shop","https://oldschool.runescape.wiki/w/Paramaya_Inn","2003-01-27",,"true",,,7,22,10,43.5,7,17,0.00012335905305819902,0.00011673444186343783
"page:paramaya ticket","Paramaya ticket","page","item","item","https://oldschool.runescape.wiki/w/Paramaya_ticket","2003-01-27",,"true","false","false",1,13,4,23,1,6,0.00010714825004340823,0.00010164888067596726
"page:paramaya ticket (unobtainable item)","Paramaya ticket (unobtainable item)","page","item","item","https://oldschool.runescape.wiki/w/Paramaya_ticket_(unobtainable_item)","2004-03-29","2007-01-22","true","false","false",0,16,0,16.5,0,8,0.00008884151385506988,0.00007764845047308417
"page:party balloon","Party Balloon","page","scenery","scenery","https://oldschool.runescape.wiki/w/Party_Balloon","2004-03-29",,"false",,,0,28,0,45,0,6,0.00008884151385506988,0.00007764845047308417
"action:burst","Burst","action",,,,,,,,,9,0,14,0,0,0,0.00011233515863010409,0.00007764845047308417
"page:party pete","Party Pete","page","npc","npc","https://oldschool.runescape.wiki/w/Party_Pete","2004-03-29",,"false",,,6,17,6,13.5,6,7,0.00010391915863999402,0.00009475618424325859
"category:2025 birthday event","2025 Birthday event","category",,,,,,,,,1,0,0.5,0,0,0,0.00009211304292337043,0.00007764845047308417
"page:paste","Paste","page","item","item","https://oldschool.runescape.wiki/w/Paste","2001-02-28",,"false","false","false",8,26,14,38,8,15,0.00011615360256008678,0.0001087828440531842
"page:pastry dough","pastry dough","page","item","item","https://oldschool.runescape.wiki/w/Pastry_dough","2001-03-17",,"false","true","false",8,27,19,53,7,12,0.0001338799090762062,0.0001267634616318127
"page:paterdomus temple","Paterdomus Temple","page","location","location","https://oldschool.runescape.wiki/w/Paterdomus_Temple","2004-06-29",,"true",,,8,27,24,31,8,17,0.00016436224906535497,0.00015436154967788572
"page:pearl bolt tips","Pearl bolt tips","page","item","item|monster","https://oldschool.runescape.wiki/w/Pearl_bolt_tips","2002-09-09",,"true","true","false",3,28,8,47.5,2,10,0.00010453300201650277,0.00009336301786782905
"page:pearl bolts","Pearl bolts","page","item","item","https://oldschool.runescape.wiki/w/Pearl_bolts","2002-09-09",,"true","true","true",0,28,0,38.5,0,12,0.00008884151385506988,0.00007764845047308417
"page:peasant","Peasant","page","npc","npc","https://oldschool.runescape.wiki/w/Peasant","2002-07-23",,"true",,,3,26,3,38.5,3,20,0.0000933703387320242,0.00008214202886305694
"page:pee hat","Pee Hat","page","monster","monster","https://oldschool.runescape.wiki/w/Pee_Hat","2004-08-09",,"true",,,2,19,8,23,2,9,0.00010554516696278772,0.00009467639797910385
"page:peksa","Peksa","page","npc","npc","https://oldschool.runescape.wiki/w/Peksa","2001-01-04",,"false",,,4,24,4,33.5,4,15,0.00010045785472004247,0.00009034917882688891
"page:pelican","Pelican","page","npc","npc","https://oldschool.runescape.wiki/w/Pelican","2004-03-29",,"true",,,0,11,0,16,0,4,0.00008884151385506988,0.00007764845047308417
"page:penda","Penda","page","monster","npc|monster","https://oldschool.runescape.wiki/w/Penda","2004-08-09",,"true",,,3,24,3,22,3,14,0.0000960264693484619,0.00008506278792047632
"page:pendant of lucien","Pendant of lucien","page","item","item","https://oldschool.runescape.wiki/w/Pendant_of_lucien","2002-06-17",,"true","false","true",6,25,9,38.5,6,13,0.00010536478679624356,0.00009496018381927791
"page:penguin (monster)","Penguin (monster)","page","monster","monster","https://oldschool.runescape.wiki/w/Penguin_(monster)","2004-03-29",,"true",,,0,15,0,17,0,7,0.00008884151385506988,0.00007764845047308417
"category:penguins","Penguins","category",,,,,,,,,1,0,0.5,0,0,0,0.00009106255170144916,0.00007764845047308417
"page:pestle and mortar","Pestle and mortar","page","item","item|monster","https://oldschool.runescape.wiki/w/Pestle_and_mortar","2002-02-27",,"true","true","false",8,17,27.5,15.5,7,5,0.0001328839710708291,0.00012478389537823746
"page:pete's candlestick","Pete's candlestick","page","item","item","https://oldschool.runescape.wiki/w/Pete's_candlestick","2002-02-27",,"true","true","false",5,33,11,43.5,5,22,0.00011146508615453879,0.00009924075099447261
"page:pew","Pew","page","scenery","scenery","https://oldschool.runescape.wiki/w/Pew","2004-03-29",,"false",,,0,11,0,24,0,6,0.00008884151385506988,0.00007764845047308417
"page:philipe carnillean","Philipe Carnillean","page","npc","npc","https://oldschool.runescape.wiki/w/Philipe_Carnillean","2002-08-15",,"true",,,2,31,2,43,2,24,0.00009203854885569046,0.00008082402090676628
"page:philop","Philop","page","npc","npc","https://oldschool.runescape.wiki/w/Philop","2003-07-28",,"true",,,2,20,8,25,2,15,0.00010386031930163084,0.00009269142600888035
"page:phoenix crossbow","Phoenix crossbow","page","item","item","https://oldschool.runescape.wiki/w/Phoenix_crossbow","2001-01-04",,"false","true","true",10,29,20,41,10,11,0.0001428779994635891,0.00013420647621404579
"page:phoenix gang","Phoenix Gang","page","article","article","https://oldschool.runescape.wiki/w/Phoenix_Gang","2001-01-04",,,,,6,25,28,35,6,21,0.00013577276909332702,0.00012424531605117843
"page:phoenix gang hideout","Phoenix Gang Hideout","page","location","location","https://oldschool.runescape.wiki/w/Phoenix_Gang_Hideout","2001-01-04",,"false",,,3,26,9,34,3,18,0.00011495626923994951,0.00010383788256040189
"page:piano","piano","page","scenery","scenery","https://oldschool.runescape.wiki/w/Piano","2004-03-29",,"false",,,2,14,5,27.5,2,8,0.00010562268869438005,0.00009598211243361987
"page:piano stool","Piano stool","page","scenery","scenery","https://oldschool.runescape.wiki/w/Piano_stool","2004-03-29",,"false",,,0,14,0,22.5,0,8,0.00008884151385506988,0.00007764845047308417
"page:pickaxe handle","pickaxe handle","page","item","item","https://oldschool.runescape.wiki/w/Pickaxe_handle","2004-03-29","2014-09-11","false","true","true",4,25,16,26.5,4,10,0.00013083018606189825,0.00012853363356233168
"page:picnic bench","Picnic bench","page","scenery","scenery","https://oldschool.runescape.wiki/w/Picnic_bench","2004-03-29",,"true",,,0,7,0,9,0,2,0.00008884151385506988,0.00007764845047308417
"page:picture","Picture","page","item","item","https://oldschool.runescape.wiki/w/Picture","2002-08-27",,"true","false","false",6,27,10,34,6,20,0.00010391970214658662,0.00009268451456654777
"page:pie dish","Pie dish","page","item","item","https://oldschool.runescape.wiki/w/Pie_dish","2001-03-17",,"false","true","false",11,25,22,37,10,11,0.00012939361901846325,0.00011954285329661455
"page:pie shell","Pie shell","page","item","item","https://oldschool.runescape.wiki/w/Pie_shell","2001-03-17",,"false","true","false",14,24,32,47.5,11,11,0.00014179544786680387,0.00012670077508968947
"page:piece of railing","Piece of railing","page","item","item","https://oldschool.runescape.wiki/w/Piece_of_railing","2003-03-03",,"true","false","false",18,22,21,20,18,15,0.00013928666964548416,0.00013144853435410252
"page:pierre","Pierre","page","npc","npc","https://oldschool.runescape.wiki/w/Pierre","2003-06-09",,"true",,,18,22,18,24,18,15,0.00012742901277334968,0.0001169751787185801
"page:pigeon cage","Pigeon cage","page","item","item","https://oldschool.runescape.wiki/w/Pigeon_cage","2002-10-23",,"true","false","false",4,36,4,51.5,4,23,0.00009429206462163996,0.00008317903669509573
"page:pike","Pike","page","item","item","https://oldschool.runescape.wiki/w/Pike","2001-06-11",,"false","true","false",8,29,11,44.5,8,13,0.00011069774152886782,0.00010304230435801101
"page:pile of rocks","Pile of rocks","page","scenery","scenery","https://oldschool.runescape.wiki/w/Pile_of_rocks","2003-03-03",,"true",,,0,22,0,20.5,0,16,0.00008884151385506988,0.00007764845047308417
"page:pile of rubble (yanille agility dungeon)","Pile of rubble (Yanille Agility Dungeon)","page","scenery","scenery","https://oldschool.runescape.wiki/w/Pile_of_rubble_(Yanille_Agility_Dungeon)","2002-12-12",,"true",,,0,18,0,24,0,8,0.00008884151385506988,0.00007764845047308417
"page:pillar (brimhaven agility arena)","Pillar (Brimhaven Agility Arena)","page","scenery","scenery","https://oldschool.runescape.wiki/w/Pillar_(Brimhaven_Agility_Arena)","2004-07-27",,"true",,,0,18,0,25,0,9,0.00008884151385506988,0.00007764845047308417
"action:jump-on","Jump-on","action",,,,,,,,,1,0,2,0,0,0,0.00009488273679722153,0.00007764845047308417
"page:pillar (runic altar)","Pillar (Runic altar)","page","scenery","scenery","https://oldschool.runescape.wiki/w/Pillar_(Runic_altar)","2004-03-29",,,,,0,13,0,12.5,0,9,0.00008884151385506988,0.00007764845047308417
"page:pillars of zanash","Pillars of Zanash","page","scenery","scenery","https://oldschool.runescape.wiki/w/Pillars_of_Zanash","2002-04-09",,"true",,,0,12,0,15.5,0,4,0.00008884151385506988,0.00007764845047308417
"page:pineapple","pineapple","page","item","item|monster","https://oldschool.runescape.wiki/w/Pineapple","2002-08-15",,"true","true","false",13,28,45,52.5,11,13,0.00017863302749437031,0.0001692971807654162
"page:pineapple chunks","Pineapple chunks","page","item","item","https://oldschool.runescape.wiki/w/Pineapple_chunks","2002-12-12",,"true","true","false",21,29,54,50.5,18,16,0.00016980068390018844,0.00015745131070607179
"page:pineapple pizza","Pineapple pizza","page","item","item|monster","https://oldschool.runescape.wiki/w/Pineapple_pizza","2002-08-15",,"true","true","false",6,29,12,40.5,6,12,0.0001058713104238463,0.00009958051929014674
"page:pineapple plant (wild)","Pineapple Plant (wild)","page","scenery","scenery","https://oldschool.runescape.wiki/w/Pineapple_Plant_(wild)","2002-08-15",,"true",,,2,20,2,41.5,2,14,0.0000963660727874825,0.00008586220064587678
"page:pineapple punch","Pineapple punch","page","item","item","https://oldschool.runescape.wiki/w/Pineapple_punch","2002-12-12",,"true","true","false",61,38,70,72,61,21,0.00022312777067430009,0.0002326504518869629
"page:pineapple ring","Pineapple ring","page","item","item","https://oldschool.runescape.wiki/w/Pineapple_ring","2002-08-15",,"true","true","false",5,30,11,48.5,5,17,0.00010302704519117101,0.00009272918416223868
"page:pink boots","Pink boots","page","item","item|monster","https://oldschool.runescape.wiki/w/Pink_boots","2002-12-12",,"true","true","true",1,29,1,32,1,14,0.0000908095368822971,0.00007984429782289279
"page:pink hat","Pink hat","page","item","item","https://oldschool.runescape.wiki/w/Pink_hat","2002-12-12",,"true","true","true",1,26,1,27.5,1,14,0.0000908095368822971,0.00007984429782289279
"page:pink robe bottoms","Pink robe bottoms","page","item","item|monster","https://oldschool.runescape.wiki/w/Pink_robe_bottoms","2002-12-12",,"true","true","true",1,27,1,27.5,1,13,0.0000908095368822971,0.00007984429782289279
"page:pink robe top","Pink robe top","page","item","item|monster","https://oldschool.runescape.wiki/w/Pink_robe_top","2002-12-12",,"true","true","true",3,25,6,25,3,10,0.00010572246948463846,0.00010101626340021337
"page:pink skirt","Pink skirt","page","item","item|monster","https://oldschool.runescape.wiki/w/Pink_skirt","2001-01-04",,"false","true","true",10,25,20,34,10,10,0.00011930346081855064,0.00010959605665633046
"page:pipe (plague city)","Pipe (Plague City)","page","scenery","scenery","https://oldschool.runescape.wiki/w/Pipe_(Plague_City)","2002-08-27",,"true",,,0,28,0,43.5,0,22,0.00008884151385506988,0.00007764845047308417
"page:pirate","Pirate","page","monster","npc|monster","https://oldschool.runescape.wiki/w/Pirate","2001-04-06",,"true",,,6,23,12,21,6,7,0.0001352396066665277,0.00013260088041033792
"page:pirate guard","Pirate Guard","page","monster","monster","https://oldschool.runescape.wiki/w/Pirate_Guard","2002-02-27",,"true",,,2,22,2,28,2,16,0.00009242359585331204,0.00008116111847896831
"page:pirate jackie the fruit","Pirate Jackie the Fruit","page","npc","npc|achievement_diary","https://oldschool.runescape.wiki/w/Pirate_Jackie_the_Fruit","2004-07-27",,"true",,,10,24,13,41.5,10,8,0.00012511180179275102,0.00012370753893060644
"category:achievement diaries","Achievement diaries","category",,,,,,,,,1,0,0.5,0,0,0,0.0000901227792951182,0.00007764845047308417
"action:bars","Bars","action",,,,,,,,,2,0,3.5,0,0,0,0.00009781037193540812,0.00007764845047308417
"page:pirate map","Pirate map","page","scenery","scenery","https://oldschool.runescape.wiki/w/Pirate_map","2004-03-03",,"false",,,0,9,0,17,0,4,0.00008884151385506988,0.00007764845047308417
"page:pirate message","Pirate message","page","item","item","https://oldschool.runescape.wiki/w/Pirate_message","2004-03-29",,"false","false","false",3,22,3,36.5,3,13,0.00009336715986590867,0.00008211283435181985
"page:pirate's hat","pirate's hat","page","item","item","https://oldschool.runescape.wiki/w/Pirate's_hat","2004-05-05",,"true","true","true",1,21,4,19.5,1,3,0.00009925741547946929,0.0000941487462375663
"category:pirate clothing","Pirate clothing","category",,,,,,,,,2,0,1,0,0,0,0.00009230680420318813,0.00007764845047308417
"page:pirate's hook","Pirate's hook","page","item","item","https://oldschool.runescape.wiki/w/Pirate's_hook","2004-07-27",,"true","true","true",6,22,6,28.5,6,8,0.00010575868745474318,0.00009615589667102872
"page:pirate's treasure","Pirate's Treasure","page","quest","quest","https://oldschool.runescape.wiki/w/Pirate's_Treasure","2001-06-11",,"false",,,7,22,31,63,7,18,0.00013658594431900593,0.00013055362452504826
"page:pirates' hideout","Pirates' Hideout","page","location","location","https://oldschool.runescape.wiki/w/Pirates'_Hideout","2002-05-08",,"true",,,6,15,20,18,6,9,0.00013092433620751952,0.00011850632569942088
"page:pirates' hideout mine","Pirates' Hideout mine","page","location","location","https://oldschool.runescape.wiki/w/Pirates'_Hideout_mine","2002-05-08",,"true",,,0,22,0,38,0,16,0.00008884151385506988,0.00007764845047308417
"page:pit scorpion","Pit Scorpion","page","monster","monster","https://oldschool.runescape.wiki/w/Pit_Scorpion","2003-08-20",,"true",,,1,17,1,18.5,1,8,0.00009057749745913643,0.00007958966173949382
"page:pitta bread","Pitta bread","page","item","item","https://oldschool.runescape.wiki/w/Pitta_bread","2003-04-14",,"true","true","false",11,23,35,42,9,13,0.00014318415186013116,0.00013392402108813845
"page:pitta dough","Pitta dough","page","item","item","https://oldschool.runescape.wiki/w/Pitta_dough","2003-04-14",,"true","true","false",4,29,4,44.5,4,21,0.00009921141117599645,0.00009185007827744072
"page:pizza base","pizza base","page","item","item","https://oldschool.runescape.wiki/w/Pizza_base","2001-06-11",,"false","true","false",7,37,13,72,7,21,0.00010914483230149518,0.00010020539404929487
"page:plague city","Plague City","page","quest","quest","https://oldschool.runescape.wiki/w/Plague_City","2002-08-27",,"true",,,13,50,51,160,13,46,0.00023104559001560138,0.00022770299145508858
"page:plague jacket","Plague jacket","page","item","item","https://oldschool.runescape.wiki/w/Plague_jacket","2002-08-15",,"true","false","true",10,18,13,20,10,7,0.00013087020101379778,0.000134635784481599
"page:plague sample","plague sample","page","item","item","https://oldschool.runescape.wiki/w/Plague_sample","2002-10-23",,"true","false","false",4,34,10,57.5,4,26,0.00009845381832859566,0.00008662655258194004
"page:plague trousers","Plague trousers","page","item","item","https://oldschool.runescape.wiki/w/Plague_trousers","2002-08-15",,"true","false","true",8,19,8,24,8,8,0.00011118176369311506,0.00010328224554009027
"page:plain pizza","plain pizza","page","item","item","https://oldschool.runescape.wiki/w/Plain_pizza","2001-06-11",,"false","true","false",2,40,5,74.5,2,24,0.00009524111442938307,0.00008514858491148514
"page:plank","Plank","page","item","item|monster","https://oldschool.runescape.wiki/w/Plank","2001-08-13",,"false","true","false",12,25,27,66.5,11,8,0.00015642667848134468,0.00018041550699640792
"page:plank (brimhaven agility arena)","Plank (Brimhaven Agility Arena)","page","scenery","scenery","https://oldschool.runescape.wiki/w/Plank_(Brimhaven_Agility_Arena)","2004-07-27",,"true",,,0,20,0,27,0,11,0.00008884151385506988,0.00007764845047308417
"page:plant (dwarven mine)","Plant (Dwarven Mine)","page","scenery","scenery","https://oldschool.runescape.wiki/w/Plant_(Dwarven_Mine)","2001-09-23",,"false",,,0,31,0,43.5,0,25,0.00008884151385506988,0.00007764845047308417
"page:plaque (varrock palace)","Plaque (Varrock Palace)","page","scenery","scenery","https://oldschool.runescape.wiki/w/Plaque_(Varrock_Palace)","2004-03-29","2007-05-29","false",,,0,8,0,9.5,0,2,0.00008884151385506988,0.00007764845047308417
"page:player character","player character","page","npc","npc","https://oldschool.runescape.wiki/w/Player_character","2001-01-04",,"false",,,4,17,16,18,4,10,0.00013193017429584137,0.0001259736754863471
"action:walk here","Walk here","action",,,,,,,,,1,0,2,0,0,0,0.00010130158587190344,0.00007764845047308417
"action:trade with","Trade with","action",,,,,,,,,1,0,2,0,0,0,0.00010130158587190344,0.00007764845047308417
"page:poison (item)","Poison (item)","page","item","item","https://oldschool.runescape.wiki/w/Poison_(item)","2001-01-21",,"false","true","false",8,31,13,62.5,7,21,0.0001130410564822936,0.00009771884055632832
"page:poison chalice","poison chalice","page","item","item","https://oldschool.runescape.wiki/w/Poison_chalice","2002-07-23",,"true","true","false",3,24,6,28,3,8,0.00010332574898160863,0.00009340088929636649
"category:crafting boosting items","Crafting boosting items","category",,,,,,,,,1,0,0.5,0,0,0,0.00009040985111639997,0.00007764845047308417
"category:thieving boosting items","Thieving boosting items","category",,,,,,,,,1,0,0.5,0,0,0,0.00009040985111639997,0.00007764845047308417
"page:poison salesman","Poison Salesman","page","npc","npc","https://oldschool.runescape.wiki/w/Poison_Salesman","2003-06-09",,"true",,,21,27,21,35,21,18,0.00014096583055305299,0.0001312390812802003
"category:the fremennik trials","The Fremennik Trials","category",,,,,,,,,1,0,0.5,0,0,0,0.00009055324179750186,0.00007764845047308417
"page:poison scorpion","Poison Scorpion","page","monster","monster","https://oldschool.runescape.wiki/w/Poison_Scorpion","2002-02-27",,"true",,,0,16,0,17.5,0,7,0.00008884151385506988,0.00007764845047308417
"page:poison spider","poison spider","page","monster","monster","https://oldschool.runescape.wiki/w/Poison_spider","2002-02-27",,"true",,,1,24,5,31.5,1,9,0.00009729036089583051,0.0000860758064712357
"page:poisoned dagger (unobtainable item)","Poisoned dagger (unobtainable item)","page","item","item","https://oldschool.runescape.wiki/w/Poisoned_dagger_(unobtainable_item)","2004-03-29",,"true","false","true",7,22,7,20.5,7,8,0.00011900558773416859,0.00012245922062922588
"page:poisoned dart(p)","Poisoned dart(p)","page","item","item","https://oldschool.runescape.wiki/w/Poisoned_dart(p)","2004-03-29",,"true","false","true",6,22,6,21,6,9,0.00011437607974450266,0.00011189167362987146
"page:poisoned fish food","Poisoned fish food","page","item","item","https://oldschool.runescape.wiki/w/Poisoned_fish_food","2001-01-21",,"false","false","false",5,24,8,45,5,15,0.00010352318522916567,0.00009236651281501245
"page:port khazard","Port Khazard","page","location","location","https://oldschool.runescape.wiki/w/Port_Khazard","2002-07-23",,"true",,,13,12,49,30,13,6,0.00018701977082071392,0.00017920690959774354
"page:port khazard mine","Port Khazard mine","page","location","location","https://oldschool.runescape.wiki/w/Port_Khazard_mine","2003-07-28",,"true",,,1,21,4,37,1,15,0.00009648672057704436,0.00008537150557735367
"page:port sarim","Port Sarim","page","location","location","https://oldschool.runescape.wiki/w/Port_Sarim","2001-04-06",,"false",,,43,13,182,26,43,7,0.0004836691713759857,0.0005253430508084266
"page:port sarim jail","Port Sarim jail","page","location","location","https://oldschool.runescape.wiki/w/Port_Sarim_jail","2001-09-23",,"false",,,3,18,9,28,3,12,0.0001376943750511233,0.00015036911567954588
"page:portal (runecrafting)","Portal (Runecrafting)","page","scenery","scenery","https://oldschool.runescape.wiki/w/Portal_(Runecrafting)","2004-03-29",,"false",,,0,38,0,82.5,0,19,0.00008884151385506988,0.00007764845047308417
"page:portcullis (underground pass)","Portcullis (Underground Pass)","page","scenery","scenery","https://oldschool.runescape.wiki/w/Portcullis_(Underground_Pass)","2003-03-03",,"true",,,0,22,0,20.5,0,16,0.00008884151385506988,0.00007764845047308417
"page:portrait","Portrait","page","item","item","https://oldschool.runescape.wiki/w/Portrait","2001-04-06",,"false","false","false",5,17,5,21,5,10,0.0001029317390601523,0.00009574104696371069
"page:portrait (scenery)","Portrait (scenery)","page","scenery","scenery","https://oldschool.runescape.wiki/w/Portrait_(scenery)","2001-01-04",,"false",,,0,18,0,23.5,0,10,0.00008884151385506988,0.00007764845047308417
"page:pot","Pot","page","item","item|monster","https://oldschool.runescape.wiki/w/Pot","2001-01-04",,"false","true","false",32,22,42,25,30,8,0.00017464623062682003,0.00016164558353712907
"page:pot of cream","pot of cream","page","item","item|monster","https://oldschool.runescape.wiki/w/Pot_of_cream","2002-12-12",,"true","true","false",3,35,16,59,3,19,0.00010803405985897299,0.00009686718576964573
"page:pot of flour","Pot of flour","page","item","item|monster","https://oldschool.runescape.wiki/w/Pot_of_flour","2001-01-04",,"false","true","false",15,32,44,42,13,18,0.0001630070881352511,0.00015034173492367234
"page:pot of flour (tutorial island)","Pot of flour (Tutorial Island)","page","item","item","https://oldschool.runescape.wiki/w/Pot_of_flour_(Tutorial_Island)","2004-03-29",,"false","true","false",7,20,7,31,7,13,0.00010758539257247626,0.0000974725481228171
"page:potato","Potato","page","item","item|monster","https://oldschool.runescape.wiki/w/Potato","2001-06-11",,"false","true","false",9,30,24,55.5,8,15,0.0001337647399196,0.00012645561867822913
"page:potato (scenery)","Potato (scenery)","page","scenery","scenery","https://oldschool.runescape.wiki/w/Potato_(scenery)","2001-06-11",,"false",,,1,14,1,20,1,9,0.00009243747989206491,0.0000815308730059035
"page:potato cactus","Potato cactus","page","item","item|monster","https://oldschool.runescape.wiki/w/Potato_cactus","2004-09-07",,"true","true","false",0,21,0,25,0,8,0.00008884151385506988,0.00007764845047308417
"page:pothole dungeon","Pothole Dungeon","page","location","location","https://oldschool.runescape.wiki/w/Pothole_Dungeon","2002-10-23",,"true",,,2,18,8,42,2,14,0.00010555292956385072,0.00009518950439491911
"page:potion (apothecary)","Potion (Apothecary)","page","item","item|monster","https://oldschool.runescape.wiki/w/Potion_(Apothecary)","2001-01-04",,"false","true","false",0,18,0,20,0,7,0.00008884151385506988,0.00007764845047308417
"page:potion (watchtower)","Potion (Watchtower)","page","item","item","https://oldschool.runescape.wiki/w/Potion_(Watchtower)","2003-05-07",,"true","false","false",3,25,6,41.5,3,15,0.00009834595272006211,0.00008769510715788301
"page:potted flower","Potted flower","page","scenery","scenery","https://oldschool.runescape.wiki/w/Potted_flower","2004-03-29",,"false",,,0,9,0,11,0,4,0.00008884151385506988,0.00007764845047308417
"page:potted plant","Potted plant","page","scenery","scenery","https://oldschool.runescape.wiki/w/Potted_plant","2004-03-29",,"false",,,0,16,0,31,0,11,0.00008884151385506988,0.00007764845047308417
"page:potted plant (bamboo)","Potted plant (Bamboo)","page","scenery","scenery","https://oldschool.runescape.wiki/w/Potted_plant_(Bamboo)","2004-03-29",,"false",,,0,9,0,14.5,0,3,0.00008884151385506988,0.00007764845047308417
"page:potted plant (witch's house)","Potted plant (witch's house)","page","scenery","scenery","https://oldschool.runescape.wiki/w/Potted_plant_(witch's_house)","2004-03-29",,"true",,,0,19,0,23.5,0,13,0.00008884151385506988,0.00007764845047308417
"action:look-under","Look-under","action",,,,,,,,,1,0,2,0,0,0,0.00009526834677225248,0.00007764845047308417
"page:potter's wheel","Potter's Wheel","page","item","item|scenery","https://oldschool.runescape.wiki/w/Potter's_Wheel","2001-05-08",,"false",,,13,26,32.5,42.5,10,12,0.00013872489396950265,0.00012872079010351178
"page:pottery oven","pottery oven","page","item","item|scenery","https://oldschool.runescape.wiki/w/Pottery_Oven","2001-05-08",,"false",,,8,29,17,53,8,12,0.00011563958592831388,0.00011041531252744226
"page:prayer","Prayer","page","skill","skill|prayer","https://oldschool.runescape.wiki/w/Prayer","2001-01-04",,"false",,,225,14,338,23,224,8,0.001015717358832896,0.001374429641919201
"category:interface","Interface","category",,,,,,,,,1,0,0.5,0,0,0,0.00010761020418135961,0.00007764845047308417
"page:prayer level up!","Prayer Level Up!","page","music","music","https://oldschool.runescape.wiki/w/Prayer_Level_Up!","2004-03-29",,"false",,,0,8,0,5.5,0,3,0.00008884151385506988,0.00007764845047308417
"page:prayer level up! (unlocks)","Prayer Level Up! (Unlocks)","page","music","music","https://oldschool.runescape.wiki/w/Prayer_Level_Up!_(Unlocks)","2004-03-29",,"false",,,0,9,0,9.5,0,4,0.00008884151385506988,0.00007764845047308417
"page:prayer potion","prayer potion","page","item","item|monster","https://oldschool.runescape.wiki/w/Prayer_potion","2002-02-27",,"true","true","false",4,24,13,36,4,8,0.00011554454082065417,0.00010905043547786053
"page:premade blurb' sp.","Premade blurb' sp.","page","item","item","https://oldschool.runescape.wiki/w/Premade_blurb'_sp.","2002-12-12",,"true","true","false",49,31,49,54.5,49,18,0.00017545015433274006,0.00017462855719665125
"page:premade c+t batta","Premade c+t batta","page","item","item","https://oldschool.runescape.wiki/w/Premade_c%2Bt_batta","2002-12-12",,"true","true","false",0,25,0,35,0,15,0.00008884151385506988,0.00007764845047308417
"page:premade ch' crunch","Premade ch' crunch","page","item","item","https://oldschool.runescape.wiki/w/Premade_ch'_crunch","2002-12-12",,"true","true","false",0,25,0,35,0,15,0.00008884151385506988,0.00007764845047308417
"page:premade choc bomb","Premade choc bomb","page","item","item","https://oldschool.runescape.wiki/w/Premade_choc_bomb","2002-12-12",,"true","true","false",0,26,0,39,0,16,0.00008884151385506988,0.00007764845047308417
"page:premade choc s'dy","Premade choc s'dy","page","item","item","https://oldschool.runescape.wiki/w/Premade_choc_s'dy","2002-12-12",,"true","true","false",47,28,47,43.5,47,17,0.00016755377068968045,0.00016532817636426292
"page:premade dr' dragon","Premade dr' dragon","page","item","item","https://oldschool.runescape.wiki/w/Premade_dr'_dragon","2002-12-12",,"true","true","false",46,31,46,45.5,46,18,0.00016448104781834345,0.00016151463631988567
"page:premade fr' blast","Premade fr' blast","page","item","item","https://oldschool.runescape.wiki/w/Premade_fr'_blast","2002-12-12",,"true","true","false",48,26,48,36.5,48,17,0.00016496993754451836,0.00016283719291220768
"page:premade fr't batta","Premade fr't batta","page","item","item","https://oldschool.runescape.wiki/w/Premade_fr't_batta","2002-12-12",,"true","true","false",0,28,0,38,0,18,0.00008884151385506988,0.00007764845047308417
"page:premade p' punch","Premade p' punch","page","item","item","https://oldschool.runescape.wiki/w/Premade_p'_punch","2002-12-12",,"true","true","false",46,27,46,37.5,46,18,0.00015937029969587298,0.00015621117029501424
"page:premade s'y crunch","Premade s'y crunch","page","item","item","https://oldschool.runescape.wiki/w/Premade_s'y_crunch","2002-12-12",,"true","true","false",1,28,4,35,1,18,0.00009406565956550765,0.00008348539071473965
"page:premade sgg","Premade sgg","page","item","item","https://oldschool.runescape.wiki/w/Premade_sgg","2002-12-12",,"true","true","false",41,31,41,36.5,41,18,0.00014927883611114901,0.00014298614006917187
"page:premade t'd batta","Premade t'd batta","page","item","item","https://oldschool.runescape.wiki/w/Premade_t'd_batta","2002-12-12",,"true","true","false",1,29,4,36,1,19,0.0000923043368073154,0.0000813312919028142
"page:premade t'd crunch","Premade t'd crunch","page","item","item","https://oldschool.runescape.wiki/w/Premade_t'd_crunch","2002-12-12",,"true","true","false",1,29,4,36,1,19,0.00009376609325655467,0.00008317594273512033
"page:premade ttl","Premade ttl","page","item","item","https://oldschool.runescape.wiki/w/Premade_ttl","2002-12-12",,"true","true","false",1,30,4,40,1,20,0.00009214451420951945,0.00008119489036837976
"page:premade veg ball","Premade veg ball","page","item","item","https://oldschool.runescape.wiki/w/Premade_veg_ball","2002-12-12",,"true","true","false",1,30,4,40,1,20,0.0000924808047840769,0.0000815308730059035
"page:premade veg batta","Premade veg batta","page","item","item","https://oldschool.runescape.wiki/w/Premade_veg_batta","2002-12-12",,"true","true","false",1,29,4,36,1,19,0.00009205493031366119,0.00008099028252665017
"page:premade w'm batta","Premade w'm batta","page","item","item","https://oldschool.runescape.wiki/w/Premade_w'm_batta","2002-12-12",,"true","true","false",1,29,4,36,1,19,0.00009205493031366119,0.00008103312652733692
"page:premade w'm crun'","Premade w'm crun'","page","item","item","https://oldschool.runescape.wiki/w/Premade_w'm_crun'","2002-12-12",,"true","true","false",1,29,4,36,1,19,0.00009200445780384038,0.00008090776815495718
"page:premade wiz blz'd","Premade wiz blz'd","page","item","item","https://oldschool.runescape.wiki/w/Premade_wiz_blz'd","2002-12-12",,"true","true","false",36,33,36,41.5,36,20,0.00013598820739359904,0.0001289648138698257
"page:premade worm hole","Premade worm hole","page","item","item","https://oldschool.runescape.wiki/w/Premade_worm_hole","2002-12-12",,"true","true","false",1,30,4,40.5,1,21,0.00009186212532614571,0.00008075438849933963
"page:pressure gauge","Pressure gauge","page","item","item","https://oldschool.runescape.wiki/w/Pressure_gauge","2001-01-21",,"false","false","false",4,24,7,43.5,4,16,0.00009960615830620469,0.00008813568448792852
"page:pressure pad (brimhaven agility arena)","Pressure pad (Brimhaven Agility Arena)","page","scenery","scenery","https://oldschool.runescape.wiki/w/Pressure_pad_(Brimhaven_Agility_Arena)","2004-07-27",,"true",,,0,18,0,25,0,9,0.00008884151385506988,0.00007764845047308417
"page:priest (east ardougne)","Priest (East Ardougne)","page","npc","npc","https://oldschool.runescape.wiki/w/Priest_(East_Ardougne)","2004-03-29",,"true",,,5,23,5,33.5,5,15,0.000101393438715009,0.00009071268506489027
"page:priest (west ardougne)","Priest (West Ardougne)","page","npc","npc","https://oldschool.runescape.wiki/w/Priest_(West_Ardougne)","2004-03-29",,"true",,,3,21,3,25,3,14,0.00009674586315568054,0.00008571125124792963
"page:priest gown (bottom)","Priest gown (bottom)","page","item","item|prayer","https://oldschool.runescape.wiki/w/Priest_gown_(bottom)","2002-10-23",,"false","true","true",5,19,8,23.5,5,5,0.0001056036464504769,0.00009991007407150227
"page:priest gown (top)","Priest gown (top)","page","item","item|prayer","https://oldschool.runescape.wiki/w/Priest_gown_(top)","2002-10-23",,"false","true","true",5,19,8,23.5,5,5,0.0001056036464504769,0.00009991007407150227
"page:priest in peril","Priest in Peril","page","quest","quest","https://oldschool.runescape.wiki/w/Priest_in_Peril","2004-06-29",,"true",,,7,28,28,63,7,24,0.00013589156356715048,0.000127136174591004
"page:prince ali","Prince Ali","page","npc","npc","https://oldschool.runescape.wiki/w/Prince_Ali","2001-02-28",,"false",,,5,32,15,63,5,24,0.00011200365221784868,0.00010217216709637669
"page:prince ali (disguised)","Prince Ali (disguised)","page","npc","npc","https://oldschool.runescape.wiki/w/Prince_Ali_(disguised)","2001-02-28","2022-04-27","false",,,0,25,0,39,0,18,0.00008884151385506988,0.00007764845047308417
"page:prince ali rescue","Prince Ali Rescue","page","quest","quest","https://oldschool.runescape.wiki/w/Prince_Ali_Rescue","2001-02-28",,"false",,,2,36,9,107,2,32,0.0001015157714963657,0.00009172358649026899
"page:principality","Principality","page","music","music","https://oldschool.runescape.wiki/w/Principality","2004-08-09",,"true",,,0,11,0,27,0,7,0.00008884151385506988,0.00007764845047308417
"page:prison door (desert mining camp)","Prison door (Desert Mining Camp)","page","scenery","scenery","https://oldschool.runescape.wiki/w/Prison_door_(Desert_Mining_Camp)","2003-04-14",,"true",,,0,10,0,19,0,5,0.00008884151385506988,0.00007764845047308417
"page:prison door (fight arena)","Prison Door (Fight Arena)","page","scenery","scenery","https://oldschool.runescape.wiki/w/Prison_Door_(Fight_Arena)","2002-07-23",,"true",,,0,25,0,33.5,0,19,0.00008884151385506988,0.00007764845047308417
"page:prison door (sammy servil's cell)","Prison Door (Sammy Servil's cell)","page","scenery","scenery","https://oldschool.runescape.wiki/w/Prison_Door_(Sammy_Servil's_cell)","2002-07-23",,"true",,,0,27,0,42.5,0,21,0.00008884151385506988,0.00007764845047308417
"page:prison door (shantay pass)","Prison door (Shantay Pass)","page","scenery","scenery","https://oldschool.runescape.wiki/w/Prison_door_(Shantay_Pass)","2003-04-14",,"false",,,0,7,0,9,0,2,0.00008884151385506988,0.00007764845047308417
"page:prison key (troll stronghold)","Prison key (Troll Stronghold)","page","item","item|monster","https://oldschool.runescape.wiki/w/Prison_key_(Troll_Stronghold)","2004-08-24",,"true","false","false",2,12,2,8.5,2,2,0.00009196747807957721,0.00008077503017651105
"page:professor oddenstein","Professor Oddenstein","page","npc","npc","https://oldschool.runescape.wiki/w/Professor_Oddenstein","2001-01-21",,"false",,,3,25,6,49,3,18,0.00009790775841532435,0.00008646533148825146
"page:protect from magic","Protect from Magic","page","prayer","prayer","https://oldschool.runescape.wiki/w/Protect_from_Magic","2004-03-29",,"false",,,12,8,19,13,12,6,0.0001476042354137997,0.00013401298392829586
"page:protect from melee","Protect from Melee","page","prayer","prayer","https://oldschool.runescape.wiki/w/Protect_from_Melee","2004-03-29",,"false",,,7,8,33,10,7,6,0.00013600321014643144,0.0001237946644463353
"page:protect from missiles","Protect from Missiles","page","prayer","prayer","https://oldschool.runescape.wiki/w/Protect_from_Missiles","2001-05-24",,"false",,,10,8,16,10,10,6,0.00013432210332127854,0.0001217484133911164
"page:protect item","Protect Item","page","prayer","prayer","https://oldschool.runescape.wiki/w/Protect_Item","2001-05-24",,"false",,,8,9,11,11,8,7,0.00011173882300127133,0.00009856929017189287
"page:prototype dart","Prototype dart","page","item","item","https://oldschool.runescape.wiki/w/Prototype_dart","2003-04-14",,"true","false","false",11,28,14,38,11,17,0.00011443916638844472,0.00010675602628443447
"page:prototype dart tip","Prototype dart tip","page","item","item","https://oldschool.runescape.wiki/w/Prototype_dart_tip","2003-04-14",,"true","false","false",10,35,13,51,10,21,0.00011132647347203827,0.00010085020661994667
"page:pumpkin","Pumpkin","page","item","item","https://oldschool.runescape.wiki/w/Pumpkin","2001-10-31",,"false","true","false",0,12,0,9.5,0,1,0.00008884151385506988,0.00007764845047308417
"page:pungent pot","Pungent pot","page","item","item","https://oldschool.runescape.wiki/w/Pungent_pot","2003-06-09",,"true","false","false",16,27,16,34.5,16,19,0.00012102381082468448,0.0001099071009345241
"page:purple boots","Purple boots","page","item","item","https://oldschool.runescape.wiki/w/Purple_boots","2004-06-29",,"false","true","true",18,25,18,35,18,12,0.00012902829200270752,0.00012933657570453723
"page:purple cape","Purple cape","page","item","item","https://oldschool.runescape.wiki/w/Purple_cape","2001-12-08",,"false","true","true",5,21,5,19,5,8,0.00009901351928655646,0.00009020881699837019
"page:purple dye","purple dye","page","item","item","https://oldschool.runescape.wiki/w/Purple_dye","2001-12-08",,"false","true","false",3,27,9,47.5,3,18,0.00010973635904164225,0.0001007357421715403
"page:purple flowers","Purple flowers","page","item","item","https://oldschool.runescape.wiki/w/Purple_flowers","2004-03-29",,"true","true","true",0,20,0,22,0,7,0.00008884151385506988,0.00007764845047308417
"page:purple gloves","Purple gloves","page","item","item|monster","https://oldschool.runescape.wiki/w/Purple_gloves","2004-06-29",,"false","true","true",18,26,18,29,18,11,0.00012902829200270752,0.00012933657570453723
"page:purple hat","Purple hat","page","item","item","https://oldschool.runescape.wiki/w/Purple_hat","2004-06-29",,"true","true","true",17,25,17,32.5,17,13,0.0001257397148452119,0.00012452536827166284
"page:purple partyhat","Purple partyhat","page","item","item","https://oldschool.runescape.wiki/w/Purple_partyhat","2001-12-24",,"false","true","true",0,16,0,14,0,3,0.00008884151385506988,0.00007764845047308417
"page:purple robe bottoms","Purple robe bottoms","page","item","item","https://oldschool.runescape.wiki/w/Purple_robe_bottoms","2004-06-29",,"true","true","true",16,26,16,33.5,16,14,0.00012262825174132237,0.0001200873572236173
"page:purple robe top","Purple robe top","page","item","item","https://oldschool.runescape.wiki/w/Purple_robe_top","2004-06-29",,"true","true","true",15,27,15,34.5,15,15,0.0001196796233401825,0.00011597974136534141
"page:puzzle box","Puzzle box","page","item","item","https://oldschool.runescape.wiki/w/Puzzle_box","2004-05-05",,"true","false","false",1,33,4,41,1,3,0.00011559816484886412,0.00011937062694103989
"page:quest (music track)","Quest (music track)","page","music","music","https://oldschool.runescape.wiki/w/Quest_(music_track)","2004-03-15",,"false",,,0,10,0,19,0,6,0.00008884151385506988,0.00007764845047308417
"page:quest complete 1","Quest Complete 1","page","music","music","https://oldschool.runescape.wiki/w/Quest_Complete_1","2004-06",,"false",,,0,9,0,6,0,3,0.00008884151385506988,0.00007764845047308417
"page:quest complete 2","Quest Complete 2","page","music","music","https://oldschool.runescape.wiki/w/Quest_Complete_2","2004-06",,"false",,,0,9,0,6,0,3,0.00008884151385506988,0.00007764845047308417
"page:quest complete 3","Quest Complete 3","page","music","music","https://oldschool.runescape.wiki/w/Quest_Complete_3","2004-06",,"false",,,0,9,0,6,0,3,0.00008884151385506988,0.00007764845047308417
"page:quest guide","Quest Guide","page","npc","npc","https://oldschool.runescape.wiki/w/Quest_Guide","2004-03-29",,"false",,,6,20,6,24,6,13,0.00010390540932552544,0.0000932986606582008
"page:radimus erkle","Radimus Erkle","page","npc","npc","https://oldschool.runescape.wiki/w/Radimus_Erkle","2003-08-20",,"true",,,29,27,39,47.5,29,19,0.00015987735687234843,0.00015331355258243375
"page:radimus notes","Radimus notes","page","item","item","https://oldschool.runescape.wiki/w/Radimus_notes","2003-08-20",,"true","false","false",18,36,18,71.5,18,22,0.00011996358084302574,0.00011013000655468135
"action:complete","Complete","action",,,,,,,,,2,0,3.5,0,0,0,0.00009383300550553924,0.00007764845047308417
"page:raft (hazeel cult)","Raft (Hazeel Cult)","page","scenery","scenery","https://oldschool.runescape.wiki/w/Raft_(Hazeel_Cult)","2002-08-15",,"true",,,0,11,0,24,0,6,0.00008884151385506988,0.00007764845047308417
"action:board","Board","action",,,,,,,,,2,0,4,0,0,0,0.00009821671102294978,0.00007764845047308417
"page:railing","Railing","page","item","item","https://oldschool.runescape.wiki/w/Railing","2003-05-27",,"true","false","false",1,29,1,45,1,20,0.00009022711544730649,0.00007899541339263374
"page:ranael","Ranael","page","npc","npc","https://oldschool.runescape.wiki/w/Ranael","2001-02-13",,"false",,,6,24,13,30,6,16,0.00011731883286577639,0.00010507943347390095
"page:ranael's super skirt store.","Ranael's Super Skirt Store.","page","shop","shop","https://oldschool.runescape.wiki/w/Ranael's_Super_Skirt_Store.","2001-02-13",,"false",,,0,24,0,39,0,20,0.00008884151385506988,0.00007764845047308417
"page:ranalph devere","Ranalph Devere","page","monster","monster","https://oldschool.runescape.wiki/w/Ranalph_Devere","2003-08-20",,"true",,,25,22,31,30.5,25,15,0.00014899623017148933,0.00013900467810463622
"page:ranarr potion (unf)","Ranarr potion (unf)","page","item","item","https://oldschool.runescape.wiki/w/Ranarr_potion_(unf)","2002-02-27",,"true","true","false",9,20,9,25.5,9,6,0.00010624748821242474,0.00009916727680905671
"page:ranarr weed","Ranarr weed","page","item","item","https://oldschool.runescape.wiki/w/Ranarr_weed","2002-02-27",,"true","true","false",0,29,0,34,0,18,0.00008884151385506988,0.00007764845047308417
"page:range","range","page","scenery","scenery","https://oldschool.runescape.wiki/w/Range","2001-01-04",,"false",,,14,53,56,83.5,14,13,0.0001782545205329049,0.0001832080792188728
"page:ranged","Ranged","page","skill","skill","https://oldschool.runescape.wiki/w/Ranged","2001-01-04",,"false",,,301,9,469,5.5,301,2,0.0012306647477920173,0.0016679342173852088
"page:ranged level up!","Ranged Level Up!","page","music","music","https://oldschool.runescape.wiki/w/Ranged_Level_Up!","2004-03-29",,"false",,,0,8,0,5.5,0,3,0.00008884151385506988,0.00007764845047308417
"page:ranged level up! (unlocks)","Ranged Level Up! (Unlocks)","page","music","music","https://oldschool.runescape.wiki/w/Ranged_Level_Up!_(Unlocks)","2004-03-29",,"false",,,0,9,0,9.5,0,4,0.00008884151385506988,0.00007764845047308417
"page:ranger boots","Ranger boots","page","item","item","https://oldschool.runescape.wiki/w/Ranger_boots","2004-05-05",,"true","true","true",0,24,0,32.5,0,6,0.00008884151385506988,0.00007764845047308417
"page:ranging guild","Ranging Guild","page","location","location","https://oldschool.runescape.wiki/w/Ranging_Guild","2004-01-21",,"true",,,30,27,119,37,30,19,0.0003509233382876549,0.0003710664239218651
"page:ranging guild doorman","Ranging Guild Doorman","page","npc","npc","https://oldschool.runescape.wiki/w/Ranging_Guild_Doorman","2004-03-29",,"true",,,7,19,7,28,7,14,0.00010471225092131618,0.00009360613747620917
"page:ranging guild ticket exchange","Ranging Guild Ticket Exchange","page","shop","shop","https://oldschool.runescape.wiki/w/Ranging_Guild_Ticket_Exchange","2004-01-21",,"true",,,2,22,9,33,2,18,0.00010347084298656307,0.0000918916559754093
"page:ranging potion","ranging potion","page","item","item|monster","https://oldschool.runescape.wiki/w/Ranging_potion","2002-02-27",,"true","true","false",2,26,8,42,2,7,0.00009846223319771756,0.0000876261102754149
"category:ranged boosting items","Ranged boosting items","category",,,,,,,,,1,0,0.5,0,0,0,0.00008983785788147666,0.00007764845047308417
"page:rantuki tribe","Rantuki Tribe","page","article","article","https://oldschool.runescape.wiki/w/Rantuki_Tribe","2002-04-30",,,,,2,14,9,26,2,12,0.00011188510789618194,0.00010186386828409895
"page:rantz","Rantz","page","npc","npc","https://oldschool.runescape.wiki/w/Rantz","2004-05-18",,"true",,,9,40,18,67.5,9,22,0.00012145478681041883,0.00011253436397916459
"action:claim-arrows","Claim-arrows","action",,,,,,,,,3,0,5,0,0,0,0.00009648866709869913,0.00007764845047308417
"action:claim-hats","Claim-hats","action",,,,,,,,,2,0,3.5,0,0,0,0.00009419452112561036,0.00007764845047308417
"page:rantz's cave","Rantz's cave","page","location","location","https://oldschool.runescape.wiki/w/Rantz's_cave","2004-05-18",,"true",,,3,26,13,52.5,3,21,0.0001169357317984023,0.00010815506428502382
"page:rapid heal","Rapid Heal","page","prayer","prayer","https://oldschool.runescape.wiki/w/Rapid_Heal","2001-05-24",,"false",,,6,11,6,16,6,9,0.00010237716411718063,0.00008986068167931134
"page:rapid restore","Rapid Restore","page","prayer","prayer","https://oldschool.runescape.wiki/w/Rapid_Restore","2001-05-24",,"false",,,5,14,5,25,5,12,0.0000990107970185457,0.0000867869762608543
"page:rashiliyia","Rashiliyia","page","npc","npc","https://oldschool.runescape.wiki/w/Rashiliyia","2003-01-27",,"true",,,24,24,46,41.5,24,16,0.0001921703896375818,0.00018370886983335198
"page:rashiliyia corpse","Rashiliyia corpse","page","item","item|monster","https://oldschool.runescape.wiki/w/Rashiliyia_corpse","2003-01-27",,"true","false","false",14,25,14,31,14,16,0.00011451313598144005,0.0001036264245743031
"page:rashiliyia's tomb","Rashiliyia's Tomb","page","location","location","https://oldschool.runescape.wiki/w/Rashiliyia's_Tomb","2003-01-27",,"true",,,7,22,27,36,7,16,0.00013729587316756669,0.00012556085022005239
"page:rat","Rat","page","monster","monster","https://oldschool.runescape.wiki/w/Rat","2001-01-04",,"false",,,3,20,13,23,3,8,0.00012657663276786392,0.0001259589581635836
"page:rat poison","rat poison","page","item","item","https://oldschool.runescape.wiki/w/Rat_poison","2002-06-17",,"true","false","false",3,21,6,37.5,3,13,0.00009956096602160094,0.00008828561384721659
"page:rat's tail","Rat's tail","page","item","item|monster","https://oldschool.runescape.wiki/w/Rat's_tail","2001-04-06",,"false","false","false",2,18,6,24,2,9,0.0000947258219156072,0.00008292854511771845
"page:raw anchovies","Raw anchovies","page","item","item|monster","https://oldschool.runescape.wiki/w/Raw_anchovies","2001-06-11",,"false","true","false",5,19,8,21,5,8,0.00010608546302243544,0.00009642516790747473
"page:raw bass","Raw bass","page","item","item|monster","https://oldschool.runescape.wiki/w/Raw_bass","2002-02-27",,"true","true","false",5,23,8,40,5,12,0.00010368478695354037,0.00009367799911010683
"page:raw batta","Raw batta","page","item","item","https://oldschool.runescape.wiki/w/Raw_batta","2002-12-12",,"true","false","false",0,34,0,49.5,0,24,0.00008884151385506988,0.00007764845047308417
"page:raw bear meat","Raw bear meat","page","item","item|monster","https://oldschool.runescape.wiki/w/Raw_bear_meat","2001-01-04",,"false","true","false",5,28,8,47,5,15,0.00010763160064897109,0.00009937117261154673
"page:raw beef","Raw beef","page","item","item|monster","https://oldschool.runescape.wiki/w/Raw_beef","2001-01-04",,"false","true","false",6,26,9,45.5,6,14,0.00010876716887118004,0.00010048983673117264
"page:raw chicken","Raw chicken","page","item","item|monster","https://oldschool.runescape.wiki/w/Raw_chicken","2001-12-08",,"false","true","false",7,26,10,45.5,7,14,0.00011050755560076814,0.00010183087076749152
"page:raw chompy","Raw chompy","page","item","item|monster","https://oldschool.runescape.wiki/w/Raw_chompy","2004-05-18",,"true","true","false",7,23,15,30,6,10,0.00011313055865539557,0.00010130577836692661
"page:raw cod","Raw cod","page","item","item","https://oldschool.runescape.wiki/w/Raw_cod","2002-02-27",,"true","true","false",1,24,1,35.5,1,14,0.00009075329326714319,0.00007964848632332442
"page:raw crunchies","Raw crunchies","page","item","item","https://oldschool.runescape.wiki/w/Raw_crunchies","2002-12-12",,"true","true","false",21,36,21,50.5,21,24,0.0001175416987528672,0.00010708419449605172
"page:raw giant carp","Raw giant carp","page","item","item","https://oldschool.runescape.wiki/w/Raw_giant_carp","2002-05-28",,"true","false","false",3,34,3,58.5,3,24,0.0000945653472358155,0.00008344460643397987
"page:raw gnomebowl","Raw gnomebowl","page","item","item","https://oldschool.runescape.wiki/w/Raw_gnomebowl","2002-12-12",,"true","false","false",0,32,0,46.5,0,24,0.00008884151385506988,0.00007764845047308417
"page:raw herring","Raw herring","page","item","item|monster","https://oldschool.runescape.wiki/w/Raw_herring","2001-06-11",,"false","true","false",0,24,0,53.5,0,12,0.00008884151385506988,0.00007764845047308417
"page:raw lava eel","Raw lava eel","page","item","item","https://oldschool.runescape.wiki/w/Raw_lava_eel","2002-02-27",,"true","false","false",1,35,1,75.5,1,25,0.00009150156537107002,0.00008024173776465147
"page:raw lobster","Raw lobster","page","item","item|monster","https://oldschool.runescape.wiki/w/Raw_lobster","2001-06-11",,"false","true","false",5,24,5,37.5,5,12,0.00009870305329273697,0.00008827117559495677
"page:raw mackerel","Raw mackerel","page","item","item|monster","https://oldschool.runescape.wiki/w/Raw_mackerel","2002-02-27",,"true","true","false",1,24,1,38,1,13,0.00009075329326714319,0.00007964848632332442
"page:raw manta ray","Raw manta ray","page","item","item|monster","https://oldschool.runescape.wiki/w/Raw_manta_ray","2003-07-28",,"true","true","false",5,24,8,35.5,5,12,0.00010370107571058175,0.0000932904556722006
"page:raw oomlie","Raw oomlie","page","item","item|monster","https://oldschool.runescape.wiki/w/Raw_oomlie","2003-08-20",,"true","true","false",3,33,8,49.5,2,21,0.0000964405364238141,0.0000828866396046658
"page:raw pike","Raw pike","page","item","item|monster","https://oldschool.runescape.wiki/w/Raw_pike","2001-06-11",,"false","true","false",4,23,7,34,4,12,0.00010598695915941064,0.00009712099443313762
"page:raw rat meat","Raw rat meat","page","item","item|monster","https://oldschool.runescape.wiki/w/Raw_rat_meat","2001-01-04",,"false","true","false",4,25,4,41.5,4,13,0.00009948132353968523,0.00009033742962094671
"page:raw salmon","Raw salmon","page","item","item|monster","https://oldschool.runescape.wiki/w/Raw_salmon","2001-06-11",,"false","true","false",8,20,19,28,7,9,0.00012935226468322516,0.00012051011408574283
"page:raw sardine","Raw sardine","page","item","item|monster","https://oldschool.runescape.wiki/w/Raw_sardine","2001-06-11",,"false","true","false",10,22,24,36,8,11,0.00012595104574850558,0.0001104594905707153
"page:raw sea turtle","Raw sea turtle","page","item","item|monster","https://oldschool.runescape.wiki/w/Raw_sea_turtle","2003-07-28",,"true","true","false",8,22,16,30.5,7,10,0.0001147215554058465,0.00010170991937266186
"page:raw shark","Raw shark","page","item","item|monster","https://oldschool.runescape.wiki/w/Raw_shark","2002-02-27",,"true","true","false",8,32,13,66.5,7,18,0.00011346233257678242,0.00010151550577482409
"page:raw shrimps","Raw shrimps","page","item","item|monster","https://oldschool.runescape.wiki/w/Raw_shrimps","2001-06-11",,"false","true","false",8,20,16,25,7,9,0.00012392444464054278,0.00011270059563814908
"page:raw shrimps (tutorial island)","Raw shrimps (Tutorial Island)","page","item","item","https://oldschool.runescape.wiki/w/Raw_shrimps_(Tutorial_Island)","2004-03-29",,"false","true","false",5,26,5,28,5,15,0.00010084407144244698,0.00008966919329881276
"page:raw swamp paste","Raw swamp paste","page","item","item","https://oldschool.runescape.wiki/w/Raw_swamp_paste","2002-09-09",,"true","true","false",3,27,8,41.5,2,18,0.00009828894198518523,0.00008456266708164827
"page:raw swordfish","Raw swordfish","page","item","item|monster","https://oldschool.runescape.wiki/w/Raw_swordfish","2001-06-11",,"false","true","false",6,27,11,52,5,14,0.00010507138915440566,0.0000915551721838197
"page:raw trout","Raw trout","page","item","item","https://oldschool.runescape.wiki/w/Raw_trout","2001-06-11",,"false","true","false",7,22,15,30,6,11,0.00011581008589461658,0.00010462112887153859
"page:raw tuna","Raw tuna","page","item","item|monster","https://oldschool.runescape.wiki/w/Raw_tuna","2001-06-11",,"false","true","false",7,20,12,27.5,6,8,0.0001099673193478926,0.00009787897183126837
"page:raw ugthanki meat","Raw ugthanki meat","page","item","item|monster","https://oldschool.runescape.wiki/w/Raw_ugthanki_meat","2003-04-14",,"true","true","false",6,24,11,23,5,13,0.00010433365843249159,0.00009206447837745467
"page:recess","recess","page","scenery","scenery","https://oldschool.runescape.wiki/w/Recess","2004-03-09",,"true",,,1,27,4,41.5,1,21,0.00009548022038490686,0.00008408759028361379
"page:recruiter","Recruiter","page","npc","npc","https://oldschool.runescape.wiki/w/Recruiter","2002-08-27",,"true",,,1,21,1,20,1,16,0.0000906394968735674,0.00007929848004953238
"page:red bead","red bead","page","item","item|monster","https://oldschool.runescape.wiki/w/Red_bead","2001-02-16",,"false","true","false",7,19,13,32,7,8,0.0001177663151063542,0.00010996239138494316
"page:red boots","Red boots","page","item","item","https://oldschool.runescape.wiki/w/Red_boots","2004-06-29",,"false","true","true",0,31,0,41,0,18,0.00008884151385506988,0.00007764845047308417
"page:red cape","Red cape","page","item","item|monster","https://oldschool.runescape.wiki/w/Red_cape","2001-01-04",,"false","true","true",5,28,5,30.5,5,12,0.00009937608237141482,0.00009031923659910228
"page:red cog","Red cog","page","item","item","https://oldschool.runescape.wiki/w/Red_cog","2002-06-17",,"true","false","false",1,22,1,36,1,15,0.0000905577703727266,0.00007934078850021054
"page:red d'hide body","Red d'hide body","page","item","item|monster","https://oldschool.runescape.wiki/w/Red_d'hide_body","2004-03-29",,"true","true","true",1,27,1,41.5,1,11,0.00009033285372984733,0.00007982477648765151
"page:red d'hide chaps","Red d'hide chaps","page","item","item|monster","https://oldschool.runescape.wiki/w/Red_d'hide_chaps","2004-03-29",,"true","true","true",1,28,1,36,1,11,0.00009033285372984733,0.00007982477648765151
"page:red d'hide vambraces","Red d'hide vambraces","page","item","item|monster","https://oldschool.runescape.wiki/w/Red_d'hide_vambraces","2004-03-29",,"true","true","true",1,25,1,26.5,1,7,0.00009033285372984733,0.00007982477648765151
"page:red door","Red door","page","scenery","scenery","https://oldschool.runescape.wiki/w/Red_door","2001-09-23",,"false",,,0,32,0,47.5,0,26,0.00008884151385506988,0.00007764845047308417
"page:red dragon","red dragon","page","monster","monster","https://oldschool.runescape.wiki/w/Red_dragon","2002-02-27",,"true",,,3,22,9,24.5,3,9,0.00010686315292851177,0.00009844604334699792
"page:red dragon leather","Red dragon leather","page","item","item","https://oldschool.runescape.wiki/w/Red_dragon_leather","2004-03-29",,"true","true","false",4,34,7,58.5,4,18,0.00010263927373453923,0.00009217380736731259
"page:red dragonhide","Red dragonhide","page","item","item|monster","https://oldschool.runescape.wiki/w/Red_dragonhide","2004-03-29",,"true","true","false",2,25,2,43,2,16,0.00009340716974782414,0.00008267711203940253
"page:red dye","red dye","page","item","item","https://oldschool.runescape.wiki/w/Red_dye","2001-05-08",,"false","true","false",4,26,7,44,4,15,0.00010181390570740406,0.00009325801958070715
"page:red flowers","Red flowers","page","item","item","https://oldschool.runescape.wiki/w/Red_flowers","2004-03-29",,"true","true","true",0,21,0,23,0,8,0.00008884151385506988,0.00007764845047308417
"page:red gloves","Red gloves","page","item","item|monster","https://oldschool.runescape.wiki/w/Red_gloves","2004-06-29",,"false","true","true",0,30,0,33.5,0,16,0.00008884151385506988,0.00007764845047308417
"page:red halloween mask","Red halloween mask","page","item","item","https://oldschool.runescape.wiki/w/Red_halloween_mask","2002-10-31",,"false","true","true",0,17,0,14.5,0,3,0.00008884151385506988,0.00007764845047308417
"page:red hat","Red hat","page","item","item","https://oldschool.runescape.wiki/w/Red_hat","2004-06-29",,"true","true","true",10,29,10,36.5,10,17,0.00010854740773780264,0.00010146249740676927
"page:red headband","Red headband","page","item","item","https://oldschool.runescape.wiki/w/Red_headband","2004-05-05",,"true","true","true",0,22,0,18,0,5,0.00008884151385506988,0.00007764845047308417
"page:red partyhat","Red partyhat","page","item","item","https://oldschool.runescape.wiki/w/Red_partyhat","2001-12-24",,"false","true","true",0,17,0,15,0,4,0.00008884151385506988,0.00007764845047308417
"page:red robe bottoms","Red robe bottoms","page","item","item","https://oldschool.runescape.wiki/w/Red_robe_bottoms","2004-06-29",,"true","true","true",0,30,0,37.5,0,18,0.00008884151385506988,0.00007764845047308417
"page:red robe top","Red robe top","page","item","item","https://oldschool.runescape.wiki/w/Red_robe_top","2004-06-29",,"true","true","true",0,30,0,37.5,0,18,0.00008884151385506988,0.00007764845047308417
"page:red sheep","Red Sheep","page","npc","npc","https://oldschool.runescape.wiki/w/Red_Sheep","2002-08-15",,"true",,,1,19,4,27,1,10,0.0001030383832289631,0.00009465009766624797
"page:red spiders' eggs","Red spiders' eggs","page","item","item|monster","https://oldschool.runescape.wiki/w/Red_spiders'_eggs","2001-02-05",,"false","true","false",13,23,31,37.5,10,13,0.00013058586489790577,0.00011867999612942326
"page:red topaz","Red topaz","page","item","item","https://oldschool.runescape.wiki/w/Red_topaz","2003-01-27",,"true","true","false",5,24,11,32,5,10,0.00010586699034337957,0.00009442519452430194
"category:red topaz","Red topaz","category",,,,,,,,,2,0,1,0,0,0,0.00009110568807939826,0.00007764845047308417
"page:red vine worm","Red vine worm","page","item","item","https://oldschool.runescape.wiki/w/Red_vine_worm","2002-05-28",,"true","false","false",3,24,6,34.5,3,16,0.00009891617304895968,0.00008764505184262135
"page:redbeard frank","Redbeard Frank","page","npc","npc","https://oldschool.runescape.wiki/w/Redbeard_Frank","2001-06-11",,"false",,,3,27,3,51,3,20,0.00009283509334494306,0.00008261220614147971
"page:redberries","Redberries","page","item","item","https://oldschool.runescape.wiki/w/Redberries","2001-02-28",,"false","true","false",6,23,15,21,5,10,0.00011268852555832885,0.00010147326903238985
"page:redberry pie","Redberry pie","page","item","item","https://oldschool.runescape.wiki/w/Redberry_pie","2001-03-17",,"false","true","false",5,29,12,48.5,5,13,0.00010578439558463063,0.00010147755690145848
"page:regal","Regal","page","music","music","https://oldschool.runescape.wiki/w/Regal","2004-03-15",,"false",,,2,7,6,5,2,3,0.00012070409292093976,0.00011298658392237976
"page:reggae","Reggae","page","music","music","https://oldschool.runescape.wiki/w/Reggae","2004-03-15",,"true",,,3,12,12,26,3,8,0.00012341745694984248,0.00011110757657074006
"page:reggae 2","Reggae 2","page","music","music","https://oldschool.runescape.wiki/w/Reggae_2","2004-03-15",,"true",,,2,12,8,21.5,2,7,0.00010656527407313597,0.00009424303364891637
"page:reldo","Reldo","page","npc","npc","https://oldschool.runescape.wiki/w/Reldo","2001-01-04",,"false",,,14,29,21,23,14,14,0.00014180311563434465,0.0001334246761606592
"category:the giant dwarf","The Giant Dwarf","category",,,,,,,,,2,0,1,0,0,0,0.00009241364283654516,0.00007764845047308417
"category:the fall of six","The Fall of Six","category",,,,,,,,,1,0,0.5,0,0,0,0.0000914617888178819,0.00007764845047308417
"page:relic part 1","Relic part 1","page","item","item","https://oldschool.runescape.wiki/w/Relic_part_1","2003-05-07",,"true","false","false",5,20,11,27,5,13,0.00011455782643734709,0.00010427837910178933
"page:relic part 2","Relic part 2","page","item","item","https://oldschool.runescape.wiki/w/Relic_part_2","2003-05-07",,"true","false","false",3,24,6,40,3,17,0.0001035550973444816,0.00009298708961255912
"page:relic part 3","Relic part 3","page","item","item","https://oldschool.runescape.wiki/w/Relic_part_3","2003-05-07",,"true","false","false",2,23,5,33,2,16,0.00009847409467685894,0.00008758116435610518
"page:remsai","Remsai","page","npc","npc","https://oldschool.runescape.wiki/w/Remsai","2002-07-23",,"true",,,2,15,2,21,2,10,0.00009198492766334088,0.00008057527245424156
"page:renegade knight","Renegade knight","page","monster","npc|monster","https://oldschool.runescape.wiki/w/Renegade_knight","2002",,,,,4,26,7,32.5,4,15,0.0001032164544962749,0.00009159987907193763
"page:repaired leak","Repaired leak","page","scenery","scenery","https://oldschool.runescape.wiki/w/Repaired_leak","2003-07-28",,"true",,,0,26,0,31.5,0,20,0.00008884151385506988,0.00007764845047308417
"page:research notes (rune mysteries)","Research notes (Rune Mysteries)","page","item","item","https://oldschool.runescape.wiki/w/Research_notes_(Rune_Mysteries)","2004-03-29",,"false","false","false",2,15,2,18.5,2,7,0.00009383990664649313,0.0000833923559529561
"page:research package","Research package","page","item","item","https://oldschool.runescape.wiki/w/Research_package","2004-03-29",,"false","false","false",1,16,1,19.5,1,8,0.00008992030366616839,0.00007861905610628901
"page:restless ghost","Restless ghost","page","npc","npc","https://oldschool.runescape.wiki/w/Restless_ghost","2001-01-04",,"false",,,2,19,2,37.5,2,13,0.0000940989072382722,0.000083480187661128
"page:restore potion","Restore potion","page","item","item|monster","https://oldschool.runescape.wiki/w/Restore_potion","2002-02-27",,"true","true","false",1,35,4,79,1,17,0.00009235385277492549,0.00008183900177834947
"page:right eye patch","Right eye patch","page","item","item|monster","https://oldschool.runescape.wiki/w/Right_eye_patch","2002-02-27",,"true","true","true",0,24,0,29,0,7,0.00008884151385506988,0.00007764845047308417
"page:righteousness","Righteousness","page","music","music","https://oldschool.runescape.wiki/w/Righteousness","2004-08-24",,"true",,,0,11,0,19.5,0,6,0.00008884151385506988,0.00007764845047308417
"page:rimmington","Rimmington","page","location","location","https://oldschool.runescape.wiki/w/Rimmington","2001-04-06",,"false",,,20,25,87,46,20,17,0.0002783100205529316,0.00027935613231683547
"page:rimmington church","Rimmington church","page","location","location","https://oldschool.runescape.wiki/w/Rimmington_church","2001-04-06",,"false",,,0,17,0,26.5,0,10,0.00008884151385506988,0.00007764845047308417
"page:rimmington general store","Rimmington General Store","page","shop","shop","https://oldschool.runescape.wiki/w/Rimmington_General_Store","2001-04-06",,"false",,,4,20,18,27.5,4,15,0.0001282407939125807,0.00012007778243889537
"page:rimmington mine","Rimmington mine","page","location","location","https://oldschool.runescape.wiki/w/Rimmington_mine","2001-04-06",,"false",,,0,23,0,62.5,0,16,0.00008884151385506988,0.00007764845047308417
"page:ring mould","Ring mould","page","item","item|monster","https://oldschool.runescape.wiki/w/Ring_mould","2001-05-08",,"false","true","false",9,28,18,32.5,7,16,0.00010976792484361457,0.0000978020904808407
"page:ring of dueling","Ring of dueling","page","item","item|monster","https://oldschool.runescape.wiki/w/Ring_of_dueling","2004-04-20",,"true","true","true",7,40,30,57.5,7,13,0.00014196727548186337,0.0001313827124195663
"page:ring of forging","ring of forging","page","item","item","https://oldschool.runescape.wiki/w/Ring_of_forging","2004-04-20",,"false","true","true",4,37,10,59.5,4,14,0.00010098356670180752,0.00009108984022492973
"action:break","Break","action",,,,,,,,,2,0,4,0,0,0,0.00009665303403057401,0.00007764845047308417
"page:ring of life","Ring of life","page","item","item|monster","https://oldschool.runescape.wiki/w/Ring_of_life","2004-04-20",,"true","true","true",0,37,0,50,0,13,0.00008884151385506988,0.00007764845047308417
"action:toggle-respawn","Toggle-respawn","action",,,,,,,,,1,0,2,0,0,0,0.00009186212532614571,0.00007764845047308417
"page:ring of recoil","ring of recoil","page","item","item","https://oldschool.runescape.wiki/w/Ring_of_recoil","2004-04-20",,"true","true","true",4,28,10,38.5,4,9,0.00011156564904975157,0.0001078914501567305
"page:ring of wealth","Ring of wealth","page","item","item","https://oldschool.runescape.wiki/w/Ring_of_wealth","2004-04-20",,"true","true","true",9,36,35,52.5,9,10,0.00014453403349990742,0.0001388128829632356
"action:features","Features","action",,,,,,,,,1,0,2,0,0,0,0.00009352166351126518,0.00007764845047308417
"page:rising sun inn","Rising Sun Inn","page","shop","shop","https://oldschool.runescape.wiki/w/Rising_Sun_Inn","2001-04-06",,"false",,,0,30,0,63.5,0,25,0.00008884151385506988,0.00007764845047308417
"page:river dougne","River Dougne","page","location","location","https://oldschool.runescape.wiki/w/River_Dougne","2002-04-30",,"true",,,1,28,4,40.5,1,21,0.00009732727695550382,0.00008638795412027528
"category:rivers","Rivers","category",,,,,,,,,3,0,1.5,0,0,0,0.00009443130992738,0.00007764845047308417
"page:river lum","River Lum","page","location","location","https://oldschool.runescape.wiki/w/River_Lum","2001-01-04",,"false",,,3,17,10,33.5,3,10,0.00010725987648358102,0.00009501718285674957
"page:river salve","river Salve","page","location","location","https://oldschool.runescape.wiki/w/River_Salve","2003-07-09",,"true",,,12,15,48,26,12,9,0.00019623581504776827,0.0001845797160914886
"page:river troll (random event)","River troll (random event)","page","monster","monster","https://oldschool.runescape.wiki/w/River_troll_(random_event)","2004-03-29","2014-09-11","false",,,0,14,0,9.5,0,5,0.00008884151385506988,0.00007764845047308417
"page:riverside","Riverside","page","music","music","https://oldschool.runescape.wiki/w/Riverside","2004-03-15",,"true",,,0,8,0,5.5,0,3,0.00008884151385506988,0.00007764845047308417
"page:roachey","Roachey","page","npc","npc","https://oldschool.runescape.wiki/w/Roachey","2002-06-17",,"true",,,0,29,0,39.5,0,22,0.00008884151385506988,0.00007764845047308417
"page:roavar","Roavar","page","npc","npc","https://oldschool.runescape.wiki/w/Roavar","2004-06-29",,"true",,,0,19,0,37,0,9,0.00008884151385506988,0.00007764845047308417
"page:robin hood hat","Robin hood hat","page","item","item","https://oldschool.runescape.wiki/w/Robin_hood_hat","2004-05-05",,"true","true","true",0,25,0,30,0,8,0.00008884151385506988,0.00007764845047308417
"page:rock (elemental)","Rock (elemental)","page","item","item|monster","https://oldschool.runescape.wiki/w/Rock_(elemental)","2003-03-03",,"true","false","false",1,24,4,33,1,15,0.00009803745575433542,0.0000905736821959879
"page:rock (limestone)","Rock (limestone)","page","item","item","https://oldschool.runescape.wiki/w/Rock_(limestone)","2004-03-29",,"true","true","false",0,22,0,34,0,8,0.00008884151385506988,0.00007764845047308417
"page:rock (the tourist trap)","Rock (The Tourist Trap)","page","item","item","https://oldschool.runescape.wiki/w/Rock_(The_Tourist_Trap)","2004-03-29",,"true","false","false",9,26,12,26,9,17,0.00011043571333084134,0.00010002766377947782
"page:rock (troll)","Rock (Troll)","page","monster","monster","https://oldschool.runescape.wiki/w/Rock_(Troll)","2004-08-09",,"true",,,1,22,4,32,1,12,0.00009540806053132169,0.00008408759028361379
"page:rock (volencia moss)","rock (volencia moss)","page","scenery","scenery","https://oldschool.runescape.wiki/w/Rock_(volencia_moss)","2002-10-23",,"true",,,1,23,4,39.5,1,12,0.0000933498891850338,0.00008244853651366079
"page:rock cake","Rock cake","page","item","item","https://oldschool.runescape.wiki/w/Rock_cake","2003-05-07",,"true","false","false",14,21,17,36,14,10,0.00012885988272662416,0.00012132864091097258
"action:guzzle","Guzzle","action",,,,,,,,,1,0,2,0,0,0,0.00009492656387272444,0.00007764845047308417
"page:rock golem (monster)","Rock golem (monster)","page","monster","monster","https://oldschool.runescape.wiki/w/Rock_Golem_(monster)","2004-03-29",,"true",,,1,26,4,31.5,1,17,0.00010660981662610416,0.00009650593134677803
"category:enchanted valley","Enchanted Valley","category",,,,,,,,,2,0,1,0,0,0,0.00009104268094438278,0.00007764845047308417
"page:rock of dalgroth","Rock of Dalgroth","page","scenery","scenery","https://oldschool.runescape.wiki/w/Rock_of_Dalgroth","2003-05-07",,"true",,,0,28,0,52,0,20,0.00008884151385506988,0.00007764845047308417
"action:prospect","Prospect","action",,,,,,,,,1,0,2,0,0,0,0.00009174594796187356,0.00007764845047308417
"page:rock pick","Rock pick","page","item","item","https://oldschool.runescape.wiki/w/Rock_pick","2003-07-09",,"true","false","false",13,20,16,27,13,13,0.0001296460350255646,0.0001249036654300689
"page:rock sample","Rock sample","page","item","item","https://oldschool.runescape.wiki/w/Rock_sample","2003-07-09","2006-08-22","true","false","false",0,21,0,21.5,0,13,0.00008884151385506988,0.00007764845047308417
"page:rock skin","Rock Skin","page","prayer","prayer","https://oldschool.runescape.wiki/w/Rock_Skin","2001-05-24",,"false",,,6,17,12,34,6,15,0.0001096608655924504,0.00009627748355775197
"page:rockpile","Rockpile","page","scenery","scenery","https://oldschool.runescape.wiki/w/Rockpile","2003-03-03",,"true",,,0,22,0,20.5,0,16,0.00008884151385506988,0.00007764845047308417
"page:rocks (climbing boots)","Rocks (Climbing boots)","page","scenery","scenery","https://oldschool.runescape.wiki/w/Rocks_(Climbing_boots)","2004-08-24",,"true",,,0,16,0,27,0,9,0.00008884151385506988,0.00007764845047308417
"page:rocks (death plateau)","Rocks (Death Plateau)","page","scenery","scenery","https://oldschool.runescape.wiki/w/Rocks_(Death_Plateau)","2004-08-09",,"true",,,0,20,0,32.5,0,14,0.00008884151385506988,0.00007764845047308417
"page:rocks (karamja volcano)","Rocks (Karamja Volcano)","page","scenery","scenery","https://oldschool.runescape.wiki/w/Rocks_(Karamja_Volcano)","2004-03-29",,"false",,,0,21,0,38.5,0,15,0.00008884151385506988,0.00007764845047308417
"page:rocks (the tourist trap)","Rocks (The Tourist Trap)","page","scenery","scenery","https://oldschool.runescape.wiki/w/Rocks_(The_Tourist_Trap)","2003-04-14",,"true",,,0,27,0,34,0,18,0.00008884151385506988,0.00007764845047308417
"page:rocks (troll arena)","Rocks (Troll arena)","page","scenery","scenery","https://oldschool.runescape.wiki/w/Rocks_(Troll_arena)","2004-08-24",,"true",,,0,14,0,22,0,7,0.00008884151385506988,0.00007764845047308417
"page:rocks (trollheim medium)","Rocks (Trollheim medium)","page","scenery","scenery","https://oldschool.runescape.wiki/w/Rocks_(Trollheim_medium)","2004-08-24",,"true",,,0,14,0,14.5,0,6,0.00008884151385506988,0.00007764845047308417
"category:requests for merging","Requests for merging","category",,,,,,,,,1,0,0.5,0,0,0,0.00009144548926116972,0.00007764845047308417
"page:rocks (wilderness agility course)","Rocks (Wilderness Agility Course)","page","scenery","scenery","https://oldschool.runescape.wiki/w/Rocks_(Wilderness_Agility_Course)","2003-01-28",,"true",,,0,17,0,18,0,10,0.00008884151385506988,0.00007764845047308417
"page:rockslide (underground pass)","Rockslide (Underground Pass)","page","scenery","scenery","https://oldschool.runescape.wiki/w/Rockslide_(Underground_Pass)","2003-03-03",,"true",,,0,20,0,18.5,0,14,0.00008884151385506988,0.00007764845047308417
"page:rocky ledge","Rocky Ledge","page","scenery","scenery","https://oldschool.runescape.wiki/w/Rocky_Ledge","2004-03-09",,"true",,,0,24,0,29.5,0,18,0.00008884151385506988,0.00007764845047308417
"page:rod fishing spot (lure, bait)","Rod Fishing spot (lure, bait)","page","npc","npc","https://oldschool.runescape.wiki/w/Rod_Fishing_spot_(lure%2C_bait)","2001-06-11",,"false",,,0,20,0,32,0,14,0.00008884151385506988,0.00007764845047308417
"action:lure","Lure","action",,,,,,,,,3,0,5.5,0,0,0,0.000098501471684591,0.00007764845047308417
"page:rogue","Rogue","page","monster","monster","https://oldschool.runescape.wiki/w/Rogue","2002-05-08",,"true",,,3,26,6,19,3,12,0.00013028621735790383,0.0001235782136922461
"page:rogue's purse","Rogue's purse","page","item","item","https://oldschool.runescape.wiki/w/Rogue's_purse","2002-10-23",,"true","false","false",4,32,7,55,4,21,0.0001018391984236793,0.00009342414899059526
"page:rogues' castle","Rogues' Castle","page","location","location","https://oldschool.runescape.wiki/w/Rogues'_Castle","2002-05-08",,"true",,,1,11,1,15,1,5,0.00009371346784067605,0.00008314854906124489
"page:romeo","Romeo","page","npc","npc","https://oldschool.runescape.wiki/w/Romeo","2001-01-04",,"false",,,4,20,11,17.5,4,12,0.00010994204452461186,0.00009752265870122657
"page:romeo & juliet","Romeo & Juliet","page","quest","quest","https://oldschool.runescape.wiki/w/Romeo_%26_Juliet","2001-01-04",,"false",,,1,17,4,35,1,13,0.00009465038206867723,0.00008292854511771845
"page:rometti","Rometti","page","npc","npc","https://oldschool.runescape.wiki/w/Rometti","2002-12-12",,"true",,,4,32,16,52,4,24,0.00012039670284192949,0.00011625074152911369
"page:rommik","Rommik","page","npc","npc","https://oldschool.runescape.wiki/w/Rommik","2001-05-08",,"false",,,2,20,9,26.5,2,13,0.00010330188791873076,0.00009084868708466988
"page:rommik's crafty supplies.","Rommik's Crafty Supplies.","page","shop","shop","https://oldschool.runescape.wiki/w/Rommik's_Crafty_Supplies.","2001-05-08",,"false",,,0,23,0,47,0,19,0.00008884151385506988,0.00007764845047308417
"page:rooster","Rooster","page","monster","monster","https://oldschool.runescape.wiki/w/Rooster","2004-08-09",,"true",,,0,21,0,25,0,11,0.00008884151385506988,0.00007764845047308417
"category:rellekka","Rellekka","category",,,,,,,,,2,0,1,0,0,0,0.0000909511472634403,0.00007764845047308417
"page:root (the grand tree)","Root (The Grand Tree)","page","scenery","scenery","https://oldschool.runescape.wiki/w/Root_(The_Grand_Tree)","2002-12-12",,"true",,,0,24,0,35.5,0,18,0.00008884151385506988,0.00007764845047308417
"page:rope","rope","page","item","item|monster","https://oldschool.runescape.wiki/w/Rope","2001-02-28",,"false","true","false",24,31,68,54.5,24,13,0.0001971223925077084,0.000197756096492239
"category:ali morrisane commercial enterprises ltd.","Ali Morrisane Commercial Enterprises Ltd.","category",,,,,,,,,1,0,0.5,0,0,0,0.00009037870682416871,0.00007764845047308417
"page:rope swing (brimhaven agility arena)","Rope swing (Brimhaven Agility Arena)","page","scenery","scenery","https://oldschool.runescape.wiki/w/Rope_swing_(Brimhaven_Agility_Arena)","2004-07-27",,"true",,,0,18,0,25,0,9,0.00008884151385506988,0.00007764845047308417
"action:swing-on","Swing-on","action",,,,,,,,,7,0,13.5,0,0,0,0.00012540896808757145,0.00007764845047308417
"page:rope swing (underground pass, north)","Rope swing (Underground Pass, north)","page","scenery","scenery","https://oldschool.runescape.wiki/w/Rope_swing_(Underground_Pass%2C_north)","2003-03-03",,"true",,,1,32,4,43,1,20,0.00011630161813757742,0.00012164923917836986
"page:ropeswing (barbarian outpost agility course)","Ropeswing (Barbarian Outpost Agility Course)","page","scenery","scenery","https://oldschool.runescape.wiki/w/Ropeswing_(Barbarian_Outpost_Agility_Course)","2002-12-12",,"true",,,0,24,0,32,0,17,0.00008884151385506988,0.00007764845047308417
"page:ropeswing (brimhaven)","Ropeswing (Brimhaven)","page","scenery","scenery","https://oldschool.runescape.wiki/w/Ropeswing_(Brimhaven)","2002-12-12",,"true",,,0,16,0,27,0,9,0.00008884151385506988,0.00007764845047308417
"page:ropeswing (ogre island)","Ropeswing (Ogre island)","page","scenery","scenery","https://oldschool.runescape.wiki/w/Ropeswing_(Ogre_island)","2003-05-07",,"true",,,0,19,0,40,0,12,0.00008884151385506988,0.00007764845047308417
"page:ropeswing (wilderness agility course)","Ropeswing (Wilderness Agility Course)","page","scenery","scenery","https://oldschool.runescape.wiki/w/Ropeswing_(Wilderness_Agility_Course)","2003-01-28",,"true",,,0,17,0,18,0,10,0.00008884151385506988,0.00007764845047308417
"page:rosebush","Rosebush","page","scenery","scenery","https://oldschool.runescape.wiki/w/Rosebush","2004-03-29",,"false",,,0,14,0,29,0,9,0.00008884151385506988,0.00007764845047308417
"page:rotten apple","Rotten apple","page","item","item","https://oldschool.runescape.wiki/w/Rotten_apple","2002-10-23",,"true","false","false",3,30,3,38,3,20,0.00009266123862918912,0.00008184546473791518
"page:rotten food","Rotten food","page","item","item","https://oldschool.runescape.wiki/w/Rotten_food","2004-07-13",,"true","true","false",0,17,0,24,0,10,0.00008884151385506988,0.00007764845047308417
"page:rotten tomato","Rotten tomato","page","item","item","https://oldschool.runescape.wiki/w/Rotten_tomato","2004-03-25",,"true","true","false",6,13,16,9.5,6,3,0.00012707250714277552,0.00011578740718663305
"page:rotting branch","Rotting branch","page","scenery","scenery","https://oldschool.runescape.wiki/w/Rotting_branch","2004-07-13",,"true",,,0,26,0,46.5,0,17,0.00008884151385506988,0.00007764845047308417
"action:take-cutting","Take-cutting","action",,,,,,,,,2,0,3.5,0,0,0,0.0000945254601716104,0.00007764845047308417
"page:rotting log","Rotting log","page","scenery","scenery","https://oldschool.runescape.wiki/w/Rotting_log","2004-07-13",,"true",,,0,26,0,46.5,0,17,0.00008884151385506988,0.00007764845047308417
"page:rotting tree","Rotting tree","page","scenery","scenery","https://oldschool.runescape.wiki/w/Rotting_tree","2004-07-13",,"true",,,0,10,0,19,0,5,0.00008884151385506988,0.00007764845047308417
"page:rowdy guard","Rowdy Guard","page","monster","monster","https://oldschool.runescape.wiki/w/Rowdy_Guard","2003-04-14","2006-10-30","true",,,0,11,0,11.5,0,6,0.00008884151385506988,0.00007764845047308417
"page:rowdy slave","Rowdy slave","page","monster","monster","https://oldschool.runescape.wiki/w/Rowdy_slave","2003-04-14",,"true",,,13,18,22,18,13,12,0.00013710634651754248,0.00013966839392576553
"page:royale","Royale","page","music","music","https://oldschool.runescape.wiki/w/Royale","2004-03-15",,"true",,,1,9,5,14,1,5,0.00010214177143507056,0.0000906148869309207
"page:rubber tube","Rubber tube","page","item","item","https://oldschool.runescape.wiki/w/Rubber_tube","2001-01-21",,"false","false","false",1,27,1,53,1,20,0.0000906394968735674,0.00007943226623140656
"page:ruby","Ruby","page","item","item|monster","https://oldschool.runescape.wiki/w/Ruby","2001-05-08",,"false","true","false",18,32,48,48.5,15,17,0.00014262767775051648,0.00012986616362030233
"page:ruby amulet","Ruby amulet","page","item","item|monster","https://oldschool.runescape.wiki/w/Ruby_amulet","2001-05-08",,"false","true","true",3,46,6,90.5,3,22,0.00009466562442218203,0.00008426072544565893
"page:ruby amulet (u)","Ruby amulet (u)","page","item","item","https://oldschool.runescape.wiki/w/Ruby_amulet_(u)","2001-05-08",,"false","true","false",1,45,1,88.5,1,26,0.000089828641786794,0.00007884847198322831
"page:ruby necklace","Ruby necklace","page","item","item|monster","https://oldschool.runescape.wiki/w/Ruby_necklace","2001-05-08",,"false","true","true",2,41,2,66,2,17,0.00009247829624742053,0.00008171526178604133
"page:ruby ring","Ruby ring","page","item","item|monster","https://oldschool.runescape.wiki/w/Ruby_ring","2001-05-08",,"false","true","true",0,51,0,90.5,0,26,0.00008884151385506988,0.00007764845047308417
"page:rufus","Rufus","page","npc","npc","https://oldschool.runescape.wiki/w/Rufus","2004-06-29",,"true",,,2,26,9,33.5,2,12,0.00011149609988813859,0.00009886311645598977
"page:rufus' meat emporium","Rufus' Meat Emporium","page","shop","shop","https://oldschool.runescape.wiki/w/Rufus'_Meat_Emporium","2004-06-29",,"true",,,0,18,0,30,0,14,0.00008884151385506988,0.00007764845047308417
"page:ruined chompy","Ruined chompy","page","item","item","https://oldschool.runescape.wiki/w/Ruined_chompy","2004-05-18",,"true","true","false",0,32,0,53.5,0,17,0.00008884151385506988,0.00007764845047308417
"page:ruined pillar","Ruined Pillar","page","scenery","scenery","https://oldschool.runescape.wiki/w/Ruined_Pillar","2004-03-29",,"false",,,2,16,5,36,2,11,0.0001148812679160684,0.00011064904200204844
"page:ruined pillar (unused)","Ruined Pillar (unused)","page","scenery","scenery","https://oldschool.runescape.wiki/w/Ruined_Pillar_(unused)","2004-03-29",,"false",,,0,10,0,14.5,0,4,0.00008884151385506988,0.00007764845047308417
"page:ruins (east)","Ruins (east)","page","location","location","https://oldschool.runescape.wiki/w/Ruins_(east)","2002-02-27",,"false",,,2,18,8,22,2,14,0.00010516083605772564,0.00009818253283672554
"page:ruins (west)","Ruins (west)","page","location","location","https://oldschool.runescape.wiki/w/Ruins_(west)","2001-08-13",,"false",,,5,21,8,40,5,17,0.00011756221356809018,0.00011178745930517001
"page:rune 2h sword","rune 2h sword","page","item","item|monster","https://oldschool.runescape.wiki/w/Rune_2h_sword","2001-08-13",,"false","true","true",2,33,8,37,2,10,0.00010589084680544757,0.00010637384875054645
"page:rune arrow","rune arrow","page","item","item|monster","https://oldschool.runescape.wiki/w/Rune_arrow","2002-03-25",,"true","true","true",9,29,20,39.5,8,11,0.0001217935414933957,0.00011267225974928017
"page:rune arrowtips","Rune arrowtips","page","item","item|monster","https://oldschool.runescape.wiki/w/Rune_arrowtips","2002-03-25",,"true","true","false",0,32,0,44,0,15,0.00008884151385506988,0.00007764845047308417
"page:rune axe","rune axe","page","item","item|monster","https://oldschool.runescape.wiki/w/Rune_axe","2001-08-13",,"false","true","true",4,35,14,41.5,4,11,0.00010836714017340271,0.00009828231418982438
"page:rune axe head","Rune axe head","page","item","item","https://oldschool.runescape.wiki/w/Rune_axe_head","2004-03-29","2007-07-17","false","true","false",6,31,6,34.5,6,17,0.00010345708684422755,0.00009576377508519217
"page:rune battleaxe","Rune battleaxe","page","item","item|monster","https://oldschool.runescape.wiki/w/Rune_battleaxe","2001-08-13",,"false","true","true",0,34,0,41,0,11,0.00008884151385506988,0.00007764845047308417
"page:rune chainbody","Rune chainbody","page","item","item|monster","https://oldschool.runescape.wiki/w/Rune_chainbody","2001-07-26",,"false","true","true",4,33,10,48.5,4,11,0.00010627163408517334,0.00010027845708722764
"page:rune claws","Rune claws","page","item","item|monster","https://oldschool.runescape.wiki/w/Rune_claws","2004-08-09",,"true","true","true",0,34,0,37.5,0,10,0.00008884151385506988,0.00007764845047308417
"page:rune dagger","Rune dagger","page","item","item|monster","https://oldschool.runescape.wiki/w/Rune_dagger","2001-08-13",,"false","true","true",1,35,1,34,1,10,0.00009022743624955649,0.00008045412577067453
"page:rune dart","rune dart","page","item","item|monster","https://oldschool.runescape.wiki/w/Rune_dart","2003-04-14",,"true","true","true",2,32,5,35.5,2,10,0.00009830982506645386,0.0000903125258573654
"page:rune dart tip","Rune dart tip","page","item","item|monster","https://oldschool.runescape.wiki/w/Rune_dart_tip","2003-04-14",,"true","true","false",1,31,1,40.5,1,15,0.00009022743624955649,0.00008045412577067453
"page:rune essence","rune essence","page","item","item|monster","https://oldschool.runescape.wiki/w/Rune_essence","2004-03-29",,"false","true","false",11,26,32,39.5,11,14,0.00018988959369467935,0.00019275087001113773
"page:rune essence (music track)","Rune Essence (music track)","page","music","music","https://oldschool.runescape.wiki/w/Rune_Essence_(music_track)","2004-03-15",,"false",,,1,7,5,5,1,3,0.00011963138062609887,0.00011340863126508615
"page:rune essence (rock)","Rune Essence (rock)","page","scenery","scenery","https://oldschool.runescape.wiki/w/Rune_Essence_(rock)","2004-03-29",,"false",,,0,19,0,23,0,12,0.00008884151385506988,0.00007764845047308417
"page:rune essence mine","Rune essence mine","page","location","location","https://oldschool.runescape.wiki/w/Rune_essence_mine","2004-03-29",,"false",,,10,17,27,21.5,10,12,0.0001557605024884404,0.00015986904267689548
"page:rune fire arrow","Rune fire arrow","page","item","item","https://oldschool.runescape.wiki/w/Rune_fire_arrow","2004-04-15",,"true","true","true",0,26,0,31.5,0,12,0.00008884151385506988,0.00007764845047308417
"page:rune full helm","rune full helm","page","item","item|monster","https://oldschool.runescape.wiki/w/Rune_full_helm","2001-08-13",,"false","true","true",6,30,18,33.5,6,8,0.0001252031521616412,0.00012929639509040892
"page:rune full helm (g)","Rune full helm (g)","page","item","item","https://oldschool.runescape.wiki/w/Rune_full_helm_(g)","2004-05-05",,"false","true","true",0,33,0,37,0,14,0.00008884151385506988,0.00007764845047308417
"page:rune full helm (t)","Rune full helm (t)","page","item","item","https://oldschool.runescape.wiki/w/Rune_full_helm_(t)","2004-05-05",,"false","true","true",0,33,0,37,0,14,0.00008884151385506988,0.00007764845047308417
"page:rune javelin","Rune javelin","page","item","item|monster","https://oldschool.runescape.wiki/w/Rune_javelin","2004-03-29",,"true","true","true",1,25,1,29.5,1,7,0.0000906686876566914,0.00007954175364145393
"page:rune kiteshield","rune kiteshield","page","item","item|monster","https://oldschool.runescape.wiki/w/Rune_kiteshield","2001-08-13",,"false","true","true",8,33,20,45.5,8,11,0.00013114587655805644,0.0001374114264884152
"page:rune kiteshield (g)","Rune kiteshield (g)","page","item","item","https://oldschool.runescape.wiki/w/Rune_kiteshield_(g)","2004-05-05",,"false","true","true",0,30,0,34.5,0,12,0.00008884151385506988,0.00007764845047308417
"page:rune kiteshield (t)","Rune kiteshield (t)","page","item","item","https://oldschool.runescape.wiki/w/Rune_kiteshield_(t)","2004-05-05",,"false","true","true",0,30,0,34.5,0,12,0.00008884151385506988,0.00007764845047308417
"page:rune knife","Rune knife","page","item","item|monster","https://oldschool.runescape.wiki/w/Rune_knife","2003-04-14",,"true","true","true",0,31,0,28,0,8,0.00008884151385506988,0.00007764845047308417
"page:rune longsword","Rune longsword","page","item","item|monster","https://oldschool.runescape.wiki/w/Rune_longsword","2001-07-26",,"false","true","true",4,34,7,37.5,4,10,0.00009894723524724475,0.00008792172404113094
"page:rune mace","Rune mace","page","item","item|monster","https://oldschool.runescape.wiki/w/Rune_mace","2001-07-26",,"false","true","true",4,35,7,45,4,12,0.00009886663366683583,0.00008875293525290138
"page:rune med helm","Rune med helm","page","item","item|monster","https://oldschool.runescape.wiki/w/Rune_med_helm","2001-07-26",,"false","true","true",3,28,3,28.5,3,6,0.00009431987476332822,0.00008623756277342085
"page:rune mysteries","Rune Mysteries","page","quest","quest","https://oldschool.runescape.wiki/w/Rune_Mysteries","2004-03-29",,"false",,,0,26,0,70,0,22,0.00008884151385506988,0.00007764845047308417
"page:rune pick head","Rune pick head","page","item","item","https://oldschool.runescape.wiki/w/Rune_pick_head","2004-03-29","2014-09-11","false","true","false",0,28,0,26.5,0,16,0.00008884151385506988,0.00007764845047308417
"page:rune pickaxe","Rune pickaxe","page","item","item|monster","https://oldschool.runescape.wiki/w/Rune_pickaxe","2003-05-27",,"false","true","true",1,29,1,31,1,10,0.00009015482319032024,0.00007894259131735728
"page:rune platebody","rune platebody","page","item","item|monster","https://oldschool.runescape.wiki/w/Rune_platebody","2001-09-23",,"false","true","true",10,36,29,54,10,13,0.00013962053879166002,0.00014331197057421054
"page:rune platebody (g)","Rune platebody (g)","page","item","item","https://oldschool.runescape.wiki/w/Rune_platebody_(g)","2004-05-05",,"false","true","true",0,32,0,39,0,13,0.00008884151385506988,0.00007764845047308417
"page:rune platebody (t)","Rune platebody (t)","page","item","item","https://oldschool.runescape.wiki/w/Rune_platebody_(t)","2004-05-05",,"false","true","true",0,32,0,39,0,13,0.00008884151385506988,0.00007764845047308417
"page:rune platelegs","rune platelegs","page","item","item|monster","https://oldschool.runescape.wiki/w/Rune_platelegs","2001-07-26",,"false","true","true",13,34,38,46.5,13,12,0.00015294721260619216,0.00016539518504924439
"page:rune platelegs (g)","Rune platelegs (g)","page","item","item","https://oldschool.runescape.wiki/w/Rune_platelegs_(g)","2004-05-05",,"false","true","true",0,31,0,35,0,12,0.00008884151385506988,0.00007764845047308417
"page:rune platelegs (t)","Rune platelegs (t)","page","item","item","https://oldschool.runescape.wiki/w/Rune_platelegs_(t)","2004-05-05",,"false","true","true",0,31,0,35,0,12,0.00008884151385506988,0.00007764845047308417
"page:rune plateskirt","Rune plateskirt","page","item","item|monster","https://oldschool.runescape.wiki/w/Rune_plateskirt","2001-07-26",,"false","true","true",3,37,6,56.5,3,15,0.0000974807112723492,0.000085947259955311
"page:rune scimitar","Rune scimitar","page","item","item|monster","https://oldschool.runescape.wiki/w/Rune_scimitar","2001-08-13",,"false","true","true",2,34,5,41,2,11,0.00009769735968217099,0.00009302745830276246
"page:rune spear","Rune spear","page","item","item|monster","https://oldschool.runescape.wiki/w/Rune_spear","2003-04-14",,"true","true","true",1,38,1,39.5,1,12,0.00009022743624955649,0.00008045412577067453
"page:rune sq shield","Rune sq shield","page","item","item|monster","https://oldschool.runescape.wiki/w/Rune_sq_shield","2001-08-13",,"false","true","true",0,29,0,36,0,8,0.00008884151385506988,0.00007764845047308417
"page:rune sword","Rune sword","page","item","item|monster","https://oldschool.runescape.wiki/w/Rune_sword","2001-07-26",,"false","true","true",4,35,7,45,4,12,0.00009886663366683583,0.00008875293525290138
"page:rune thrownaxe","Rune thrownaxe","page","item","item|monster","https://oldschool.runescape.wiki/w/Rune_thrownaxe","2004-03-29",,"true","true","true",1,26,1,28.5,1,8,0.0000906686876566914,0.00007954175364145393
"page:rune warhammer","rune warhammer","page","item","item|monster","https://oldschool.runescape.wiki/w/Rune_warhammer","2004-03-29",,"false","true","true",2,37,8,43.5,2,13,0.00010400477486270941,0.00009301068528128374
"page:runecraft","Runecraft","page","skill","skill","https://oldschool.runescape.wiki/w/Runecraft","2004-03-29",,"false",,,9,15,29,16.5,9,12,0.00020117762118193944,0.00020417015722958427
"page:runecraft level up!","Runecraft Level Up!","page","music","music","https://oldschool.runescape.wiki/w/Runecraft_Level_Up!","2004-03-29",,"false",,,0,8,0,5.5,0,3,0.00008884151385506988,0.00007764845047308417
"page:runecraft level up! (unlocks)","Runecraft Level Up! (Unlocks)","page","music","music","https://oldschool.runescape.wiki/w/Runecraft_Level_Up!_(Unlocks)","2004-03-29",,"false",,,0,9,0,9.5,0,4,0.00008884151385506988,0.00007764845047308417
"page:runescape 2","RuneScape 2","page","article","article","https://oldschool.runescape.wiki/w/RuneScape_2","2004-03-29",,,,,4,8,13,6.5,4,5,0.00019420604312437282,0.00019649676036491247
"category:games","Games","category",,,,,,,,,2,0,1,0,0,0,0.00010796959008624356,0.00007764845047308417
"category:jagex","Jagex","category",,,,,,,,,2,0,1,0,0,0,0.00010796959008624356,0.00007764845047308417
"category:game info","Game info","category",,,,,,,,,1,0,0.5,0,0,0,0.00010153960129014481,0.00007764845047308417
"page:runescape classic","RuneScape Classic","page","article","article","https://oldschool.runescape.wiki/w/RuneScape_Classic","2001-01-04",,,,,6,7,18,9,6,5,0.00013616446862303814,0.00013100176164555126
"page:runite bar","runite bar","page","item","item|monster","https://oldschool.runescape.wiki/w/Runite_bar","2001-08-13",,"false","true","false",2,37,5,64.5,2,18,0.00010516705228738318,0.00009902383367806246
"page:runite ore","Runite ore","page","item","item|monster","https://oldschool.runescape.wiki/w/Runite_ore","2001-08-13",,"false","true","false",2,27,9,30.5,2,13,0.00011715974639640578,0.00011064904200204844
"page:runite rocks","Runite rocks","page","scenery","scenery","https://oldschool.runescape.wiki/w/Runite_rocks","2001-08-13",,"false",,,0,14,0,24,0,5,0.00008884151385506988,0.00007764845047308417
"page:rusty anchor inn","Rusty Anchor Inn","page","shop","shop","https://oldschool.runescape.wiki/w/Rusty_Anchor_Inn","2001-04-06",,"false",,,0,26,0,41,0,20,0.00008884151385506988,0.00007764845047308417
"page:rusty sword","Rusty sword","page","item","item|monster","https://oldschool.runescape.wiki/w/Rusty_sword","2003-07-09",,"true","false","false",2,29,5,39.5,2,17,0.0000932414904611583,0.00008236728167850578
"page:saba","Saba","page","npc","npc","https://oldschool.runescape.wiki/w/Saba","2004-08-09",,"true",,,7,20,7,32,7,13,0.00010108654755299783,0.00009038640418687154
"page:sabeil","Sabeil","page","npc","npc","https://oldschool.runescape.wiki/w/Sabeil","2004-03-25",,"false",,,1,13,1,12,1,8,0.00009163837632828823,0.00008064850424844456
"page:sabreen","Sabreen","page","npc","npc","https://oldschool.runescape.wiki/w/Sabreen","2004-03-25",,"false",,,4,15,7,18,4,9,0.00011107917842903488,0.00010333335532358956
"page:sacks (digsite)","sacks (Digsite)","page","scenery","scenery","https://oldschool.runescape.wiki/w/Sacks_(Digsite)","2003-07-09",,"true",,,1,14,4,22.5,1,8,0.00010267545700347574,0.00009323058420239723
"page:sacks (holy grail)","Sacks (Holy Grail)","page","scenery","scenery","https://oldschool.runescape.wiki/w/Sacks_(Holy_Grail)","2002-07-23",,"true",,,1,30,4,46.5,1,23,0.0000945044073189948,0.00008316581782045977
"page:sacks (murder mystery)","Sacks (Murder Mystery)","page","scenery","scenery","https://oldschool.runescape.wiki/w/Sacks_(Murder_Mystery)","2003-06-09",,"true",,,0,26,0,34.5,0,20,0.00008884151385506988,0.00007764845047308417
"page:sacred water","sacred water","page","scenery","scenery","https://oldschool.runescape.wiki/w/Sacred_water","2004-03-09",,"true",,,1,25,4,33.5,1,19,0.00009257066381936101,0.00008141994664782294
"page:sad meadow","Sad Meadow","page","music","music","https://oldschool.runescape.wiki/w/Sad_Meadow","2004-03-15",,"true",,,3,12,11,20,3,6,0.00011573595152396847,0.00010370671521974497
"page:sailing journey","Sailing Journey","page","music","music","https://oldschool.runescape.wiki/w/Sailing_Journey","2004-03-29",,"false",,,0,9,0,6,0,3,0.00008884151385506988,0.00007764845047308417
"page:sails (windmill)","Sails (windmill)","page","scenery","scenery","https://oldschool.runescape.wiki/w/Sails_(windmill)","2001-01-04",,"false",,,0,15,0,27,0,6,0.00008884151385506988,0.00007764845047308417
"page:salarin the twisted","Salarin the twisted","page","monster","monster","https://oldschool.runescape.wiki/w/Salarin_the_twisted","2002-12-12",,"true",,,3,28,12,34.5,3,17,0.00013736994010267033,0.00013617089341705197
"page:salmon","Salmon","page","item","item|monster","https://oldschool.runescape.wiki/w/Salmon","2001-06-11",,"false","true","false",4,37,4,62.5,4,18,0.00009411914021805034,0.00008389469090829352
"page:salve graveyard","Salve Graveyard","page","location","location","https://oldschool.runescape.wiki/w/Salve_Graveyard","2004-07-13",,"true",,,0,13,0,24,0,9,0.00008884151385506988,0.00007764845047308417
"page:salve island","Salve Island","page","location","location","https://oldschool.runescape.wiki/w/Salve_Island","2003-07-09","2005-08-30","true",,,0,11,0,19,0,5,0.00008884151385506988,0.00007764845047308417
"page:sammy servil","Sammy Servil","page","npc","npc","https://oldschool.runescape.wiki/w/Sammy_Servil","2002-07-23",,"true",,,3,27,6,51.5,3,21,0.00009755758670086147,0.00008600076737060767
"page:san tojalon","San Tojalon","page","monster","monster","https://oldschool.runescape.wiki/w/San_Tojalon","2003-08-20",,"true",,,18,25,21,36.5,18,18,0.00012282264010825568,0.0001124961348047894
"page:sand (pile)","Sand (pile)","page","scenery","scenery","https://oldschool.runescape.wiki/w/Sand_(pile)","2004-03-29",,"true",,,0,19,0,30.5,0,6,0.00008884151385506988,0.00007764845047308417
"page:sand pit","Sand pit","page","scenery","scenery","https://oldschool.runescape.wiki/w/Sand_pit","2002-03-18",,"true",,,0,37,0,63,0,13,0.00008884151385506988,0.00007764845047308417
"category:dorgesh-kaan","Dorgesh-Kaan","category",,,,,,,,,1,0,0.5,0,0,0,0.00008944084152790239,0.00007764845047308417
"category:sandy's sand corp","Sandy's Sand Corp","category",,,,,,,,,1,0,0.5,0,0,0,0.00008944084152790239,0.00007764845047308417
"page:sanfew","Sanfew","page","npc","npc","https://oldschool.runescape.wiki/w/Sanfew","2002-02-27",,"true",,,6,34,6,37.5,6,24,0.00011239489018721258,0.00011520771010367331
"page:santa hat","Santa hat","page","item","item","https://oldschool.runescape.wiki/w/Santa_hat","2002-12-25",,"false","true","true",0,17,0,15,0,4,0.00008884151385506988,0.00007764845047308417
"page:sapphire","Sapphire","page","item","item|monster","https://oldschool.runescape.wiki/w/Sapphire","2001-05-08",,"false","true","false",16,26,43,30,13,10,0.00014040978500825797,0.00012758591566996253
"page:sapphire amulet","Sapphire amulet","page","item","item","https://oldschool.runescape.wiki/w/Sapphire_amulet","2001-05-08",,"false","true","true",3,41,6,74,3,18,0.00009528745924922843,0.00008518346925771026
"page:sapphire amulet (u)","Sapphire amulet (u)","page","item","item","https://oldschool.runescape.wiki/w/Sapphire_amulet_(u)","2001-05-08",,"false","true","false",0,42,0,76.5,0,25,0.00008884151385506988,0.00007764845047308417
"page:sapphire necklace","Sapphire necklace","page","item","item|monster","https://oldschool.runescape.wiki/w/Sapphire_necklace","2001-05-08",,"false","true","true",3,43,3,70.5,3,18,0.00009376915585044438,0.00008371529763628158
"page:sapphire ring","Sapphire ring","page","item","item|monster","https://oldschool.runescape.wiki/w/Sapphire_ring","2001-05-08",,"false","true","true",0,45,0,72.5,0,20,0.00008884151385506988,0.00007764845047308417
"page:saradomin cape","Saradomin cape","page","item","item","https://oldschool.runescape.wiki/w/Saradomin_cape","2003-09-22",,"true","false","true",6,22,9,33,6,9,0.00010328546178371462,0.00009160803489423436
"page:saradomin full helm","Saradomin full helm","page","item","item","https://oldschool.runescape.wiki/w/Saradomin_full_helm","2004-05-05",,"false","true","true",1,34,4,38,1,15,0.00009526834677225248,0.0000856485938740452
"page:saradomin kiteshield","Saradomin kiteshield","page","item","item","https://oldschool.runescape.wiki/w/Saradomin_kiteshield","2004-05-05",,"false","true","true",1,30,4,34.5,1,12,0.00009526834677225248,0.0000856485938740452
"page:saradomin platebody","Saradomin platebody","page","item","item","https://oldschool.runescape.wiki/w/Saradomin_platebody","2004-05-05",,"false","true","true",1,32,4,43,1,13,0.00009526834677225248,0.0000856485938740452
"page:saradomin platelegs","Saradomin platelegs","page","item","item","https://oldschool.runescape.wiki/w/Saradomin_platelegs","2004-05-05",,"false","true","true",0,34,0,47,0,15,0.00008884151385506988,0.00007764845047308417
"page:saradomin staff","Saradomin staff","page","item","item","https://oldschool.runescape.wiki/w/Saradomin_staff","2003-09-22",,"true","false","true",6,29,9,45,6,14,0.0001044590628681707,0.00009260517595135013
"page:saradomin strike","Saradomin Strike","page","spell","spell","https://oldschool.runescape.wiki/w/Saradomin_Strike","2003-09-22",,"true",,,4,26,4,45,4,20,0.00009544482901659261,0.000084095511112623
"page:sardine","Sardine","page","item","item|monster","https://oldschool.runescape.wiki/w/Sardine","2001-06-11",,"false","true","false",4,33,4,53.5,4,16,0.00009431249753278292,0.00008449134662840498
"page:sbott","Sbott","page","npc","npc","https://oldschool.runescape.wiki/w/Sbott","2004-06-29",,"true",,,0,21,0,27.5,0,14,0.00008884151385506988,0.00007764845047308417
"page:scaffold","Scaffold","page","scenery","scenery","https://oldschool.runescape.wiki/w/Scaffold","2004-03-29",,"false",,,0,11,0,17,0,4,0.00008884151385506988,0.00007764845047308417
"page:scape cave","Scape Cave","page","music","music","https://oldschool.runescape.wiki/w/Scape_Cave","2004-03-15",,"false",,,2,8,10,9,2,4,0.00011687227743209939,0.00010511939938900399
"page:scape original","Scape Original","page","music","music","https://oldschool.runescape.wiki/w/Scape_Original","2004-03-15",,"false",,,0,8,0,9,0,4,0.00008884151385506988,0.00007764845047308417
"page:scape sad","Scape Sad","page","music","music","https://oldschool.runescape.wiki/w/Scape_Sad","2004-03-15",,"false",,,0,9,0,9.5,0,4,0.00008884151385506988,0.00007764845047308417
"page:scape soft","Scape Soft","page","music","music","https://oldschool.runescape.wiki/w/Scape_Soft","2004-03-19",,"false",,,1,17,4,53.5,1,12,0.00009858542182628223,0.00008675206192935017
"page:scape wild","Scape Wild","page","music","music","https://oldschool.runescape.wiki/w/Scape_Wild","2004-03-15",,"false",,,0,9,0,13,0,5,0.00008884151385506988,0.00007764845047308417
"page:scared skavid","Scared skavid","page","npc","npc","https://oldschool.runescape.wiki/w/Scared_skavid","2003-05-07",,"true",,,13,22,13,29,13,15,0.00012096828371492477,0.0001131676554468577
"page:scavvo","Scavvo","page","npc","npc","https://oldschool.runescape.wiki/w/Scavvo","2001-07-26",,"false",,,5,34,12,76.5,5,27,0.00011552687227601362,0.00010271507626225256
"page:scavvo's rune store.","Scavvo's Rune Store.","page","shop","shop","https://oldschool.runescape.wiki/w/Scavvo's_Rune_Store.","2001-07-26",,"false",,,0,22,0,34,0,18,0.00008884151385506988,0.00007764845047308417
"page:scorched earth","Scorched earth","page","scenery","scenery","https://oldschool.runescape.wiki/w/Scorched_earth","2002-10-23",,"true",,,0,22,0,31.5,0,11,0.00008884151385506988,0.00007764845047308417
"page:scoreboard (duel arena)","Scoreboard (Duel Arena)","page","scenery","scenery","https://oldschool.runescape.wiki/w/Scoreboard_(Duel_Arena)","2004-03-25",,"false",,,0,22,0,27,0,15,0.00008884151385506988,0.00007764845047308417
"action:view","View","action",,,,,,,,,2,0,4,0,0,0,0.00010198676747919617,0.00007764845047308417
"page:scorpion","Scorpion","page","monster","monster","https://oldschool.runescape.wiki/w/Scorpion","2001-01-04",,"true",,,1,21,8,16.5,1,6,0.00011207698670949933,0.00009964884482572701
"page:scorpion cage","Scorpion cage","page","item","item","https://oldschool.runescape.wiki/w/Scorpion_cage","2002-03-25",,"true","false","false",2,17,2,21,2,10,0.00009456145527800966,0.00008394821844426851
"page:scorpion catcher","Scorpion Catcher","page","quest","quest","https://oldschool.runescape.wiki/w/Scorpion_Catcher","2002-03-25",,"true",,,8,27,32,85,8,23,0.0001689769408152219,0.0001645813049006999
"page:scorpion pit","Scorpion Pit","page","location","location","https://oldschool.runescape.wiki/w/Scorpion_Pit","2002-05-08",,"true",,,0,18,0,26,0,14,0.00008884151385506988,0.00007764845047308417
"page:scrawled note","Scrawled note","page","item","item","https://oldschool.runescape.wiki/w/Scrawled_note","2003-08-20",,"true","false","false",13,28,13,33.5,13,19,0.00010937426793999758,0.00009889115273801084
"page:screen","Screen","page","scenery","scenery","https://oldschool.runescape.wiki/w/Screen","2004-03-03",,"false",,,0,9,0,14,0,4,0.00008884151385506988,0.00007764845047308417
"page:scrumpled note","Scrumpled note","page","item","item","https://oldschool.runescape.wiki/w/Scrumpled_note","2003-08-20",,"true","false","false",10,30,10,38.5,10,21,0.00010462886847841844,0.0000936443910168041
"page:scrumpled paper","Scrumpled paper","page","item","item","https://oldschool.runescape.wiki/w/Scrumpled_paper","2003-04-14",,"true","false","false",1,11,1,10,1,3,0.00009284287457283484,0.00008278072198528332
"page:scythe (halloween event)","Scythe (Halloween event)","page","item","item","https://oldschool.runescape.wiki/w/Scythe_(Halloween_event)","2003-10-31",,"false","false","true",1,21,4,20,1,8,0.00009880866714862854,0.00009415456650632355
"combat_style:scythe","Scythe","combat_style",,,,,,,,,1,0,1.5,0,0,0,0.00009514056638580196,0.00007764845047308417
"page:sea shanty","Sea Shanty","page","music","music","https://oldschool.runescape.wiki/w/Sea_Shanty","2004-03-15",,"false",,,0,12,0,31,0,8,0.00008884151385506988,0.00007764845047308417
"page:sea shanty 2","Sea Shanty 2","page","music","music","https://oldschool.runescape.wiki/w/Sea_Shanty_2","2004-03-15",,"false",,,0,12,0,20,0,6,0.00008884151385506988,0.00007764845047308417
"page:sea slug","Sea Slug","page","quest","quest","https://oldschool.runescape.wiki/w/Sea_Slug","2002-09-09",,"true",,,4,22,20,39,3,18,0.00012950631851849884,0.00012041588374655614
"page:sea slug (item)","Sea slug (item)","page","item","item","https://oldschool.runescape.wiki/w/Sea_slug_(item)","2002-09-09",,"true","false","false",1,25,1,39,1,16,0.00009096870503188384,0.00008079136395203315
"page:sea slug (race)","Sea slug (race)","page","npc","npc","https://oldschool.runescape.wiki/w/Sea_slug_(race)","2004-04-26",,"true",,,0,26,0,35.5,0,13,0.00008884151385506988,0.00007764845047308417
"category:races","Races","category",,,,,,,,,2,0,1,0,0,0,0.00009177222394115658,0.00007764845047308417
"page:sea turtle","Sea turtle","page","item","item|monster","https://oldschool.runescape.wiki/w/Sea_turtle","2003-07-28",,"true","true","false",0,35,0,49.5,0,18,0.00008884151385506988,0.00007764845047308417
"page:sealed letter","Sealed letter","page","item","item","https://oldschool.runescape.wiki/w/Sealed_letter","2003-07-09",,"true","false","false",9,20,9,21,9,13,0.00011210960690532634,0.00010328462647815963
"page:seaman lorris","Seaman Lorris","page","npc","npc","https://oldschool.runescape.wiki/w/Seaman_Lorris","2001-06-12",,"false",,,2,30,5,52.5,2,15,0.00009540806053132169,0.00008611014060871602
"page:seaman thresnor","Seaman Thresnor","page","npc","npc","https://oldschool.runescape.wiki/w/Seaman_Thresnor","2001-06-12",,"false",,,0,32,0,57.5,0,17,0.00008884151385506988,0.00007764845047308417
"page:seasoned chompy","Seasoned chompy","page","item","item","https://oldschool.runescape.wiki/w/Seasoned_chompy","2004-05-18",,"true","false","false",2,28,2,44.5,2,20,0.0000929603203167923,0.00008205157563341245
"page:seasoned legs","Seasoned legs","page","item","item","https://oldschool.runescape.wiki/w/Seasoned_legs","2004-03-29","2006-08-07","true","false","false",1,33,4,43,1,23,0.00009620885890647434,0.0000856485938740452
"page:seasoned sardine","Seasoned sardine","page","item","item","https://oldschool.runescape.wiki/w/Seasoned_sardine","2003-07-28",,"true","true","false",2,28,2,55,2,17,0.00009259621521671011,0.00008140919435703321
"page:seaweed","seaweed","page","item","item|monster","https://oldschool.runescape.wiki/w/Seaweed","2002-03-18",,"true","true","false",3,23,6,27.5,3,11,0.00010249387178716314,0.0000920040517564487
"page:secret door","Secret Door","page","scenery","scenery","https://oldschool.runescape.wiki/w/Secret_Door","2004-08-24",,"true",,,0,9,0,14,0,4,0.00008884151385506988,0.00007764845047308417
"page:secret way map","Secret way map","page","item","item","https://oldschool.runescape.wiki/w/Secret_way_map","2004-08-09",,"true","false","false",5,25,5,38.5,5,17,0.0000975155927533589,0.00008622079677519656
"page:seer","Seer","page","npc","npc","https://oldschool.runescape.wiki/w/Seer","2002-03-25",,"true",,,4,16,8,28.5,4,10,0.00013185619561128416,0.00012404077013662798
"page:seers' village","Seers' Village","page","location","location","https://oldschool.runescape.wiki/w/Seers'_Village","2002-03-25",,"true",,,18,19,67,38,17,13,0.00026811871274663127,0.0002690871216506146
"page:seers' village bank","Seers' Village bank","page","location","location","https://oldschool.runescape.wiki/w/Seers'_Village_bank","2002-03-28",,"true",,,1,15,1,23.5,1,10,0.0000925251863807721,0.0000815308730059035
"page:seers' village church","Seers' Village church","page","location","location","https://oldschool.runescape.wiki/w/Seers'_Village_church","2002-03-25",,"true",,,0,17,0,20.5,0,10,0.00008884151385506988,0.00007764845047308417
"page:senntisten","Senntisten","page","location","location","https://oldschool.runescape.wiki/w/Senntisten","2003-07-09",,"true",,,4,21,15,25,4,15,0.00020419671025348932,0.00020364296801427244
"page:seravel","Seravel","page","npc","npc","https://oldschool.runescape.wiki/w/Seravel","2003-01-27",,"true",,,7,17,10,21.5,7,11,0.00011034904205754286,0.00009957666675910971
"page:serenade","Serenade","page","music","music","https://oldschool.runescape.wiki/w/Serenade","2004-03-15",,"false",,,0,9,0,14,0,5,0.00008884151385506988,0.00007764845047308417
"page:serene","Serene","page","music","music","https://oldschool.runescape.wiki/w/Serene","2004-03-15",,"false",,,0,10,0,19,0,6,0.00008884151385506988,0.00007764845047308417
"page:sergeant","Sergeant","page","npc","npc","https://oldschool.runescape.wiki/w/Sergeant","2004-08-09",,"true",,,2,20,2,26,2,15,0.00009298652525362798,0.00008189852665484472
"page:servant (burthorpe)","Servant (Burthorpe)","page","monster","monster","https://oldschool.runescape.wiki/w/Servant_(Burthorpe)","2004-08-09",,"true",,,2,20,2,23,2,14,0.00009298652525362798,0.00008189852665484472
"page:seven priestly warriors","Seven Priestly Warriors","page","article","article","https://oldschool.runescape.wiki/w/Seven_Priestly_Warriors","2004-06-29",,,,,0,19,0,38.5,0,12,0.00008884151385506988,0.00007764845047308417
"category:characters that do not appear in-game","Characters that do not appear in-game","category",,,,,,,,,1,0,0.5,0,0,0,0.00008982223186515943,0.00007764845047308417
"page:sewer valve","Sewer valve","page","scenery","scenery","https://oldschool.runescape.wiki/w/Sewer_valve","2002-08-15",,"true",,,0,29,0,45.5,0,22,0.00008884151385506988,0.00007764845047308417
"action:turn-left","Turn-left","action",,,,,,,,,1,0,2,0,0,0,0.00009216086711998837,0.00007764845047308417
"action:turn-right","Turn-right","action",,,,,,,,,1,0,2,0,0,0,0.00009216086711998837,0.00007764845047308417
"page:sextant","sextant","page","item","item","https://oldschool.runescape.wiki/w/Sextant","2004-05-05",,"true","false","false",1,24,8,62.5,1,14,0.00009711716172103104,0.00008630434333314037
"action:look through","Look through","action",,,,,,,,,1,0,2,0,0,0,0.00009148310065388543,0.00007764845047308417
"page:shade","shade","page","monster","monster|prayer","https://oldschool.runescape.wiki/w/Shade","2004-03-29",,"false",,,2,22,8,21,2,8,0.00010832932979749458,0.0001054384222869488
"page:shade robe","Shade robe","page","item","item|monster|prayer","https://oldschool.runescape.wiki/w/Shade_robe","2004-03-29",,"false","true","true",0,22,0,31,0,7,0.00008884151385506988,0.00007764845047308417
"page:shade robe top","Shade robe top","page","item","item|monster|prayer","https://oldschool.runescape.wiki/w/Shade_robe_top","2004-03-29",,"false","true","true",0,22,0,31,0,7,0.00008884151385506988,0.00007764845047308417
"page:shadow spider","Shadow spider","page","monster","monster","https://oldschool.runescape.wiki/w/Shadow_spider","2002-05-08",,"true",,,2,17,6,14.5,2,6,0.00009781362713549312,0.00008625730043716181
"page:shadow warrior","Shadow warrior","page","monster","monster","https://oldschool.runescape.wiki/w/Shadow_warrior","2003-08-20",,"true",,,1,21,1,19,1,11,0.00009057749745913643,0.00007958966173949382
"page:shaman caves","Shaman Caves","page","location","location","https://oldschool.runescape.wiki/w/Shaman_Caves","2003-08-20",,"true",,,8,34,31,78,8,30,0.0001340901368725385,0.00012450759409069693
"page:shaman robe","Shaman robe","page","item","item","https://oldschool.runescape.wiki/w/Shaman_robe","2003-05-07",,"true","false","false",4,22,4,27,4,14,0.00009946255466090637,0.00008940591233572623
"page:shaman's tome","Shaman's tome","page","item","item","https://oldschool.runescape.wiki/w/Shaman's_tome","2003-08-20",,"true","false","false",11,34,11,48,11,24,0.00010520133954681582,0.00009431920091696676
"page:shamus","Shamus","page","npc","npc","https://oldschool.runescape.wiki/w/Shamus","2002-02-27",,"true",,,7,18,10,30.5,7,12,0.00010922631030310491,0.0000979226167113583
"page:shantay","Shantay","page","npc","npc","https://oldschool.runescape.wiki/w/Shantay","2003-04-14",,"false",,,8,27,31,33,8,18,0.0001553469455130298,0.00014491119494473164
"action:buy-pass","Buy-pass","action",,,,,,,,,1,0,2,0,0,0,0.0000968442352905998,0.00007764845047308417
"page:shantay disclaimer","Shantay disclaimer","page","item","item","https://oldschool.runescape.wiki/w/Shantay_disclaimer","2003-04-14","2007-07-17","true","false","false",0,17,0,16,0,9,0.00008884151385506988,0.00007764845047308417
"page:shantay guard","Shantay Guard","page","monster","monster","https://oldschool.runescape.wiki/w/Shantay_Guard","2003-04-14",,"false",,,0,16,0,16,0,10,0.00008884151385506988,0.00007764845047308417
"page:shantay pass","Shantay Pass","page","location","location","https://oldschool.runescape.wiki/w/Shantay_Pass","2003-04-14",,"false",,,12,17,45,28,10,13,0.00016620223765781889,0.00015026394669431347
"page:shantay pass (item)","Shantay pass (item)","page","item","item","https://oldschool.runescape.wiki/w/Shantay_pass_(item)","2003-04-14",,"true","true","false",3,21,10,34,3,14,0.00010347169617338856,0.00009318581710509686
"page:shantay pass (scenery)","Shantay pass (scenery)","page","scenery","scenery","https://oldschool.runescape.wiki/w/Shantay_pass_(scenery)","2003-04-14",,"false",,,0,25,0,40,0,14,0.00008884151385506988,0.00007764845047308417
"category:ruins of unkah","Ruins of Unkah","category",,,,,,,,,1,0,0.5,0,0,0,0.00008978545493978107,0.00007764845047308417
"action:go-through","Go-through","action",,,,,,,,,1,0,2,0,0,0,0.00009261727819391465,0.00007764845047308417
"page:shantay pass shop","Shantay Pass Shop","page","shop","shop","https://oldschool.runescape.wiki/w/Shantay_Pass_Shop","2003-04-14",,"true",,,0,29,0,47.5,0,23,0.00008884151385506988,0.00007764845047308417
"page:shark","Shark","page","item","item|monster","https://oldschool.runescape.wiki/w/Shark","2002-02-27",,"true","true","false",1,29,4,50.5,1,12,0.00009543340207850815,0.00008371514475587681
"page:shark (ocean)","Shark (ocean)","page","npc","npc","https://oldschool.runescape.wiki/w/Shark_(ocean)","2004-03-29",,"true",,,0,9,0,16.5,0,4,0.00008884151385506988,0.00007764845047308417
"category:non-player characters with a combat level","Non-player characters with a combat level","category",,,,,,,,,2,0,1,0,0,0,0.00009161392822974612,0.00007764845047308417
"page:shears","Shears","page","item","item|monster","https://oldschool.runescape.wiki/w/Shears","2001-01-04",,"false","true","false",24,19,34,17.5,24,7,0.00018100904751120446,0.00017523290344607988
"page:shed (lumbridge swamp)","Shed (Lumbridge Swamp)","page","location","location","https://oldschool.runescape.wiki/w/Shed_(Lumbridge_Swamp)","2002-02-27",,"true",,,1,24,4,37.5,1,17,0.000099037626775068,0.00008776050676547869
"page:sheep","Sheep","page","npc","npc","https://oldschool.runescape.wiki/w/Sheep","2001-01-04",,"false",,,6,15,26,18,6,9,0.0001326507820272251,0.00011963460004355136
"page:sheep bones (1)","Sheep bones (1)","page","item","item|prayer","https://oldschool.runescape.wiki/w/Sheep_bones_(1)","2002-08-15",,"true","false","false",6,22,6,25,6,13,0.00010438874539613336,0.00009500920457778853
"page:sheep bones (2)","Sheep bones (2)","page","item","item|prayer","https://oldschool.runescape.wiki/w/Sheep_bones_(2)","2002-08-15",,"true","false","false",5,23,5,26,5,14,0.00010108407375416588,0.00009113592764052714
"page:sheep bones (3)","Sheep bones (3)","page","item","item|prayer","https://oldschool.runescape.wiki/w/Sheep_bones_(3)","2002-08-15",,"true","false","false",4,24,4,27,4,15,0.0000979989224905699,0.00008759059406061712
"page:sheep bones (4)","sheep bones (4)","page","item","item|prayer","https://oldschool.runescape.wiki/w/Sheep_bones_(4)","2002-08-15",,"true","false","false",4,24,7,24,4,15,0.00010004923696128946,0.00008900471555305586
"page:sheep feed","Sheep feed","page","item","item","https://oldschool.runescape.wiki/w/Sheep_feed","2002-08-15",,"true","false","false",3,24,6,28,3,17,0.00009710151247542447,0.0000858326397276395
"page:sheep herder","Sheep Herder","page","quest","quest","https://oldschool.runescape.wiki/w/Sheep_Herder","2002-08-15",,"true",,,2,30,9,68,2,26,0.0001014273949845525,0.00009028697488843218
"page:sheep shearer","Sheep Shearer","page","quest","quest","https://oldschool.runescape.wiki/w/Sheep_Shearer","2001-01-04",,"false",,,0,20,0,43,0,16,0.00008884151385506988,0.00007764845047308417
"page:shield left half","shield left half","page","item","item|monster","https://oldschool.runescape.wiki/w/Shield_left_half","2003-08-20",,"true","true","false",2,20,5,28.5,2,8,0.00010190170101332543,0.00009173147200858476
"page:shield of arrav","Shield of Arrav","page","quest","quest","https://oldschool.runescape.wiki/w/Shield_of_Arrav","2001-01-04",,"false",,,7,22,31,36,7,18,0.00014219304375426026,0.00013147650744384636
"page:shield right half","Shield right half","page","item","item","https://oldschool.runescape.wiki/w/Shield_right_half","2003-08-20",,"true","true","false",1,20,1,29.5,1,12,0.00009065306380425475,0.00007952765082443835
"page:shilo village","Shilo Village","page","quest","quest","https://oldschool.runescape.wiki/w/Shilo_Village","2003-01-27",,"true",,,44,48,184,159.5,44,43,0.000415653308020116,0.0004115138197582379
"page:shilo village (location)","Shilo Village (location)","page","location","location","https://oldschool.runescape.wiki/w/Shilo_Village_(location)","2003-01-27",,"true",,,28,23,119,33,28,15,0.0002794540908936103,0.0002690141332441474
"page:shilo village bank","Shilo Village bank","page","location","location","https://oldschool.runescape.wiki/w/Shilo_Village_bank","2003-01-27",,"true",,,1,24,4,39.5,1,19,0.00009515573666778574,0.00008396805052045507
"page:shilo village mine","Shilo Village mine","page","location","location","https://oldschool.runescape.wiki/w/Shilo_Village_mine","2003-01-27",,"true",,,2,28,2,59,2,22,0.00009257764918044585,0.0000815042533489934
"page:shilop","Shilop","page","npc","npc","https://oldschool.runescape.wiki/w/Shilop","2003-07-28",,"true",,,3,25,9,39,3,18,0.00010227818881381822,0.00009042867955611942
"page:shimmering field","Shimmering field","page","scenery","scenery","https://oldschool.runescape.wiki/w/Shimmering_field","2004-03-09",,"true",,,0,31,0,45.5,0,25,0.00008884151385506988,0.00007764845047308417
"action:walk-through","Walk-through","action",,,,,,,,,2,0,4,0,0,0,0.00009524312372312697,0.00007764845047308417
"page:shine","Shine","page","guide","guide|music","https://oldschool.runescape.wiki/w/Shine","2004-03-15",,"false",,,0,8,0,5.5,0,3,0.00008884151385506988,0.00007764845047308417
"category:mage training arena","Mage Training Arena","category",,,,,,,,,1,0,0.5,0,0,0,0.00009570653992569676,0.00007764845047308417
"page:shining","Shining","page","music","music","https://oldschool.runescape.wiki/w/Shining","2004-03-19",,"false",,,0,9,0,13,0,5,0.00008884151385506988,0.00007764845047308417
"page:shiny key","Shiny key","page","item","item","https://oldschool.runescape.wiki/w/Shiny_key","2002-06-17",,"true","false","false",5,19,8,22.5,5,11,0.00010152923781222149,0.00009043827029046672
"page:ship ticket","Ship ticket","page","item","item","https://oldschool.runescape.wiki/w/Ship_ticket","2003-01-27",,"true","true","false",0,27,0,52.5,0,19,0.00008884151385506988,0.00007764845047308417
"page:shipyard (karamja)","Shipyard (Karamja)","page","location","location","https://oldschool.runescape.wiki/w/Shipyard_(Karamja)","2002-12-12",,"true",,,0,25,0,34.5,0,18,0.00008884151385506988,0.00007764845047308417
"page:shipyard worker","Shipyard worker","page","monster","npc|monster","https://oldschool.runescape.wiki/w/Shipyard_worker","2002",,,,,6,25,6,29.5,6,16,0.00009986901831158368,0.0000888145383359252
"page:shop assistant (al kharid)","Shop assistant (Al Kharid)","page","npc","npc","https://oldschool.runescape.wiki/w/Shop_assistant_(Al_Kharid)","2001-01-21",,"false",,,4,23,7,33.5,4,16,0.00010225481308215525,0.00009158281181899987
"page:shop assistant (edgeville)","Shop assistant (Edgeville)","page","npc","npc","https://oldschool.runescape.wiki/w/Shop_assistant_(Edgeville)","2001-08-13",,"false",,,2,21,5,31.5,2,14,0.00009918607368752134,0.00008864864764940559
"page:shop assistant (falador)","Shop assistant (Falador)","page","npc","npc","https://oldschool.runescape.wiki/w/Shop_assistant_(Falador)","2001-04-06",,"false",,,2,24,5,34.5,2,17,0.0000979048011838682,0.0000870394391181209
"page:shop assistant (lumbridge)","shop assistant (Lumbridge)","page","npc","npc","https://oldschool.runescape.wiki/w/Shop_assistant_(Lumbridge)","2001-01-04",,"false",,,1,23,4,33.5,1,16,0.00009409475119607133,0.0000828250138501766
"page:shop assistant (musa point)","Shop assistant (Musa Point)","page","npc","npc","https://oldschool.runescape.wiki/w/Shop_assistant_(Musa_Point)","2001-06-11",,"false",,,2,24,2,34.5,2,17,0.0000922595646349077,0.00008121849418142379
"page:shop assistant (rimmington)","Shop assistant (Rimmington)","page","npc","npc","https://oldschool.runescape.wiki/w/Shop_assistant_(Rimmington)","2001-04-06",,"false",,,0,24,0,34.5,0,17,0.00008884151385506988,0.00007764845047308417
"page:shop assistant (varrock swordshop)","Shop assistant (Varrock Swordshop)","page","npc","npc","https://oldschool.runescape.wiki/w/Shop_assistant_(Varrock_Swordshop)","2001-01-04",,"false",,,1,27,4,26.5,1,20,0.0001004287775310057,0.00009060565948968297
"page:shop assistant (varrock)","Shop assistant (Varrock)","page","npc","npc","https://oldschool.runescape.wiki/w/Shop_assistant_(Varrock)","2001-01-04",,"false",,,0,23,0,22.5,0,16,0.00008884151385506988,0.00007764845047308417
"page:shop keeper (al kharid)","Shop keeper (Al Kharid)","page","npc","npc","https://oldschool.runescape.wiki/w/Shop_keeper_(Al_Kharid)","2001-01-21",,"false",,,2,26,2,42.5,2,19,0.00009295892098376728,0.0000819125770075234
"page:shop keeper (combat training camp)","Shop keeper (Combat Training Camp)","page","npc","npc|guide","https://oldschool.runescape.wiki/w/Shop_keeper_(Combat_Training_Camp)","2002-10-23",,"true",,,0,27,0,33.5,0,20,0.00008884151385506988,0.00007764845047308417
"page:shop keeper (edgeville)","Shop keeper (Edgeville)","page","npc","npc","https://oldschool.runescape.wiki/w/Shop_keeper_(Edgeville)","2001-08-13",,"false",,,0,23,0,36.5,0,16,0.00008884151385506988,0.00007764845047308417
"page:shop keeper (falador)","Shop keeper (Falador)","page","npc","npc","https://oldschool.runescape.wiki/w/Shop_keeper_(Falador)","2001-04-06",,"false",,,1,25,1,38.5,1,18,0.00008996025884435723,0.0000786797189583643
"page:shop keeper (lumbridge)","Shop keeper (Lumbridge)","page","npc","npc","https://oldschool.runescape.wiki/w/Shop_keeper_(Lumbridge)","2001-01-04",,"false",,,0,28,0,57.5,0,21,0.00008884151385506988,0.00007764845047308417
"page:shop keeper (musa point)","Shop keeper (Musa Point)","page","npc","npc","https://oldschool.runescape.wiki/w/Shop_keeper_(Musa_Point)","2001-06-11",,"false",,,0,25,0,35.5,0,18,0.00008884151385506988,0.00007764845047308417
"page:shop keeper (port khazard)","Shop keeper (Port Khazard)","page","npc","npc","https://oldschool.runescape.wiki/w/Shop_keeper_(Port_Khazard)","2002-07-23",,"true",,,0,25,0,35.5,0,18,0.00008884151385506988,0.00007764845047308417
"page:shop keeper (rimmington)","Shop keeper (Rimmington)","page","npc","npc","https://oldschool.runescape.wiki/w/Shop_keeper_(Rimmington)","2001-04-06",,"false",,,0,24,0,34.5,0,17,0.00008884151385506988,0.00007764845047308417
"page:shop keeper (varrock swordshop)","Shop keeper (Varrock Swordshop)","page","npc","npc","https://oldschool.runescape.wiki/w/Shop_keeper_(Varrock_Swordshop)","2001-01-04",,"false",,,2,28,9,30.5,2,21,0.00010394457121044902,0.000091462651578232
"page:shop keeper (varrock)","Shop keeper (Varrock)","page","npc","npc","https://oldschool.runescape.wiki/w/Shop_keeper_(Varrock)","2001-01-04",,"false",,,1,23,5,22.5,1,16,0.0001016118034992728,0.00008980177177394014
"page:shop of distaste","Shop of Distaste","page","shop","shop","https://oldschool.runescape.wiki/w/Shop_of_Distaste","2004-03-25",,"true",,,0,17,0,29,0,13,0.00008884151385506988,0.00007764845047308417
"page:short green guy","Short green guy","page","item","item","https://oldschool.runescape.wiki/w/Short_green_guy","2002-12-12",,"true","true","false",33,37,36,50,33,19,0.00013276395575886364,0.00012323378970755973
"page:shortbow","Shortbow","page","item","item|monster","https://oldschool.runescape.wiki/w/Shortbow","2001-01-04",,"false","true","true",9,30,15,43,9,11,0.0001150570151201942,0.00011205087361747544
"page:shortbow (u)","Shortbow (u)","page","item","item","https://oldschool.runescape.wiki/w/Shortbow_(u)","2002-03-25",,"true","true","false",1,30,1,43.5,1,16,0.00008995203277825951,0.00007899541339263374
"page:shrimps","Shrimps","page","item","item","https://oldschool.runescape.wiki/w/Shrimps","2001-06-11",,"false","true","false",2,35,2,55.5,2,18,0.00009130778522387252,0.00008064090971053441
"page:sickle mould","Sickle mould","page","item","item","https://oldschool.runescape.wiki/w/Sickle_mould","2004-07-13",,"true","true","false",6,30,10.5,41,5,19,0.00010185138113151693,0.0000898729050249494
"page:siegfried erkle","Siegfried Erkle","page","npc","npc","https://oldschool.runescape.wiki/w/Siegfried_Erkle","2003-08-20",,"true",,,1,26,1,42.5,1,19,0.00009057749745913643,0.00007958966173949382
"page:sigbert the adventurer","Sigbert the Adventurer","page","npc","npc","https://oldschool.runescape.wiki/w/Sigbert_the_Adventurer","2002-12-12",,"true",,,2,10,2,12,2,5,0.00009320145305388688,0.00008180278025775875
"page:sign (bank)","Sign (Bank)","page","scenery","scenery","https://oldschool.runescape.wiki/w/Sign_(Bank)","2001-01-23",,"false",,,0,9,0,6,0,0,0.00008884151385506988,0.00007764845047308417
"page:sign (blue moon inn)","Sign (Blue Moon Inn)","page","scenery","scenery","https://oldschool.runescape.wiki/w/Sign_(Blue_Moon_Inn)","2001-01-04",,"false",,,0,20,0,21.5,0,14,0.00008884151385506988,0.00007764845047308417
"page:sign (fancy clothes store)","Sign (Fancy Clothes Store)","page","scenery","scenery","https://oldschool.runescape.wiki/w/Sign_(Fancy_Clothes_Store)","2002-10-23",,"true",,,0,22,0,22.5,0,14,0.00008884151385506988,0.00007764845047308417
"page:sign (flying horse inn)","Sign (Flying Horse Inn)","page","scenery","scenery","https://oldschool.runescape.wiki/w/Sign_(Flying_Horse_Inn)","2002-05-08",,"true",,,0,7,0,10,0,2,0.00008884151385506988,0.00007764845047308417
"page:signpost (digsite)","Signpost (Digsite)","page","scenery","scenery","https://oldschool.runescape.wiki/w/Signpost_(Digsite)","2003-07-09",,"true",,,0,14,0,19.5,0,8,0.00008884151385506988,0.00007764845047308417
"page:signpost (exam centre)","Signpost (Exam Centre)","page","scenery","scenery","https://oldschool.runescape.wiki/w/Signpost_(Exam_Centre)","2004-03-29",,"true",,,0,8,0,14,0,3,0.00008884151385506988,0.00007764845047308417
"page:silk","Silk","page","item","item|monster","https://oldschool.runescape.wiki/w/Silk","2001-01-04",,"false","true","false",9,14,22,14,9,5,0.00014186653785379504,0.00013794941952754883
"page:silk merchant","Silk merchant","page","npc","npc","https://oldschool.runescape.wiki/w/Silk_merchant","2002-04-30",,"true",,,1,28,4,36,1,21,0.00010189551698191633,0.00009470797221461781
"page:silk stall","Silk stall","page","scenery","scenery","https://oldschool.runescape.wiki/w/Silk_stall","2002-04-30",,"true",,,8,22,14,36.5,8,10,0.00014013856297912208,0.00014550768468051304
"page:silk stall (al kharid)","Silk stall (Al Kharid)","page","scenery","scenery","https://oldschool.runescape.wiki/w/Silk_stall_(Al_Kharid)","2004-03-29",,"false",,,0,14,0,22.5,0,8,0.00008884151385506988,0.00007764845047308417
"page:silk trader","Silk trader","page","npc","npc","https://oldschool.runescape.wiki/w/Silk_trader","2001-01-04",,"false",,,1,24,1,39.5,1,18,0.00009100067853429284,0.00007997043779891432
"page:silvarea","Silvarea","page","location","location","https://oldschool.runescape.wiki/w/Silvarea","2004-06-29",,"true",,,0,13,0,27.5,0,8,0.00008884151385506988,0.00007764845047308417
"page:silver bar","Silver bar","page","item","item|monster","https://oldschool.runescape.wiki/w/Silver_bar","2001-07-12",,"false","true","false",19,28,43,35.5,16,9,0.00017862209920768484,0.00018233931797598983
"page:silver book","Silver book","page","item","item","https://oldschool.runescape.wiki/w/Silver_book","2003-06-09",,"true","false","false",11,31,11,44,11,22,0.00011058650417589811,0.00009945503025375995
"page:silver bottle","Silver bottle","page","item","item","https://oldschool.runescape.wiki/w/Silver_bottle","2003-06-09",,"true","false","false",13,31,13,44.5,13,23,0.00011451133654583824,0.00010323247101881692
"page:silver cup","Silver cup","page","item","item","https://oldschool.runescape.wiki/w/Silver_cup","2003-06-09",,"true","false","false",12,33,12,49.5,12,25,0.00011257817594873576,0.0001012760027759132
"page:silver merchant","Silver merchant","page","npc","npc","https://oldschool.runescape.wiki/w/Silver_merchant","2002-04-30",,"true",,,0,39,0,56.5,0,22,0.00008884151385506988,0.00007764845047308417
"page:silver necklace","Silver necklace","page","item","item","https://oldschool.runescape.wiki/w/Silver_necklace","2003-06-09",,"true","false","true",12,28,12,45,12,15,0.00011257817594873576,0.0001012760027759132
"page:silver needle","Silver needle","page","item","item","https://oldschool.runescape.wiki/w/Silver_needle","2003-06-09",,"true","false","false",0,34,0,47.5,0,26,0.00008884151385506988,0.00007764845047308417
"page:silver ore","Silver ore","page","item","item|monster","https://oldschool.runescape.wiki/w/Silver_ore","2001-07-12",,"false","true","false",10,22,16,26,10,9,0.0001475707298454424,0.00015378007355006107
"page:silver pot (murder mystery)","Silver pot (Murder Mystery)","page","item","item","https://oldschool.runescape.wiki/w/Silver_pot_(Murder_Mystery)","2003-06-09",,"true","false","false",0,34,0,51,0,27,0.00008884151385506988,0.00007764845047308417
"page:silver rocks","silver rocks","page","scenery","scenery","https://oldschool.runescape.wiki/w/Silver_rocks","2001-07-12",,"false",,,3,13,9,16,3,4,0.00010396508406770413,0.00009304872651993416
"page:silver sickle","Silver sickle","page","item","item","https://oldschool.runescape.wiki/w/Silver_sickle","2004-07-13",,"true","true","true",8,47,17,79,7,22,0.00010804448369592714,0.00009658922035489626
"page:silver sickle (b)","Silver sickle (b)","page","item","item","https://oldschool.runescape.wiki/w/Silver_sickle_(b)","2004-07-13",,"true","false","true",3,40,3,76,3,19,0.00009313260159275028,0.00008197859371759429
"action:cast bloom","Cast Bloom","action",,,,,,,,,1,0,2,0,0,0,0.0000909247431012261,0.00007764845047308417
"page:silver stall","Silver stall","page","scenery","scenery","https://oldschool.runescape.wiki/w/Silver_stall","2002-04-30",,"true",,,4,16,4,16.5,4,6,0.00011093032566958526,0.00011127638974120125
"page:silver stall (unused)","Silver stall (unused)","page","scenery","scenery","https://oldschool.runescape.wiki/w/Silver_stall_(unused)","2004-03-29",,"false",,,0,12,0,10,0,5,0.00008884151385506988,0.00007764845047308417
"page:silverlight","Silverlight","page","item","item","https://oldschool.runescape.wiki/w/Silverlight","2001-01-04",,"false","false","true",8,33,20,43.5,8,12,0.00013969952774349958,0.00013568672855258194
"category:shadow of the storm","Shadow of the Storm","category",,,,,,,,,1,0,0.5,0,0,0,0.00009020639429854318,0.00007764845047308417
"page:silverlight key (captain rovin)","Silverlight key (Captain Rovin)","page","item","item","https://oldschool.runescape.wiki/w/Silverlight_key_(Captain_Rovin)","2001-01-04",,"false","false","false",3,14,3,24.5,3,6,0.00009583221304490224,0.0000857017398403477
"page:silverlight key (sir prysin)","Silverlight key (Sir Prysin)","page","item","item","https://oldschool.runescape.wiki/w/Silverlight_key_(Sir_Prysin)","2001-01-04",,"false","false","false",3,19,3,32.5,3,11,0.00009568941940305861,0.0000852925081798626
"page:silverlight key (wizard traiborn)","Silverlight key (Wizard Traiborn)","page","item","item","https://oldschool.runescape.wiki/w/Silverlight_key_(Wizard_Traiborn)","2001-01-04",,"false","false","false",2,14,2,24.5,2,6,0.00009332956669128061,0.0000830166053157961
"page:sinclair family beehive","Sinclair family beehive","page","scenery","scenery","https://oldschool.runescape.wiki/w/Sinclair_family_beehive","2003-06-09",,"true",,,0,29,0,33.5,0,23,0.00008884151385506988,0.00007764845047308417
"page:sinclair family compost heap","Sinclair family compost heap","page","scenery","scenery","https://oldschool.runescape.wiki/w/Sinclair_family_compost_heap","2003-06-09",,"true",,,0,29,0,33.5,0,23,0.00008884151385506988,0.00007764845047308417
"page:sinclair family crest","Sinclair family crest","page","scenery","scenery","https://oldschool.runescape.wiki/w/Sinclair_family_crest","2003-06-09",,"true",,,0,29,0,33.5,0,23,0.00008884151385506988,0.00007764845047308417
"page:sinclair family fountain","Sinclair family fountain","page","scenery","scenery","https://oldschool.runescape.wiki/w/Sinclair_family_fountain","2003-06-09",,"true",,,0,28,0,29.5,0,22,0.00008884151385506988,0.00007764845047308417
"page:sinclair guard dog","Sinclair Guard dog","page","npc","npc","https://oldschool.runescape.wiki/w/Sinclair_Guard_dog","2003-06-09",,"true",,,1,31,4,45,1,25,0.0000956294048013077,0.00008424856877887702
"page:sinclair mansion","Sinclair Mansion","page","npc","npc|location","https://oldschool.runescape.wiki/w/Sinclair_Mansion","2003-06-09",,"true",,,5,34,23,45.5,5,25,0.00013069894075778366,0.00011891762285621532
"page:sinclair mansion drain","Sinclair mansion drain","page","scenery","scenery","https://oldschool.runescape.wiki/w/Sinclair_mansion_drain","2003-06-09",,"true",,,0,30,0,38.5,0,24,0.00008884151385506988,0.00007764845047308417
"page:sinister chest","Sinister chest","page","scenery","scenery","https://oldschool.runescape.wiki/w/Sinister_chest","2002-12-12",,"true",,,2,17,12,25,2,12,0.00011321650398018383,0.00010373785052527482
"page:sinister key","Sinister key","page","item","item|monster","https://oldschool.runescape.wiki/w/Sinister_key","2002-12-12",,"true","true","false",2,21,2,48.5,2,11,0.00009591450354023111,0.00008598399558920883
"page:sinister stranger","Sinister Stranger","page","npc","npc","https://oldschool.runescape.wiki/w/Sinister_Stranger","2002-05-28",,"true",,,3,12,6,20.5,3,4,0.00009848746414709204,0.00008701534466973712
"page:sir amik varze","Sir Amik Varze","page","npc","npc","https://oldschool.runescape.wiki/w/Sir_Amik_Varze","2001-04-06",,"false",,,5,23,9,34,5,8,0.00010985422741732043,0.00009757419170934278
"category:recruitment drive","Recruitment Drive","category",,,,,,,,,1,0,0.5,0,0,0,0.00009021469169778831,0.00007764845047308417
"page:sir carl","Sir Carl","page","monster","monster","https://oldschool.runescape.wiki/w/Sir_Carl","2004-04-15",,"true",,,13,24,13,31.5,13,13,0.00011609603962433094,0.00010542280907567197
"page:sir gawain","Sir Gawain","page","monster","npc|monster","https://oldschool.runescape.wiki/w/Sir_Gawain","2002",,,,,3,20,3,17,3,8,0.00009513103206214013,0.00008421923959749086
"page:sir harry","Sir Harry","page","monster","monster","https://oldschool.runescape.wiki/w/Sir_Harry","2003-03-03",,"true",,,13,24,13,31.5,13,13,0.00011609603962433094,0.00010542280907567197
"page:sir jerro","Sir Jerro","page","monster","monster","https://oldschool.runescape.wiki/w/Sir_Jerro","2003-03-03",,"true",,,13,24,13,31.5,13,13,0.00011609603962433094,0.00010542280907567197
"page:sir lancelot","Sir Lancelot","page","monster","npc|monster","https://oldschool.runescape.wiki/w/Sir_Lancelot","2002",,,,,1,23,1,26,1,11,0.0000902444435418109,0.00007902721668406681
"page:sir mordred","Sir Mordred","page","monster","monster","https://oldschool.runescape.wiki/w/Sir_Mordred","2002-02-27",,"true",,,2,24,2,35.5,2,17,0.00009218073294634668,0.00008086058288012037
"page:sir percival","Sir Percival","page","npc","npc","https://oldschool.runescape.wiki/w/Sir_Percival","2002-07-23",,"true",,,2,34,5,57.5,2,26,0.00009576952181625297,0.00008438326507083198
"page:sir prysin","Sir Prysin","page","npc","npc","https://oldschool.runescape.wiki/w/Sir_Prysin","2001-01-04",,"false",,,2,36,5,56,2,20,0.00009880703511863759,0.00008784837810784975
"page:sir vyvin","Sir Vyvin","page","npc","npc","https://oldschool.runescape.wiki/w/Sir_Vyvin","2001-04-06",,"false",,,5,29,11,32.5,5,19,0.00011110276695298392,0.00010354639677386612
"page:sito foil","Sito foil","page","item","item","https://oldschool.runescape.wiki/w/Sito_foil","2002-10-23",,"true","false","false",1,32,1,46,1,21,0.00009053443236485348,0.00007933789499353831
"page:skavid","skavid","page","npc","npc","https://oldschool.runescape.wiki/w/Skavid","2003-05-07",,"true",,,13,24,19,30.5,13,16,0.00013399292277445072,0.00012475912580968776
"page:skavid caves","Skavid caves","page","location","location","https://oldschool.runescape.wiki/w/Skavid_caves","2003-05-07",,"true",,,1,23,4,33.5,1,18,0.00009543084435586157,0.00008451460669119188
"page:skavid map","Skavid map","page","item","item","https://oldschool.runescape.wiki/w/Skavid_map","2003-05-07",,"true","false","false",6,30,6,54,6,22,0.00010465407265949575,0.0000949145121100428
"page:skeleton","Skeleton","page","monster","monster","https://oldschool.runescape.wiki/w/Skeleton","2001",,,,,15,28,53,23.5,15,7,0.00018945290465074735,0.00017508210800853627
"category:crypt of tonali","Crypt of Tonali","category",,,,,,,,,1,0,0.5,0,0,0,0.00009226778979025028,0.00007764845047308417
"page:skeleton (melzar's maze)","Skeleton (Melzar's Maze)","page","monster","monster","https://oldschool.runescape.wiki/w/Skeleton_(Melzar's_Maze)","2001-09-23",,"false",,,2,20,8,28.5,2,13,0.00010530541558806706,0.00009382576172472963
"page:skeleton (the restless ghost)","Skeleton (The Restless Ghost)","page","monster","monster","https://oldschool.runescape.wiki/w/Skeleton_(The_Restless_Ghost)","2001-01-04",,"false",,,1,20,5,18.5,1,11,0.00009362096238525316,0.00008193424158074187
"page:skeleton mage","Skeleton Mage","page","monster","monster","https://oldschool.runescape.wiki/w/Skeleton_Mage","2002-09-24",,"true",,,1,27,5,43.5,1,16,0.00009631827492208925,0.00008482249210981554
"category:piscatoris fishing colony","Piscatoris Fishing Colony","category",,,,,,,,,1,0,0.5,0,0,0,0.00008978255447212601,0.00007764845047308417
"page:sketch","Sketch","page","item","item","https://oldschool.runescape.wiki/w/Sketch","2003-08-20",,"true","false","false",7,32,7,44,7,24,0.00009919007946841505,0.00008800850600178546
"page:skull (item)","Skull (item)","page","item","item","https://oldschool.runescape.wiki/w/Skull_(item)","2001-08-13",,"false","false","false",2,8,5,6.5,2,2,0.00010672615965065677,0.00009989771806501031
"page:skull (unobtainable item)","Skull (unobtainable item)","page","item","item","https://oldschool.runescape.wiki/w/Skull_(unobtainable_item)","2004-03-29","2007-01-22","false","false","false",0,18,0,18.5,0,10,0.00008884151385506988,0.00007764845047308417
"page:slave (fight arena)","Slave (Fight Arena)","page","npc","npc","https://oldschool.runescape.wiki/w/Slave_(Fight_Arena)","2004-03-29",,"true",,,1,29,1,55.5,1,23,0.0000906183441321733,0.00007938532371145071
"page:slave (underground pass)","Slave (Underground Pass)","page","npc","npc","https://oldschool.runescape.wiki/w/Slave_(Underground_Pass)","2003-03-03",,"true",,,13,25,13,26.5,13,19,0.00011496821996827579,0.00010394524963749284
"page:slave boots","Slave boots","page","item","item|monster","https://oldschool.runescape.wiki/w/Slave_boots","2004-03-29",,"true","false","true",7,31,7,34,7,16,0.00009974305820857552,0.00008873618993591442
"page:slave robe","Slave robe","page","item","item|monster","https://oldschool.runescape.wiki/w/Slave_robe","2003-04-14",,"true","false","true",7,30,7,33.5,7,16,0.00009974305820857552,0.00008873618993591442
"page:slave shirt","Slave shirt","page","item","item|monster","https://oldschool.runescape.wiki/w/Slave_shirt","2003-04-14",,"true","false","true",7,30,7,33.5,7,16,0.00009974305820857552,0.00008873618993591442
"page:slayer task/bandits","Slayer task/Bandits","page","article","article","https://oldschool.runescape.wiki/w/Slayer_task%2FBandits","2002-02-27",,,,,0,11,0,33.5,0,10,0.00008884151385506988,0.00007764845047308417
"category:slayer task","Slayer task","category",,,,,,,,,2,0,1,0,0,0,0.00009441068338031943,0.00007764845047308417
"page:slayer task/earth warriors","Slayer task/Earth warriors","page","article","article","https://oldschool.runescape.wiki/w/Slayer_task%2FEarth_warriors","2002-12-12",,,,,0,6,0,8.5,0,5,0.00008884151385506988,0.00007764845047308417
"page:sliding piece (castle)","Sliding piece (Castle)","page","item","item","https://oldschool.runescape.wiki/w/Sliding_piece_(Castle)","2004-05-05",,"true","false","false",1,11,1,12,1,4,0.00009443523880150659,0.00008589859835532523
"page:small bush","Small bush","page","scenery","scenery","https://oldschool.runescape.wiki/w/Small_bush","2004-07-13",,"true",,,0,29,0,49.5,0,20,0.00008884151385506988,0.00007764845047308417
"page:small fishing net","Small fishing net","page","item","item|monster","https://oldschool.runescape.wiki/w/Small_fishing_net","2001-06-11",,"false","true","false",0,21,0,32.5,0,11,0.00008884151385506988,0.00007764845047308417
"page:small gravestone","Small gravestone","page","scenery","scenery","https://oldschool.runescape.wiki/w/Small_gravestone","2004-03-03",,"true",,,0,5,0,4,0,0,0.00008884151385506988,0.00007764845047308417
"page:smashed cage","Smashed cage","page","scenery","scenery","https://oldschool.runescape.wiki/w/Smashed_cage","2003-03-03",,"true",,,1,26,4,24.5,1,20,0.00009562476504883192,0.00008431571647057819
"page:smashed chair","Smashed chair","page","scenery","scenery","https://oldschool.runescape.wiki/w/Smashed_chair","2004-08-24",,"false",,,0,12,0,9,0,3,0.00008884151385506988,0.00007764845047308417
"page:smashed glass","Smashed glass","page","item","item","https://oldschool.runescape.wiki/w/Smashed_glass","2004-03-29",,"true","true","false",0,29,0,32.5,0,21,0.00008884151385506988,0.00007764845047308417
"page:smashed table","Smashed table","page","scenery","scenery","https://oldschool.runescape.wiki/w/Smashed_table","2003-01-27",,"true",,,0,26,0,45.5,0,19,0.00008884151385506988,0.00007764845047308417
"action:craft","Craft","action",,,,,,,,,1,0,2,0,0,0,0.00009216086711998837,0.00007764845047308417
"page:smithing","Smithing","page","skill","skill","https://oldschool.runescape.wiki/w/Smithing","2001-01-04",,"false",,,98,24,287,40.5,76,21,0.000556834955257822,0.0005741819455429695
"page:smithing level up!","Smithing Level Up!","page","music","music","https://oldschool.runescape.wiki/w/Smithing_Level_Up!","2004-03-29",,"false",,,0,8,0,5.5,0,3,0.00008884151385506988,0.00007764845047308417
"page:smithing level up! (unlocks)","Smithing Level Up! (Unlocks)","page","music","music","https://oldschool.runescape.wiki/w/Smithing_Level_Up!_(Unlocks)","2004-03-29",,"false",,,0,8,0,5.5,0,3,0.00008884151385506988,0.00007764845047308417
"page:snake","Snake","page","monster","monster","https://oldschool.runescape.wiki/w/Snake","2004-03-29",,"false",,,0,15,0,14,0,7,0.00008884151385506988,0.00007764845047308417
"page:snake weed","Snake weed","page","item","item","https://oldschool.runescape.wiki/w/Snake_weed","2002-10-23",,"true","false","false",6,25,14,54.5,5,13,0.0001111541498093157,0.00009822553008705212
"page:snakeweed mixture","Snakeweed mixture","page","item","item","https://oldschool.runescape.wiki/w/Snakeweed_mixture","2003-08-20",,"true","false","false",3,29,3,45,3,18,0.00009431423330277935,0.00008497182024894348
"page:snapdragon","snapdragon","page","item","item|monster","https://oldschool.runescape.wiki/w/Snapdragon","2004-07-27",,"true","true","false",8,19,19,17,7,6,0.00012713514890522925,0.00011651836343402781
"page:snapdragon potion (unf)","Snapdragon potion (unf)","page","item","item","https://oldschool.runescape.wiki/w/Snapdragon_potion_(unf)","2004-07-27",,"true","true","false",3,29,8,43,2,15,0.00009885581997244394,0.00008566017964995983
"page:snape grass","Snape grass","page","item","item|monster","https://oldschool.runescape.wiki/w/Snape_grass","2002-02-27",,"true","true","false",2,23,2,30,2,10,0.00009344721772048186,0.00008263044913891416
"page:snare","Snare","page","spell","spell","https://oldschool.runescape.wiki/w/Snare","2004-03-29",,"false",,,0,12,0,13,0,8,0.00008884151385506988,0.00007764845047308417
"page:soda ash","Soda ash","page","item","item|monster","https://oldschool.runescape.wiki/w/Soda_ash","2002-03-18",,"true","true","false",0,32,0,58.5,0,20,0.00008884151385506988,0.00007764845047308417
"page:soft clay","soft clay","page","item","item|monster","https://oldschool.runescape.wiki/w/Soft_clay","2001-02-28",,"false","true","false",10,43,28,110.5,7,22,0.00013689527113578653,0.00011758855034998463
"page:soil","Soil","page","scenery","scenery","https://oldschool.runescape.wiki/w/Soil","2003-07-09",,"true",,,1,37,4,46,1,23,0.00010267545700347574,0.00009323058420239723
"category:fossil island","Fossil Island","category",,,,,,,,,1,0,0.5,0,0,0,0.00008979014579477693,0.00007764845047308417
"page:sojourn","Sojourn","page","music","music","https://oldschool.runescape.wiki/w/Sojourn","2004-08-24",,"true",,,1,9,5,6.5,1,4,0.00010295504745767427,0.00009220321640395263
"page:soldier (burthorpe, sitting)","Soldier (Burthorpe, sitting)","page","npc","npc","https://oldschool.runescape.wiki/w/Soldier_(Burthorpe%2C_sitting)","2004-08-09",,"true",,,0,23,0,28.5,0,17,0.00008884151385506988,0.00007764845047308417
"page:soldier (death plateau)","Soldier (Death Plateau)","page","npc","npc","https://oldschool.runescape.wiki/w/Soldier_(Death_Plateau)","2004-08-09",,"true",,,5,28,5,52,5,21,0.0000973424315332016,0.00008659940600060349
"page:soldier (yanille)","Soldier (Yanille)","page","monster","monster","https://oldschool.runescape.wiki/w/Soldier_(Yanille)","2002-10-23",,"true",,,0,21,0,26.5,0,14,0.00008884151385506988,0.00007764845047308417
"page:sorcerer's tower","Sorcerer's Tower","page","location","location","https://oldschool.runescape.wiki/w/Sorcerer's_Tower","2002-03-25",,"true",,,6,23,20,33.5,6,16,0.00015883619117071775,0.00016285753219551262
"page:sorcerer's tower portal","Sorcerer's Tower Portal","page","scenery","scenery","https://oldschool.runescape.wiki/w/Sorcerer's_Tower_Portal","2002-10-23",,"true",,,0,11,0,15.5,0,5,0.00008884151385506988,0.00007764845047308417
"page:soul rune","Soul rune","page","item","item|monster","https://oldschool.runescape.wiki/w/Soul_rune","2002-10-23",,"true","true","false",8,26,14,24.5,8,14,0.00012761957279377987,0.00011778746072901661
"page:soulless","Soulless","page","monster","monster","https://oldschool.runescape.wiki/w/Soulless","2003-03-03",,"true",,,0,24,0,29.5,0,17,0.00008884151385506988,0.00007764845047308417
"page:soundscape","Soundscape","page","music","music","https://oldschool.runescape.wiki/w/Soundscape","2004-03-15",,"false",,,0,10,0,13.5,0,5,0.00008884151385506988,0.00007764845047308417
"page:south brimhaven mine","South Brimhaven mine","page","location","location","https://oldschool.runescape.wiki/w/South_Brimhaven_mine","2002-07-23",,"true",,,0,28,0,37,0,22,0.00008884151385506988,0.00007764845047308417
"page:south crandor mine","South Crandor mine","page","location","location","https://oldschool.runescape.wiki/w/South_Crandor_mine","2001-09-23",,"false",,,0,22,0,38.5,0,17,0.00008884151385506988,0.00007764845047308417
"page:south falador farm","South Falador Farm","page","location","location","https://oldschool.runescape.wiki/w/South_Falador_Farm","2001-04-06",,"false",,,0,16,0,25.5,0,9,0.00008884151385506988,0.00007764845047308417
"page:south varrock farm","South Varrock farm","page","location","location","https://oldschool.runescape.wiki/w/South_Varrock_farm","2001-01-04",,"false",,,0,19,0,30,0,15,0.00008884151385506988,0.00007764845047308417
"page:south wilderness mine","South Wilderness mine","page","location","location","https://oldschool.runescape.wiki/w/South_Wilderness_mine","2001-08-13",,"false",,,0,22,0,41,0,16,0.00008884151385506988,0.00007764845047308417
"page:south-east ardougne mine","South-east Ardougne mine","page","location","location","https://oldschool.runescape.wiki/w/South-east_Ardougne_mine","2002-05-28",,"true",,,0,33,0,74.5,0,28,0.00008884151385506988,0.00007764845047308417
"page:south-east varrock mine","South-east Varrock mine","page","location","location","https://oldschool.runescape.wiki/w/South-east_Varrock_mine","2001-01-04",,"false",,,2,20,9,34.5,2,15,0.00010130021497322552,0.00008943862748637533
"page:south-west varrock mine","South-west Varrock mine","page","location","location","https://oldschool.runescape.wiki/w/South-west_Varrock_mine","2001-01-04",,"false",,,0,22,0,44.5,0,17,0.00008884151385506988,0.00007764845047308417
"page:south-west wilderness mine","South-west Wilderness mine","page","location","location","https://oldschool.runescape.wiki/w/South-west_Wilderness_mine","2001-08-13",,"false",,,0,26,0,55,0,20,0.00008884151385506988,0.00007764845047308417
"page:spade","spade","page","item","item|monster","https://oldschool.runescape.wiki/w/Spade","2001-01-21",,"false","true","false",7,15,26,11,7,1,0.00012376563309878126,0.000111795510382913
"category:farming tools","Farming tools","category",,,,,,,,,1,0,0.5,0,0,0,0.00009362336786116596,0.00007764845047308417
"action:dig","Dig","action",,,,,,,,,1,0,2,0,0,0,0.00010796892987945423,0.00007764845047308417
"page:sparkling pool","Sparkling pool","page","scenery","scenery","https://oldschool.runescape.wiki/w/Sparkling_pool","2003-09-22",,"true",,,3,29,12,50.5,3,23,0.00010798452898530821,0.00009631756838651012
"action:step-into","Step-into","action",,,,,,,,,1,0,2,0,0,0,0.00009247663661299619,0.00007764845047308417
"page:spear wall","Spear wall","page","scenery","scenery","https://oldschool.runescape.wiki/w/Spear_wall","2002-07-23",,"false",,,0,9,0,10,0,2,0.00008884151385506988,0.00007764845047308417
"page:specimen brush","Specimen brush","page","item","item","https://oldschool.runescape.wiki/w/Specimen_brush","2003-07-10",,"true","false","false",9,14,13,17.5,9,6,0.00011148654624255184,0.0001011350399573441
"page:specimen jar","Specimen jar","page","item","item","https://oldschool.runescape.wiki/w/Specimen_jar","2003-07-09",,"true","false","false",10,14,17,29.5,10,6,0.00012002980084627924,0.00010999153175234092
"page:specimen tray","Specimen tray","page","scenery","scenery","https://oldschool.runescape.wiki/w/Specimen_tray","2003-07-09",,"true",,,0,25,0,38.5,0,17,0.00008884151385506988,0.00007764845047308417
"page:spectator (fight arena)","Spectator (Fight Arena)","page","npc","npc","https://oldschool.runescape.wiki/w/Spectator_(Fight_Arena)","2002-07-23",,"true",,,0,27,0,42.5,0,21,0.00008884151385506988,0.00007764845047308417
"page:speedy keith","Speedy Keith","page","monster","monster","https://oldschool.runescape.wiki/w/Speedy_Keith","2002-02-27",,"false",,,0,24,0,24,0,12,0.00008884151385506988,0.00007764845047308417
"page:spell scroll","spell scroll","page","item","item","https://oldschool.runescape.wiki/w/Spell_scroll","2003-05-07",,"true","false","false",1,25,4,31,1,17,0.00009954066845233626,0.000087912898890703
"page:spice","spice","page","item","item","https://oldschool.runescape.wiki/w/Spice","2002-04-30",,"true","true","false",8,16,23,22,7,7,0.00012225989970222082,0.00011335233392021661
"page:spice seller","Spice seller","page","npc","npc","https://oldschool.runescape.wiki/w/Spice_seller","2002-04-30",,"true",,,0,32,0,45,0,24,0.00008884151385506988,0.00007764845047308417
"page:spice stall","Spice stall","page","scenery","scenery","https://oldschool.runescape.wiki/w/Spice_stall","2002-04-30",,"true",,,2,21,2,35,2,11,0.00010092769580798411,0.00009508280553736391
"page:spice stall (unused)","Spice stall (unused)","page","scenery","scenery","https://oldschool.runescape.wiki/w/Spice_stall_(unused)","2004-03-29",,"true",,,0,12,0,10.5,0,6,0.00008884151385506988,0.00007764845047308417
"page:spicy crunchies","Spicy crunchies","page","item","item","https://oldschool.runescape.wiki/w/Spicy_crunchies","2002-12-12",,"true","true","false",24,43,27,80.5,24,29,0.00012368933226161933,0.00011330531007973138
"page:spicy toad's legs","Spicy toad's legs","page","item","item","https://oldschool.runescape.wiki/w/Spicy_toad's_legs","2004-03-29","2006-08-07","true","false","false",0,34,0,41,0,24,0.00008884151385506988,0.00007764845047308417
"page:spicy worm","Spicy worm","page","item","item","https://oldschool.runescape.wiki/w/Spicy_worm","2004-03-29","2006-08-07","true","false","false",1,35,4,45,1,25,0.00009488273679722153,0.00008393427743098213
"page:spider","Spider","page","monster","monster","https://oldschool.runescape.wiki/w/Spider","2001-01-04",,"false",,,3,23,14,21,3,7,0.00011989787820865655,0.00010799997734406144
"page:spiderwebs","Spiderwebs","page","scenery","scenery","https://oldschool.runescape.wiki/w/Spiderwebs","2003-03-17",,"true",,,0,8,0,14,0,3,0.00008884151385506988,0.00007764845047308417
"page:spiked boots","Spiked boots","page","item","item","https://oldschool.runescape.wiki/w/Spiked_boots","2004-08-09",,"true","true",,4,36,4,57.5,4,18,0.00009592441839175646,0.000084654637300306
"page:spinach roll","Spinach roll","page","item","item|monster","https://oldschool.runescape.wiki/w/Spinach_roll","2001-01-04",,"false","true","false",0,23,0,37.5,0,10,0.00008884151385506988,0.00007764845047308417
"page:spinning blades (brimhaven agility arena)","Spinning blades (Brimhaven Agility Arena)","page","scenery","scenery","https://oldschool.runescape.wiki/w/Spinning_blades_(Brimhaven_Agility_Arena)","2004-07-27",,"true",,,0,18,0,25,0,12,0.00008884151385506988,0.00007764845047308417
"page:spinning wheel","spinning wheel","page","scenery","scenery","https://oldschool.runescape.wiki/w/Spinning_wheel","2001-01-04",,"false",,,3,35,6,88.5,3,18,0.0000998373923944774,0.00008861067286015279
"category:neitiznot","Neitiznot","category",,,,,,,,,1,0,0.5,0,0,0,0.00008932095895978978,0.00007764845047308417
"action:spin","Spin","action",,,,,,,,,1,0,2,0,0,0,0.00009075929427394949,0.00007764845047308417
"page:spirit (music track)","Spirit (music track)","page","music","music","https://oldschool.runescape.wiki/w/Spirit_(music_track)","2004-03-15",,"false",,,1,12,5,25,1,8,0.00011768272646143508,0.00010905461109952313
"page:spirit of scorpius","Spirit of Scorpius","page","npc","npc","https://oldschool.runescape.wiki/w/Spirit_of_Scorpius","2003-03-17",,"true",,,5,22,18.5,48.5,4,16,0.00011682411859111934,0.000110225571317426
"page:spirit of zadimus","Spirit of Zadimus","page","npc","npc","https://oldschool.runescape.wiki/w/Spirit_of_Zadimus","2003-01-27",,"true",,,14,24,17,42,14,17,0.00011501009916094332,0.00010392766334373066
"page:spirit tree","Spirit tree","page","npc","npc|scenery","https://oldschool.runescape.wiki/w/Spirit_tree","2002-07-23",,"true",,,11,24,30,23.5,11,8,0.00013829029967256007,0.00012643762085726184
"category:farming patches","Farming patches","category",,,,,,,,,1,0,0.5,0,0,0,0.00009134250863638535,0.00007764845047308417
"action:last-destination","Last-destination","action",,,,,,,,,1,0,2,0,0,0,0.00009884549298033173,0.00007764845047308417
"page:splendour","Splendour","page","music","music","https://oldschool.runescape.wiki/w/Splendour","2004-03-15",,"false",,,0,15,0,41,0,11,0.00008884151385506988,0.00007764845047308417
"page:spooky","Spooky","page","music","music","https://oldschool.runescape.wiki/w/Spooky","2004-03-15",,"false",,,0,12,0,31,0,8,0.00008884151385506988,0.00007764845047308417
"page:spooky jungle","Spooky Jungle","page","music","music","https://oldschool.runescape.wiki/w/Spooky_Jungle","2004-03-15",,"true",,,0,11,0,27,0,7,0.00008884151385506988,0.00007764845047308417
"page:spooky picture","Spooky picture","page","scenery","scenery","https://oldschool.runescape.wiki/w/Spooky_picture","2004-03-29",,"false",,,0,17,0,35.5,0,8,0.00008884151385506988,0.00007764845047308417
"page:spotlight","Spotlight","page","scenery","scenery","https://oldschool.runescape.wiki/w/Spotlight","2004-08-02",,"false",,,0,11,0,20,0,6,0.00008884151385506988,0.00007764845047308417
"page:squire","Squire","page","npc","npc","https://oldschool.runescape.wiki/w/Squire","2001-04-06",,"false",,,3,25,7,24,3,14,0.00009499554851638166,0.00008336094062548314
"category:2021 christmas event","2021 Christmas event","category",,,,,,,,,1,0,0.5,0,0,0,0.00009052372669338286,0.00007764845047308417
"page:staff","Staff","page","item","item|monster","https://oldschool.runescape.wiki/w/Staff","2001-01-04",,"false","true","true",5,24,8,21,5,7,0.00010361277132564194,0.00009521305347523934
"page:staff of air","Staff of air","page","item","item|monster","https://oldschool.runescape.wiki/w/Staff_of_air","2001-01-04",,"false","true","true",17,28,20,36.5,17,10,0.0001626646601420412,0.00015851320258759217
"page:staff of armadyl","Staff of armadyl","page","item","item","https://oldschool.runescape.wiki/w/Staff_of_armadyl","2002-06-17",,"true","false","false",7,21,16,27.5,7,13,0.00011441535788228214,0.0001038731714377759
"page:staff of earth","Staff of earth","page","item","item|monster","https://oldschool.runescape.wiki/w/Staff_of_earth","2001-01-04",,"false","true","true",9,28,9,37,9,11,0.0001133897779071291,0.00010779766510102346
"page:staff of fire","Staff of fire","page","item","item|monster","https://oldschool.runescape.wiki/w/Staff_of_fire","2001-01-04",,"false","true","true",7,29,10,34.5,7,11,0.00010974937639008438,0.00010229827822690305
"page:staff of water","Staff of water","page","item","item|monster","https://oldschool.runescape.wiki/w/Staff_of_water","2001-01-04",,"false","true","true",11,30,14,35.5,11,12,0.0001385334169252144,0.0001316028614116809
"page:stagnant","Stagnant","page","music","music","https://oldschool.runescape.wiki/w/Stagnant","2004-07-13",,"true",,,1,11,4,23,1,7,0.00010002896374794332,0.00008820863976235273
"page:stairs (count draynor)","Stairs (Count Draynor)","page","scenery","scenery","https://oldschool.runescape.wiki/w/Stairs_(Count_Draynor)","2004-03-29",,"false",,,0,11,0,19,0,3,0.00008884151385506988,0.00007764845047308417
"action:walk-down","Walk-Down","action",,,,,,,,,2,0,3.5,0,0,0,0.00010275222457712962,0.00007764845047308417
"action:walk-up","Walk-Up","action",,,,,,,,,2,0,3.5,0,0,0,0.00010275222457712962,0.00007764845047308417
"page:stairs (dwarven tunnel)","Stairs (Dwarven Tunnel)","page","scenery","scenery","https://oldschool.runescape.wiki/w/Stairs_(Dwarven_Tunnel)","2002-05-28",,"true",,,0,15,0,22.5,0,4,0.00008884151385506988,0.00007764845047308417
"page:stairs (tribal totem)","Stairs (Tribal Totem)","page","scenery","scenery","https://oldschool.runescape.wiki/w/Stairs_(Tribal_Totem)","2002-04-30",,"true",,,0,31,0,46,0,23,0.00008884151385506988,0.00007764845047308417
"page:stake","Stake","page","item","item","https://oldschool.runescape.wiki/w/Stake","2001-01-28",,"false","false","false",2,26,6,36,2,19,0.0000936109003883475,0.00008190659131553117
"page:standing torch","Standing torch","page","scenery","scenery","https://oldschool.runescape.wiki/w/Standing_torch","2004-03-29",,"false",,,0,15,0,23,0,6,0.00008884151385506988,0.00007764845047308417
"page:stanford","Stanford","page","npc","npc","https://oldschool.runescape.wiki/w/Stanford","2003-06-09",,"true",,,2,31,2,42,2,24,0.00009211172173281465,0.00008083339128343769
"page:stankers","Stankers","page","npc","npc","https://oldschool.runescape.wiki/w/Stankers","2002-07-23",,"true",,,0,17,0,33,0,10,0.00008884151385506988,0.00007764845047308417
"page:starlight (music track)","Starlight (music track)","page","music","music","https://oldschool.runescape.wiki/w/Starlight_(music_track)","2004-03-15",,"false",,,0,9,0,14,0,5,0.00008884151385506988,0.00007764845047308417
"page:start","Start","page","music","music","https://oldschool.runescape.wiki/w/Start","2004-03-19",,"false",,,2,12,8,32,2,8,0.00011239618108406982,0.00010020501480747287
"page:statue (paterdomus temple)","Statue (Paterdomus Temple)","page","scenery","scenery","https://oldschool.runescape.wiki/w/Statue_(Paterdomus_Temple)","2004-06-29",,"false",,,0,8,0,16.5,0,5,0.00008884151385506988,0.00007764845047308417
"page:statue of a king","Statue of a king","page","scenery","scenery","https://oldschool.runescape.wiki/w/Statue_of_a_king","2004-03-29",,"false",,,0,15,0,19,0,8,0.00008884151385506988,0.00007764845047308417
"page:statue of a warrior","Statue of a warrior","page","scenery","scenery","https://oldschool.runescape.wiki/w/Statue_of_a_warrior","2004-03-29",,"false",,,0,10,0,11,0,3,0.00008884151385506988,0.00007764845047308417
"page:statue of glarial","Statue of Glarial","page","scenery","scenery","https://oldschool.runescape.wiki/w/Statue_of_Glarial","2002-09-24",,"true",,,0,21,0,23.5,0,15,0.00008884151385506988,0.00007764845047308417
"page:statue of guthix","Statue of Guthix","page","scenery","scenery","https://oldschool.runescape.wiki/w/Statue_of_Guthix","2003-09-22",,"true",,,2,29,8,49.5,2,23,0.00010104412447584684,0.00008955145819074272
"page:statue of saradomin","Statue of Saradomin","page","scenery","scenery","https://oldschool.runescape.wiki/w/Statue_of_Saradomin","2003-09-22",,"true",,,1,30,4,53.5,1,24,0.00009500633847904046,0.00008374086737687679
"page:statue of zamorak","Statue of Zamorak","page","scenery","scenery","https://oldschool.runescape.wiki/w/Statue_of_Zamorak","2003-09-22",,"true",,,1,30,4,53.5,1,24,0.0000970053286417613,0.00008780247863584241
"page:statue of zamorak (witch's house)","Statue of Zamorak (witch's house)","page","scenery","scenery","https://oldschool.runescape.wiki/w/Statue_of_Zamorak_(witch's_house)","2002-02-27",,"true",,,0,5,0,4,0,0,0.00008884151385506988,0.00007764845047308417
"page:statue steps","Statue steps","page","scenery","scenery","https://oldschool.runescape.wiki/w/Statue_steps","2004-03-29","2004-12-21",,,,0,7,0,9,0,2,0.00008884151385506988,0.00007764845047308417
"page:steel 2h sword","Steel 2h sword","page","item","item|monster","https://oldschool.runescape.wiki/w/Steel_2h_sword","2001-01-04",,"false","true","true",2,35,5,41,2,11,0.00009433905588020238,0.00008476980385146621
"page:steel arrow","Steel arrow","page","item","item|monster","https://oldschool.runescape.wiki/w/Steel_arrow","2002-03-25",,"false","true","true",8,31,16,40.5,7,11,0.00011734609638005178,0.00010171836670571528
"page:steel arrowtips","Steel arrowtips","page","item","item","https://oldschool.runescape.wiki/w/Steel_arrowtips","2002-03-25",,"true","true","false",1,44,1,88.5,1,27,0.00009210395660508927,0.00008664014819318461
"page:steel axe","Steel axe","page","item","item|monster","https://oldschool.runescape.wiki/w/Steel_axe","2001-01-04",,"false","true","true",4,38,4,53.5,4,13,0.00009800049159842914,0.00009305413103256027
"page:steel axe head","Steel axe head","page","item","item","https://oldschool.runescape.wiki/w/Steel_axe_head","2004-03-29","2007-07-17","false","true","false",4,32,4,35.5,4,18,0.00009825487194012539,0.00008947327727774788
"page:steel bar","Steel bar","page","item","item|monster","https://oldschool.runescape.wiki/w/Steel_bar","2001-01-04",,"false","true","false",70,37,186,92.5,51,16,0.0003550305345600927,0.00035966790627579143
"page:steel battleaxe","Steel battleaxe","page","item","item|monster","https://oldschool.runescape.wiki/w/Steel_battleaxe","2001-01-04",,"false","true","true",1,41,1,61,1,16,0.0000904664770711308,0.00007969278977008709
"page:steel cannonball","Steel cannonball","page","item","item|monster","https://oldschool.runescape.wiki/w/Steel_cannonball","2003-05-27",,"true","true","false",1,27,1,40,1,12,0.00009022711544730649,0.00007899541339263374
"page:steel chainbody","Steel chainbody","page","item","item|monster","https://oldschool.runescape.wiki/w/Steel_chainbody","2001-01-04",,"false","true","true",3,38,6,61.5,3,14,0.00009746069612632532,0.0000877176439356375
"page:steel claws","Steel claws","page","item","item|monster","https://oldschool.runescape.wiki/w/Steel_claws","2004-08-09",,"true","true","true",1,39,1,53,1,14,0.0000904664770711308,0.00007969278977008709
"page:steel dagger","Steel dagger","page","item","item|monster","https://oldschool.runescape.wiki/w/Steel_dagger","2001-01-04",,"false","true","true",2,38,2,40,2,13,0.00009214459455506182,0.00008122770100399242
"page:steel dart","steel dart","page","item","item|monster","https://oldschool.runescape.wiki/w/Steel_dart","2003-04-14",,"true","true","true",2,34,5,43.5,2,12,0.00009498096806457359,0.00008532300664261075
"page:steel dart tip","Steel dart tip","page","item","item","https://oldschool.runescape.wiki/w/Steel_dart_tip","2003-04-14",,"true","true","false",0,38,0,61.5,0,22,0.00008884151385506988,0.00007764845047308417
"page:steel fire arrow","Steel fire arrow","page","item","item","https://oldschool.runescape.wiki/w/Steel_fire_arrow","2004-04-15",,"true","true","true",0,27,0,32.5,0,13,0.00008884151385506988,0.00007764845047308417
"page:steel full helm","Steel full helm","page","item","item|monster","https://oldschool.runescape.wiki/w/Steel_full_helm","2001-01-04",,"false","true","true",1,40,1,66.5,1,16,0.00008997875289693009,0.00007916924552142413
"page:steel gauntlets","Steel gauntlets","page","item","item","https://oldschool.runescape.wiki/w/Steel_gauntlets","2002-04-09",,"true","false","true",1,32,1,44,1,19,0.00009042292164633997,0.00007918424723458101
"page:steel javelin","Steel javelin","page","item","item|monster","https://oldschool.runescape.wiki/w/Steel_javelin","2004-03-29",,"true","true","true",2,25,2,29.5,2,7,0.00009279587883350537,0.00008181765650552043
"page:steel kiteshield","Steel kiteshield","page","item","item|monster","https://oldschool.runescape.wiki/w/Steel_kiteshield","2001-01-04",,"false","true","true",1,37,1,53.5,1,13,0.00009057749745913643,0.00007984848990834845
"page:steel knife","Steel knife","page","item","item|monster","https://oldschool.runescape.wiki/w/Steel_knife","2003-04-14",,"true","true","true",0,38,0,50,0,15,0.00008884151385506988,0.00007764845047308417
"page:steel longsword","Steel longsword","page","item","item|monster","https://oldschool.runescape.wiki/w/Steel_longsword","2001-01-04",,"false","true","true",4,43,4,59.5,4,17,0.00009812113249940823,0.00009012969016904104
"page:steel mace","Steel mace","page","item","item|monster","https://oldschool.runescape.wiki/w/Steel_mace","2001-01-04",,"false","true","true",1,42,1,55.5,1,16,0.0000904664770711308,0.00007969278977008709
"page:steel med helm","Steel med helm","page","item","item|monster","https://oldschool.runescape.wiki/w/Steel_med_helm","2001-01-04",,"false","true","true",7,37,7,53.5,7,13,0.00010742900804817109,0.00009938929255426832
"page:steel nails","Steel nails","page","item","item|monster","https://oldschool.runescape.wiki/w/Steel_nails","2001-09-23",,"false","true","false",1,35,1,63,1,16,0.0000906183441321733,0.00007943226623140656
"category:nails","Nails","category",,,,,,,,,1,0,0.5,0,0,0,0.00008945282808135907,0.00007764845047308417
"page:steel pick head","Steel pick head","page","item","item","https://oldschool.runescape.wiki/w/Steel_pick_head","2004-03-29","2014-09-11","false","true","false",0,29,0,27.5,0,17,0.00008884151385506988,0.00007764845047308417
"page:steel pickaxe","Steel pickaxe","page","item","item|monster","https://oldschool.runescape.wiki/w/Steel_pickaxe","2003-05-27",,"false","true","true",1,31,1,43,1,12,0.00009015482319032024,0.00007894259131735728
"page:steel platebody","Steel platebody","page","item","item|monster","https://oldschool.runescape.wiki/w/Steel_platebody","2001-01-04",,"false","true","true",6,45,9,79.5,6,21,0.0001063652986208973,0.00009661521449660655
"page:steel platelegs","Steel platelegs","page","item","item|monster","https://oldschool.runescape.wiki/w/Steel_platelegs","2001-01-04",,"false","true","true",2,39,5,61,2,14,0.00009572120878482203,0.00008784863330930948
"page:steel plateskirt","Steel plateskirt","page","item","item|monster","https://oldschool.runescape.wiki/w/Steel_plateskirt","2001-02-13",,"false","true","true",0,39,0,58.5,0,15,0.00008884151385506988,0.00007764845047308417
"page:steel scimitar","Steel scimitar","page","item","item|monster","https://oldschool.runescape.wiki/w/Steel_scimitar","2001-01-04",,"false","true","true",3,41,3,61,3,16,0.00009446747801320488,0.00008370711512304362
"page:steel skin","Steel Skin","page","prayer","prayer","https://oldschool.runescape.wiki/w/Steel_Skin","2001-05-24",,"false",,,4,18,7,35,4,16,0.00010039759475381465,0.00008797451072785893
"page:steel spear","Steel spear","page","item","item|monster","https://oldschool.runescape.wiki/w/Steel_spear","2003-04-14",,"true","true","true",1,38,1,40,1,13,0.0000904664770711308,0.00007969278977008709
"page:steel sq shield","Steel sq shield","page","item","item|monster","https://oldschool.runescape.wiki/w/Steel_sq_shield","2001-01-04",,"false","true","true",0,39,0,55.5,0,15,0.00008884151385506988,0.00007764845047308417
"page:steel studs","Steel studs","page","item","item|monster","https://oldschool.runescape.wiki/w/Steel_studs","2004-03-29",,"true","true","false",4,39,8,55.5,2,21,0.00010610053940147328,0.00008658378173114059
"page:steel sword","Steel sword","page","item","item|monster","https://oldschool.runescape.wiki/w/Steel_sword","2001-01-04",,"false","true","true",2,39,2,53,2,14,0.0000940403876288188,0.00008344449072530785
"page:steel thrownaxe","Steel thrownaxe","page","item","item|monster","https://oldschool.runescape.wiki/w/Steel_thrownaxe","2004-03-29",,"true","true","true",1,28,1,31,1,11,0.0000906686876566914,0.00007954175364145393
"page:steel warhammer","Steel warhammer","page","item","item|monster","https://oldschool.runescape.wiki/w/Steel_warhammer","2004-03-29",,"false","true","true",2,38,2,49,2,13,0.0000931801250518791,0.00008225828920107697
"page:stepping stone (wilderness agility course)","Stepping stone (Wilderness Agility Course)","page","scenery","scenery","https://oldschool.runescape.wiki/w/Stepping_stone_(Wilderness_Agility_Course)","2003-01-28",,"true",,,0,17,0,18,0,10,0.00008884151385506988,0.00007764845047308417
"page:stew","Stew","page","item","item","https://oldschool.runescape.wiki/w/Stew","2001-06-11",,"false","true","false",7,25,10,46,7,12,0.0001007981325671889,0.00009250648234354988
"page:stick","Stick","page","monster","monster","https://oldschool.runescape.wiki/w/Stick","2004-08-09",,"true",,,0,27,0,46,0,17,0.00008884151385506988,0.00007764845047308417
"page:stile","Stile","page","scenery","scenery","https://oldschool.runescape.wiki/w/Stile","2004-03-29",,"true",,,0,33,0,69.5,0,16,0.00008884151385506988,0.00007764845047308417
"page:stile (death plateau)","Stile (Death Plateau)","page","scenery","scenery","https://oldschool.runescape.wiki/w/Stile_(Death_Plateau)","2004-08-09",,"true",,,0,26,0,41.5,0,20,0.00008884151385506988,0.00007764845047308417
"page:still night","Still Night","page","music","music","https://oldschool.runescape.wiki/w/Still_Night","2004-03-15",,"false",,,0,16,0,34,0,10,0.00008884151385506988,0.00007764845047308417
"page:stone (nature spirit)","Stone (Nature Spirit)","page","scenery","scenery","https://oldschool.runescape.wiki/w/Stone_(Nature_Spirit)","2004-07-13",,"true",,,0,29,0,57.5,0,23,0.00008884151385506988,0.00007764845047308417
"page:stone ball","Stone ball","page","item","item","https://oldschool.runescape.wiki/w/Stone_ball","2004-08-09",,"true","false","false",0,28,0,49,0,21,0.00008884151385506988,0.00007764845047308417
"page:stone bridge","Stone bridge","page","scenery","scenery","https://oldschool.runescape.wiki/w/Stone_bridge","2003-03-03",,"true",,,0,26,0,24.5,0,20,0.00008884151385506988,0.00007764845047308417
"page:stone staircase","Stone Staircase","page","scenery","scenery","https://oldschool.runescape.wiki/w/Stone_Staircase","2004-08-24",,"true",,,0,16,0,16.5,0,7,0.00008884151385506988,0.00007764845047308417
"page:stone table (delrith)","Stone table (Delrith)","page","scenery","scenery","https://oldschool.runescape.wiki/w/Stone_table_(Delrith)","2001-01-04",,"false",,,0,12,0,24,0,7,0.00008884151385506988,0.00007764845047308417
"page:stone tablet (digsite dungeon)","Stone Tablet (Digsite Dungeon)","page","scenery","scenery","https://oldschool.runescape.wiki/w/Stone_Tablet_(Digsite_Dungeon)","2003-07-09",,"true",,,0,23,0,28.5,0,17,0.00008884151385506988,0.00007764845047308417
"page:stone tablet (the dig site)","Stone tablet (The Dig Site)","page","item","item","https://oldschool.runescape.wiki/w/Stone_tablet_(The_Dig_Site)","2003-07-09",,"true","false","false",0,25,0,30,0,17,0.00008884151385506988,0.00007764845047308417
"page:stone tablet (underground pass)","Stone tablet (Underground Pass)","page","scenery","scenery","https://oldschool.runescape.wiki/w/Stone_tablet_(Underground_Pass)","2003-03-03",,"true",,,0,25,0,30.5,0,19,0.00008884151385506988,0.00007764845047308417
"page:stone-plaque","Stone-plaque","page","item","item","https://oldschool.runescape.wiki/w/Stone-plaque","2003-01-27",,"true","false","false",15,30,21,51,15,22,0.00011868796387402406,0.00010725317837932878
"page:storeroom door","Storeroom Door","page","scenery","scenery","https://oldschool.runescape.wiki/w/Storeroom_Door","2004-08-24",,"true",,,0,9,0,7.5,0,3,0.00008884151385506988,0.00007764845047308417
"page:strange box","Strange box","page","item","item","https://oldschool.runescape.wiki/w/Strange_box","2004-08-02","2014-09-11","false","false","false",2,33,2,54,2,24,0.00009402877888133328,0.00008467378648485247
"page:strange fruit","strange fruit","page","item","item|monster","https://oldschool.runescape.wiki/w/Strange_fruit","2004-03-29",,"true","true","false",2,21,5,25.5,2,6,0.00010725987648358104,0.0001188991898842895
"page:strange looking stone","Strange looking stone","page","scenery","scenery","https://oldschool.runescape.wiki/w/Strange_looking_stone","2004-03-03",,"true",,,0,32,0,57.5,0,25,0.00008884151385506988,0.00007764845047308417
"page:strange plant","Strange plant","page","npc","npc","https://oldschool.runescape.wiki/w/Strange_plant","2004-03-29","2014-09-11","true",,,0,15,0,20.5,0,5,0.00008884151385506988,0.00007764845047308417
"page:strange shrine","Strange shrine","page","scenery","scenery","https://oldschool.runescape.wiki/w/Strange_shrine","2004-08-02",,"false",,,0,21,0,26,0,14,0.00008884151385506988,0.00007764845047308417
"category:shrines","Shrines","category",,,,,,,,,1,0,0.5,0,0,0,0.00009029373090847171,0.00007764845047308417
"page:strange watcher","Strange watcher","page","npc","npc","https://oldschool.runescape.wiki/w/Strange_watcher","2004-08-02",,"false",,,0,13,0,21,0,6,0.00008884151385506988,0.00007764845047308417
"page:stratosphere","Stratosphere","page","music","music","https://oldschool.runescape.wiki/w/Stratosphere","2004-06-02",,"true",,,0,11,0,24,0,7,0.00008884151385506988,0.00007764845047308417
"page:straven","Straven","page","npc","npc","https://oldschool.runescape.wiki/w/Straven","2001-01-04",,"true",,,9,33,18,57,9,24,0.00011320483039872872,0.00010172104337355275
"page:strength","Strength","page","skill","skill","https://oldschool.runescape.wiki/w/Strength","2001-01-04",,"false",,,78,8,120,9,78,4,0.0003876281896732913,0.0004115378851729251
"page:strength level up! (2-49)","Strength Level Up! (2-49)","page","music","music","https://oldschool.runescape.wiki/w/Strength_Level_Up!_(2-49)","2004-03-29",,"false",,,0,9,0,9.5,0,4,0.00008884151385506988,0.00007764845047308417
"page:strength level up! (50-99)","Strength Level Up! (50-99)","page","music","music","https://oldschool.runescape.wiki/w/Strength_Level_Up!_(50-99)","2004-03-29",,"false",,,0,9,0,9.5,0,4,0.00008884151385506988,0.00007764845047308417
"page:strength potion","strength potion","page","item","item|monster","https://oldschool.runescape.wiki/w/Strength_potion","2001-02-05",,"false","true","false",2,36,5,76.5,2,14,0.00010579794902253795,0.0000978339123197057
"page:stronghold","Stronghold","page","scenery","scenery","https://oldschool.runescape.wiki/w/Stronghold","2004-08-24",,"true",,,0,5,0,4,0,0,0.00008884151385506988,0.00007764845047308417
"page:studded body","Studded body","page","item","item","https://oldschool.runescape.wiki/w/Studded_body","2004-03-29",,"false","true","true",2,30,5,39,2,12,0.00010037063903714197,0.00008938505702498964
"page:studded chaps","Studded chaps","page","item","item|monster","https://oldschool.runescape.wiki/w/Studded_chaps","2004-03-29",,"false","true","true",0,30,0,35.5,0,11,0.00008884151385506988,0.00007764845047308417
"page:studded leather","Studded Leather","page","scenery","scenery","https://oldschool.runescape.wiki/w/Studded_Leather","2004-01-21",,"true",,,0,22,0,30.5,0,16,0.00008884151385506988,0.00007764845047308417
"page:student","Student","page","npc","npc","https://oldschool.runescape.wiki/w/Student","2003-07-09",,"true",,,6,29,6,37,6,17,0.0000993767798993478,0.00008854665735711007
"page:study desk","Study desk","page","scenery","scenery","https://oldschool.runescape.wiki/w/Study_desk","2004-03-29",,"false",,,0,12,0,14,0,7,0.00008884151385506988,0.00007764845047308417
"page:stun","Stun","page","spell","spell","https://oldschool.runescape.wiki/w/Stun","2002-10-23",,"true",,,0,17,0,27,0,13,0.00008884151385506988,0.00007764845047308417
"page:sturdy wooden gate","Sturdy wooden gate","page","scenery","scenery","https://oldschool.runescape.wiki/w/Sturdy_wooden_gate","2003-06-09",,"true",,,0,32,0,44.5,0,26,0.00008884151385506988,0.00007764845047308417
"page:suit of armour","Suit of armour","page","monster","monster","https://oldschool.runescape.wiki/w/Suit_of_armour","2002-02-27",,"true",,,0,25,0,27.5,0,18,0.00008884151385506988,0.00007764845047308417
"page:suit of armour (black and red)","Suit of armour (black and red)","page","scenery","scenery","https://oldschool.runescape.wiki/w/Suit_of_armour_(black_and_red)","2004-03-29",,,,,0,14,0,20,0,9,0.00008884151385506988,0.00007764845047308417
"page:suit of armour (imperial guard)","Suit of armour (Imperial Guard)","page","scenery","scenery","https://oldschool.runescape.wiki/w/Suit_of_armour_(Imperial_Guard)","2004-08-09",,"true",,,0,9,0,15,0,4,0.00008884151385506988,0.00007764845047308417
"page:suit of armour (red and yellow)","Suit of armour (red and yellow)","page","scenery","scenery","https://oldschool.runescape.wiki/w/Suit_of_armour_(red_and_yellow)","2004-03-29",,,,,0,14,0,20.5,0,10,0.00008884151385506988,0.00007764845047308417
"page:suit of armour (rusty)","Suit of armour (rusty)","page","scenery","scenery","https://oldschool.runescape.wiki/w/Suit_of_armour_(rusty)","2004-03-29",,,,,0,9,0,15.5,0,5,0.00008884151385506988,0.00007764845047308417
"page:suit of armour (varrock, old)","Suit of armour (Varrock, old)","page","scenery","scenery","https://oldschool.runescape.wiki/w/Suit_of_armour_(Varrock%2C_old)","2004-03-29",,"true",,,0,7,0,9,0,2,0.00008884151385506988,0.00007764845047308417
"page:suit of armour (varrock)","Suit of armour (Varrock)","page","scenery","scenery","https://oldschool.runescape.wiki/w/Suit_of_armour_(Varrock)","2004-03-29",,"false",,,0,5,0,4,0,0,0.00008884151385506988,0.00007764845047308417
"page:suit of armour (white and blue)","Suit of armour (white and blue)","page","scenery","scenery","https://oldschool.runescape.wiki/w/Suit_of_armour_(white_and_blue)","2004-03-29",,,,,0,9,0,15.5,0,5,0.00008884151385506988,0.00007764845047308417
"page:sulphuric broline","sulphuric broline","page","item","item","https://oldschool.runescape.wiki/w/Sulphuric_broline","2002-10-23",,"true","false","false",1,43,4,89,1,36,0.00009297933778805047,0.0000815308730059035
"page:summoned zombie","Summoned Zombie","page","monster","monster","https://oldschool.runescape.wiki/w/Summoned_Zombie","2002-05-28",,"true",,,0,18,0,26.5,0,11,0.00008884151385506988,0.00007764845047308417
"page:super attack","super attack","page","item","item|monster","https://oldschool.runescape.wiki/w/Super_attack","2002-02-27",,"true","true","false",2,30,8,54,2,10,0.00010045502583728657,0.00009274214696085664
"page:super defence","super defence","page","item","item|monster","https://oldschool.runescape.wiki/w/Super_defence","2002-02-27",,"true","true","false",2,28,8,46.5,2,8,0.00010424934396132479,0.00009563066128679348
"page:super energy","Super energy","page","item","item","https://oldschool.runescape.wiki/w/Super_energy","2004-09-01",,"true","true","false",0,24,0,44,0,8,0.00008884151385506988,0.00007764845047308417
"page:super restore","super restore","page","item","item|monster","https://oldschool.runescape.wiki/w/Super_restore","2004-07-27",,"true","true","false",2,32,9,67.5,2,15,0.00009940671513558563,0.00008860029886657771
"page:super strength","super strength","page","item","item|monster","https://oldschool.runescape.wiki/w/Super_strength","2002-02-27",,"true","true","false",1,32,4,62,1,12,0.00009523259330139694,0.00008547663312403523
"page:superantipoison","superantipoison","page","item","item|monster","https://oldschool.runescape.wiki/w/Superantipoison","2002-02-27",,"true","true","false",1,30,4,56,1,13,0.0000942840570461975,0.00008378809540870544
"page:superheat item","Superheat Item","page","spell","spell","https://oldschool.runescape.wiki/w/Superheat_Item","2001-05-24",,"false",,,1,30,4,58,1,26,0.00009331649381221925,0.0000817735244142047
"page:superhuman strength","Superhuman Strength","page","prayer","prayer","https://oldschool.runescape.wiki/w/Superhuman_Strength","2001-05-24",,"false",,,2,21,2,44,2,19,0.00009205275619649208,0.00008051614076497087
"page:surgeon general tafani","Surgeon General Tafani","page","npc","npc","https://oldschool.runescape.wiki/w/Surgeon_General_Tafani","2004-03-25",,"false",,,1,13,1,28,1,5,0.00009423546291056243,0.00008424856877887702
"page:survival expert","Survival Expert","page","npc","npc","https://oldschool.runescape.wiki/w/Survival_Expert","2004-03-29",,"false",,,5,23,5,30,5,16,0.00009900701732062667,0.00008794820774651852
"page:swamp toad","Swamp Toad","page","npc","npc","https://oldschool.runescape.wiki/w/Swamp_Toad","2004-05-18",,"true",,,1,21,4,35.5,1,12,0.00009852884875572178,0.00008866083280860448
"action:inflate","Inflate","action",,,,,,,,,2,0,3.5,0,0,0,0.00009709850892686048,0.00007764845047308417
"page:swamp paste","Swamp paste","page","item","item|monster","https://oldschool.runescape.wiki/w/Swamp_paste","2002-09-09",,"true","true","false",2,31,5,75,2,16,0.00010419957496436098,0.0000959855949349945
"page:swamp tar","Swamp tar","page","item","item|monster","https://oldschool.runescape.wiki/w/Swamp_tar","2002-09-09",,"true","true","false",1,18,1,23.5,1,8,0.00009223280088856348,0.00008168554284240848
"page:swamp toad (item)","Swamp toad (item)","page","item","item|monster","https://oldschool.runescape.wiki/w/Swamp_toad_(item)","2002-12-12",,"true","true","false",7,29,21,41,6,17,0.00011681786203713051,0.00010364595101492146
"action:remove-legs","Remove-legs","action",,,,,,,,,1,0,2,0,0,0,0.00009368518130539584,0.00007764845047308417
"page:swarm (random event)","Swarm (random event)","page","npc","npc","https://oldschool.runescape.wiki/w/Swarm_(random_event)","2004-03-29","2014-09-11","true",,,0,23,0,20,0,17,0.00008884151385506988,0.00007764845047308417
"page:sword pommel","Sword pommel","page","item","item","https://oldschool.runescape.wiki/w/Sword_pommel","2003-01-27",,"true","false","false",12,30,18,47,12,23,0.00011800494297261924,0.00010677311181956931
"page:swordfish","Swordfish","page","item","item|monster","https://oldschool.runescape.wiki/w/Swordfish","2001-06-11",,"false","true","false",1,36,1,62,1,18,0.00009032893255038707,0.00007901112420568795
"page:table (gnome)","Table (Gnome)","page","scenery","scenery","https://oldschool.runescape.wiki/w/Table_(Gnome)","2004-03-29",,"true",,,0,5,0,4,0,0,0.00008884151385506988,0.00007764845047308417
"page:table (granite)","Table (Granite)","page","scenery","scenery","https://oldschool.runescape.wiki/w/Table_(Granite)","2004-03-29",,"false",,,0,15,0,29,0,9,0.00008884151385506988,0.00007764845047308417
"page:table (shaman caves)","Table (Shaman Caves)","page","scenery","scenery","https://oldschool.runescape.wiki/w/Table_(Shaman_Caves)","2004-03-09",,"true",,,0,32,0,47.5,0,26,0.00008884151385506988,0.00007764845047308417
"page:tagged a ticket! (brimhaven agility arena)","Tagged a Ticket! (Brimhaven Agility Arena)","page","music","music","https://oldschool.runescape.wiki/w/Tagged_a_Ticket!_(Brimhaven_Agility_Arena)","2004-07-27",,"true",,,0,11,0,18.5,0,6,0.00008884151385506988,0.00007764845047308417
"page:tai bwo wannai","Tai Bwo Wannai","page","location","location","https://oldschool.runescape.wiki/w/Tai_Bwo_Wannai","2002-10-23",,"true",,,8,11,39,18,8,5,0.00016480896235167996,0.0001530890623232602
"page:talking forest","Talking Forest","page","music","music","https://oldschool.runescape.wiki/w/Talking_Forest","2004-03-19",,"true",,,0,10,0,19,0,6,0.00008884151385506988,0.00007764845047308417
"page:tall reeds","Tall Reeds","page","scenery","scenery","https://oldschool.runescape.wiki/w/Tall_Reeds","2003-08-20",,"true",,,0,30,0,52.5,0,23,0.00008884151385506988,0.00007764845047308417
"page:tan cavalier","Tan cavalier","page","item","item","https://oldschool.runescape.wiki/w/Tan_cavalier","2004-05-05",,"true","true","true",0,26,0,25.5,0,10,0.00008884151385506988,0.00007764845047308417
"page:tangled toad's legs","Tangled toad's legs","page","item","item|monster","https://oldschool.runescape.wiki/w/Tangled_toad's_legs","2002-12-12",,"true","true","false",1,48,4,97.5,1,31,0.00009471839251719039,0.00008448871491439078
"page:tanner (crafting guild)","Tanner (Crafting Guild)","page","npc","npc","https://oldschool.runescape.wiki/w/Tanner_(Crafting_Guild)","2001-06-23",,"false",,,0,29,0,41.5,0,22,0.00008884151385506988,0.00007764845047308417
"page:target (ranging guild)","Target (Ranging Guild)","page","scenery","scenery","https://oldschool.runescape.wiki/w/Target_(Ranging_Guild)","2004-03-29",,"true",,,0,28,0,55,0,21,0.00008884151385506988,0.00007764845047308417
"action:fire-at","Fire-at","action",,,,,,,,,1,0,2,0,0,0,0.00009158752428332063,0.00007764845047308417
"page:tarromin","Tarromin","page","item","item","https://oldschool.runescape.wiki/w/Tarromin","2002-02-27",,"true","true","false",4,24,9,26,3,13,0.00010373348573024675,0.00009024088796482842
"page:tarromin potion (unf)","Tarromin potion (unf)","page","item","item","https://oldschool.runescape.wiki/w/Tarromin_potion_(unf)","2002-02-27",,"true","true","false",3,29,3,46,3,15,0.00009311535146511307,0.00008309762222354303
"page:tattered eye patch","Tattered eye patch","page","item","item","https://oldschool.runescape.wiki/w/Tattered_eye_patch","2003-05-07",,"true","false","false",1,23,1,21,1,16,0.00008947810984267998,0.00007823820363432856
"page:tattered scroll","Tattered scroll","page","item","item","https://oldschool.runescape.wiki/w/Tattered_scroll","2003-01-27",,"true","false","false",11,32,14,49.5,11,23,0.00010813049890554632,0.00009666526881979857
"page:taverley","Taverley","page","location","location","https://oldschool.runescape.wiki/w/Taverley","2002-02-27",,"true",,,12,23,48,31,12,17,0.00016529156781007346,0.00015450717479739245
"page:taverley dungeon","Taverley Dungeon","page","location","location","https://oldschool.runescape.wiki/w/Taverley_Dungeon","2002-02-27",,"true",,,8,24,37,44,8,18,0.00013769678435740477,0.00012508797465377063
"page:tea seller","Tea seller","page","npc","npc","https://oldschool.runescape.wiki/w/Tea_Seller","2003-07-09",,"true",,,6,24,22,29,6,16,0.0001465331260773651,0.00014176812069911717
"page:tea stall","Tea stall","page","scenery","scenery","https://oldschool.runescape.wiki/w/Tea_stall","2003-07-09",,"true",,,1,16,4,16.5,1,8,0.00009500602706134708,0.00008326557243546106
"page:teal boots","Teal boots","page","item","item","https://oldschool.runescape.wiki/w/Teal_boots","2004-06-29",,"false","true","true",0,32,0,42,0,19,0.00008884151385506988,0.00007764845047308417
"page:teal gloves","Teal gloves","page","item","item|monster","https://oldschool.runescape.wiki/w/Teal_gloves","2004-06-29",,"false","true","true",0,30,0,33.5,0,16,0.00008884151385506988,0.00007764845047308417
"page:teal hat","Teal hat","page","item","item","https://oldschool.runescape.wiki/w/Teal_hat","2004-06-29",,"true","true","true",0,30,0,37.5,0,18,0.00008884151385506988,0.00007764845047308417
"page:teal robe bottoms","Teal robe bottoms","page","item","item","https://oldschool.runescape.wiki/w/Teal_robe_bottoms","2004-06-29",,"true","true","true",0,30,0,37.5,0,18,0.00008884151385506988,0.00007764845047308417
"page:teal robe top","Teal robe top","page","item","item","https://oldschool.runescape.wiki/w/Teal_robe_top","2004-06-29",,"true","true","true",0,30,0,37.5,0,18,0.00008884151385506988,0.00007764845047308417
"page:technical plans","Technical plans","page","item","item","https://oldschool.runescape.wiki/w/Technical_plans","2003-04-14",,"true","false","false",6,32,6,37,6,24,0.00009709985182723528,0.00008581044235940347
"page:ted rehnison","Ted Rehnison","page","npc","npc","https://oldschool.runescape.wiki/w/Ted_Rehnison","2002-08-27",,"true",,,5,34,8,47.5,5,26,0.0001059913739596299,0.00009438237702586557
"page:telekinetic grab","Telekinetic Grab","page","spell","spell","https://oldschool.runescape.wiki/w/Telekinetic_Grab","2001-05-24",,"false",,,6,21,26,34,6,17,0.00011858331234764882,0.00010691824548428859
"page:telescope (observatory reception)","Telescope (Observatory reception)","page","scenery","scenery","https://oldschool.runescape.wiki/w/Telescope_(Observatory_reception)","2003-03-17",,"true",,,0,10,0,19,0,5,0.00008884151385506988,0.00007764845047308417
"page:telescope (observatory)","Telescope (Observatory)","page","scenery","scenery","https://oldschool.runescape.wiki/w/Telescope_(Observatory)","2003-03-17",,"true",,,0,10,0,20,0,5,0.00008884151385506988,0.00007764845047308417
"page:temple door (iban's temple)","Temple door (Iban's Temple)","page","scenery","scenery","https://oldschool.runescape.wiki/w/Temple_door_(Iban's_Temple)","2003-03-03",,"true",,,0,28,0,39.5,0,22,0.00008884151385506988,0.00007764845047308417
"page:temple guardian","Temple Guardian","page","monster","monster","https://oldschool.runescape.wiki/w/Temple_Guardian","2004-06-29",,"true",,,0,24,0,35,0,16,0.00008884151385506988,0.00007764845047308417
"page:temple of ikov","Temple of Ikov","page","quest","quest","https://oldschool.runescape.wiki/w/Temple_of_Ikov","2002-06-17",,"true",,,4,36,11,108,4,32,0.00010808632814001964,0.0000966501609490931
"page:temple of ikov (dungeon)","Temple of Ikov (dungeon)","page","location","location","https://oldschool.runescape.wiki/w/Temple_of_Ikov_(dungeon)","2002-06-17",,"true",,,3,39,10,77,3,31,0.00011073000277590921,0.00009964884482572701
"page:tent door (bedabin camp)","Tent door (Bedabin Camp)","page","scenery","scenery","https://oldschool.runescape.wiki/w/Tent_door_(Bedabin_Camp)","2003-04-14",,"true",,,0,35,0,49,0,28,0.00008884151385506988,0.00007764845047308417
"page:tenti pineapple","Tenti pineapple","page","item","item","https://oldschool.runescape.wiki/w/Tenti_pineapple","2003-04-14",,"true","false","false",4,37,4,53.5,4,28,0.00009406424486886901,0.00008278077078988914
"page:tenzing","Tenzing","page","npc","npc","https://oldschool.runescape.wiki/w/Tenzing","2004-08-09",,"true",,,2,30,2,47,2,21,0.00009187879253009571,0.00008059571385340042
"page:terrorbird","Terrorbird","page","monster","monster","https://oldschool.runescape.wiki/w/Terrorbird","2004-03-29",,"true",,,0,18,0,13.5,0,9,0.00008884151385506988,0.00007764845047308417
"page:terry balando","Terry Balando","page","npc","npc","https://oldschool.runescape.wiki/w/Terry_Balando","2003-07-09",,"true",,,5,28,8,38.5,5,20,0.00010616118305077518,0.00009567501932150369
"page:the desert","The Desert","page","music","music","https://oldschool.runescape.wiki/w/The_Desert","2004-03-15",,"true",,,0,14,0,35,0,10,0.00008884151385506988,0.00007764845047308417
"page:the dig site","The Dig Site","page","quest","quest","https://oldschool.runescape.wiki/w/The_Dig_Site","2003-07-09",,"true",,,8,34,35,91.5,6,29,0.00013605786234196636,0.00011975080369054123
"page:the emir's arena","The Emir's Arena","page","music","music","https://oldschool.runescape.wiki/w/The_Emir's_Arena","2004-03-25",,"false",,,0,7,0,5,0,3,0.00008884151385506988,0.00007764845047308417
"page:the fisher king","The Fisher King","page","npc","npc","https://oldschool.runescape.wiki/w/The_Fisher_King","2002-07-23",,"true",,,0,34,0,54.5,0,26,0.00008884151385506988,0.00007764845047308417
"page:the forgotten cemetery","The Forgotten Cemetery","page","location","location","https://oldschool.runescape.wiki/w/The_Forgotten_Cemetery","2004-03-29",,"false",,,0,14,0,22.5,0,9,0.00008884151385506988,0.00007764845047308417
"page:the grand tree","The Grand Tree","page","quest","quest","https://oldschool.runescape.wiki/w/The_Grand_Tree","2002-12-12",,"true",,,6,39,27,103,6,35,0.00013814822630799252,0.00012856353243690462
"page:the knight's sword","The Knight's Sword","page","quest","quest","https://oldschool.runescape.wiki/w/The_Knight's_Sword","2001-04-06",,"false",,,2,37,9,126,2,33,0.0001059748861910087,0.00009552071041989002
"page:the lady of the lake","The Lady of the Lake","page","npc","npc","https://oldschool.runescape.wiki/w/The_Lady_of_the_Lake","2002-02-27",,"true",,,1,34,1,55,1,25,0.00009077780325960567,0.00007948181666913773
"page:the long hall","The Long Hall","page","shop","shop","https://oldschool.runescape.wiki/w/The_Long_Hall","2001-01-04",,"false",,,0,19,0,36.5,0,14,0.00008884151385506988,0.00007764845047308417
"page:the north","The North","page","location","location","https://oldschool.runescape.wiki/w/The_North","2004-08-09",,"true",,,0,6,0,4,0,2,0.00008884151385506988,0.00007764845047308417
"page:the rehnison household","The Rehnison household","page","location","location","https://oldschool.runescape.wiki/w/The_Rehnison_household","2002-08-27",,"true",,,0,25,0,33.5,0,18,0.00008884151385506988,0.00007764845047308417
"page:the restless ghost","The Restless Ghost","page","quest","quest","https://oldschool.runescape.wiki/w/The_Restless_Ghost","2001-01-04",,"false",,,0,28,0,79,0,24,0.00008884151385506988,0.00007764845047308417
"page:the shadow","The Shadow","page","music","music","https://oldschool.runescape.wiki/w/The_Shadow","2004-03-15",,"false",,,0,14,0,29.5,0,9,0.00008884151385506988,0.00007764845047308417
"page:the shrimp and parrot","The Shrimp and Parrot","page","shop","shop","https://oldschool.runescape.wiki/w/The_Shrimp_and_Parrot","2002-02-27",,"true",,,2,31,6,56,2,27,0.00009799464345606707,0.00008656986040255671
"page:the toad and chicken","The Toad and Chicken","page","shop","shop","https://oldschool.runescape.wiki/w/The_Toad_and_Chicken","2004-08-09",,"true",,,12,31,19,51,12,24,0.00012362958200171038,0.0001110200484796043
"page:the tourist trap","The Tourist Trap","page","quest","quest","https://oldschool.runescape.wiki/w/The_Tourist_Trap","2003-04-14",,"true",,,7,41,32,109,7,37,0.0001407730673219582,0.00013097549330612064
"page:the tower","The Tower","page","music","music","https://oldschool.runescape.wiki/w/The_Tower","2004-03-15",,"true",,,0,13,0,32,0,9,0.00008884151385506988,0.00007764845047308417
"page:theme","Theme","page","music","music","https://oldschool.runescape.wiki/w/Theme","2004-03-19",,"true",,,1,10,5,19,1,6,0.00009631827492208925,0.00008482249210981554
"page:thessalia","Thessalia","page","npc","npc","https://oldschool.runescape.wiki/w/Thessalia","2001-01-04",,"false",,,5,37,19,49.5,5,18,0.00014511002589122756,0.0001310779796152168
"action:other-services","Other-services","action",,,,,,,,,2,0,3.5,0,0,0,0.00009756277298693371,0.00007764845047308417
"page:thessalia's fine clothes.","Thessalia's Fine Clothes.","page","shop","shop","https://oldschool.runescape.wiki/w/Thessalia's_Fine_Clothes.","2001-01-04",,"false",,,0,24,0,29,0,20,0.00008884151385506988,0.00007764845047308417
"page:thessalia's makeovers","Thessalia's Makeovers","page","shop","shop","https://oldschool.runescape.wiki/w/Thessalia's_Makeovers","2004-03-29","2024-08-14","false",,,0,18,0,23,0,14,0.00008884151385506988,0.00007764845047308417
"page:thick skin","Thick Skin","page","prayer","prayer","https://oldschool.runescape.wiki/w/Thick_Skin","2001-05-24",,"false",,,1,23,1,49,1,21,0.00009048315052413283,0.00007911514342992702
"page:thief","Thief","page","monster","monster","https://oldschool.runescape.wiki/w/Thief","2001-01-04",,"false",,,0,26,0,21,0,10,0.00008884151385506988,0.00007764845047308417
"page:thieves' armband","thieves' armband","page","item","item","https://oldschool.runescape.wiki/w/Thieves'_armband","2002-02-27",,"true","false","false",3,41,6,80,3,34,0.00009727393000860001,0.00008629681977922083
"page:thieving","Thieving","page","skill","skill","https://oldschool.runescape.wiki/w/Thieving","2002-04-30",,"true",,,34,13,79,14.5,34,10,0.0002540494553858537,0.00025206722515597196
"page:thieving level up!","Thieving Level Up!","page","music","music","https://oldschool.runescape.wiki/w/Thieving_Level_Up!","2004-03-29",,"true",,,0,8,0,5.5,0,3,0.00008884151385506988,0.00007764845047308417
"page:thieving level up! (unlocks)","Thieving Level Up! (Unlocks)","page","music","music","https://oldschool.runescape.wiki/w/Thieving_Level_Up!_(Unlocks)","2004-03-29",,"true",,,0,9,0,9.5,0,4,0.00008884151385506988,0.00007764845047308417
"page:think","Think","page","article","article","https://oldschool.runescape.wiki/w/Think","2004-03-29",,"false",,,2,11,2,10.5,2,10,0.00010189580864745993,0.00008957366423384408
"page:thistle","Thistle","page","scenery","scenery","https://oldschool.runescape.wiki/w/Thistle","2004-03-29",,"false",,,0,11,0,19,0,6,0.00008884151385506988,0.00007764845047308417
"page:thormac","Thormac","page","npc","npc","https://oldschool.runescape.wiki/w/Thormac","2002-03-25",,"true",,,1,22,4,44,1,15,0.00009434510756264277,0.00008517729389839645
"page:thrantax the mighty","Thrantax the Mighty","page","monster","monster","https://oldschool.runescape.wiki/w/Thrantax_the_Mighty","2002-02-27",,"true",,,0,27,0,39,0,21,0.00008884151385506988,0.00007764845047308417
"page:thread","Thread","page","item","item|monster","https://oldschool.runescape.wiki/w/Thread","2001-06-23",,"false","true","false",0,29,0,31.5,0,19,0.00008884151385506988,0.00007764845047308417
"page:throne (tree gnome stronghold)","Throne (Tree Gnome Stronghold)","page","scenery","scenery","https://oldschool.runescape.wiki/w/Throne_(Tree_Gnome_Stronghold)","2004-03-29",,"true",,,0,17,0,21.5,0,11,0.00008884151385506988,0.00007764845047308417
"page:thrower troll","Thrower Troll","page","monster","monster","https://oldschool.runescape.wiki/w/Thrower_Troll","2004-08-09",,"true",,,0,23,0,28.5,0,12,0.00008884151385506988,0.00007764845047308417
"page:thrower troll (trollheim)","Thrower troll (Trollheim)","page","monster","monster","https://oldschool.runescape.wiki/w/Thrower_troll_(Trollheim)","2004-08-24",,"true",,,0,17,0,20,0,9,0.00008884151385506988,0.00007764845047308417
"page:throwing rope","Throwing rope","page","item","item","https://oldschool.runescape.wiki/w/Throwing_rope","2004-04-15",,"false","false","false",0,10,0,11,0,3,0.00008884151385506988,0.00007764845047308417
"page:thug","Thug","page","monster","monster","https://oldschool.runescape.wiki/w/Thug","2002-02-27",,"true",,,0,26,0,27.5,0,17,0.00008884151385506988,0.00007764845047308417
"page:thurgo","Thurgo","page","npc","npc","https://oldschool.runescape.wiki/w/Thurgo","2001-04-06",,"false",,,1,21,1,40.5,1,11,0.00009070608883721545,0.00007943226623140656
"category:prying times","Prying Times","category",,,,,,,,,1,0,0.5,0,0,0,0.00008979336787373314,0.00007764845047308417
"page:ticket dispenser","Ticket Dispenser","page","scenery","scenery","https://oldschool.runescape.wiki/w/Ticket_Dispenser","2004-07-27",,"true",,,1,21,4,32.5,1,13,0.00009874515802253161,0.00008820863976235273
"action:tag","Tag","action",,,,,,,,,2,0,4,0,0,0,0.00009895846728152482,0.00007764845047308417
"page:ticket dispenser (darts)","Ticket Dispenser (darts)","page","scenery","scenery","https://oldschool.runescape.wiki/w/Ticket_Dispenser_(darts)","2004-07-27",,"true",,,0,20,0,30.5,0,12,0.00008884151385506988,0.00007764845047308417
"page:ticket merchant","Ticket Merchant","page","npc","npc","https://oldschool.runescape.wiki/w/Ticket_Merchant","2004-03-29",,"true",,,3,29,3,50.5,3,23,0.00009657269557378478,0.00008564541845504188
"page:tile","Tile","page","item","item|monster","https://oldschool.runescape.wiki/w/Tile","2001-08-13",,"false","true","false",0,16,0,19,0,7,0.00008884151385506988,0.00007764845047308417
"page:time out","Time Out","page","music","music","https://oldschool.runescape.wiki/w/Time_Out","2004-08-02",,"false",,,0,9,0,14,0,5,0.00008884151385506988,0.00007764845047308417
"page:tin ore","Tin ore","page","item","item|monster","https://oldschool.runescape.wiki/w/Tin_ore","2001-01-04",,"false","true","false",4,24,11,31,4,11,0.00010847528330405019,0.00009727883707367306
"page:tin rocks","Tin rocks","page","scenery","scenery","https://oldschool.runescape.wiki/w/Tin_rocks","2001-01-04",,"false",,,1,19,4,41.5,1,11,0.00009331649381221925,0.0000817735244142047
"page:tinderbox","Tinderbox","page","item","item|monster","https://oldschool.runescape.wiki/w/Tinderbox","2001-01-04",,"false","true","false",9,19,26,25,9,8,0.00012912922359248894,0.00012242611545220313
"page:toad batta","toad batta","page","item","item","https://oldschool.runescape.wiki/w/Toad_batta","2002-12-12",,"true","true","false",1,45,4,93,1,31,0.00009471839251719039,0.00008448871491439078
"page:toad crunchies","Toad crunchies","page","item","item|monster","https://oldschool.runescape.wiki/w/Toad_crunchies","2002-12-12",,"true","true","false",24,43,30,87.5,24,28,0.00012673549930269787,0.00011705277679179232
"page:toad's legs","Toad's legs","page","item","item|monster","https://oldschool.runescape.wiki/w/Toad's_legs","2002-12-12",,"true","true","false",5,37,11,62.5,5,23,0.00010803085775940618,0.00010059212375532306
"page:toadflax","Toadflax","page","item","item|monster","https://oldschool.runescape.wiki/w/Toadflax","2004-07-27",,"true","true","false",3,24,8,37.5,2,12,0.00010322537800305002,0.00008987089178010798
"page:toadflax potion (unf)","Toadflax potion (unf)","page","item","item","https://oldschool.runescape.wiki/w/Toadflax_potion_(unf)","2004-07-27",,"true","true","false",0,28,0,42,0,14,0.00008884151385506988,0.00007764845047308417
"page:toban","Toban","page","npc","npc","https://oldschool.runescape.wiki/w/Toban","2003-05-07",,"true",,,8,30,11,50.5,8,22,0.00011290117312331302,0.00010439529276380183
"page:toban's gold","Toban's gold","page","item","item","https://oldschool.runescape.wiki/w/Toban's_gold","2003-05-07",,"true","false","false",6,29,9,37.5,6,19,0.00011560868325955592,0.00010900346057445467
"page:toban's key","Toban's key","page","item","item","https://oldschool.runescape.wiki/w/Toban's_key","2003-05-07",,"true","false","false",5,14,5,20.5,5,6,0.00009916225969960049,0.00008886151672154172
"page:tomato","Tomato","page","item","item|monster","https://oldschool.runescape.wiki/w/Tomato","2001-06-11",,"false","true","false",16,39,39,61.5,15,24,0.00014228876107884048,0.00013573251869659295
"page:tomb (iban)","Tomb (Iban)","page","scenery","scenery","https://oldschool.runescape.wiki/w/Tomb_(Iban)","2003-03-03",,"true",,,0,30,0,43.5,0,24,0.00008884151385506988,0.00007764845047308417
"page:tomb dolmen (rashiliyia's tomb)","tomb dolmen (Rashiliyia's Tomb)","page","scenery","scenery","https://oldschool.runescape.wiki/w/Tomb_dolmen_(Rashiliyia's_Tomb)","2003-01-27",,"true",,,1,29,4,45.5,1,22,0.00009438392022401635,0.00008314854906124489
"page:tomb dolmen (tomb of bervirius)","Tomb dolmen (Tomb of Bervirius)","page","scenery","scenery","https://oldschool.runescape.wiki/w/Tomb_dolmen_(Tomb_of_Bervirius)","2003-01-27",,"true",,,1,29,4,44.5,1,22,0.00009474285701743503,0.00008320762940746868
"page:tomb doors","Tomb doors","page","scenery","scenery","https://oldschool.runescape.wiki/w/Tomb_doors","2003-01-27",,"true",,,0,32,0,54.5,0,25,0.00008884151385506988,0.00007764845047308417
"page:tomb of bervirius","Tomb of Bervirius","page","location","location","https://oldschool.runescape.wiki/w/Tomb_of_Bervirius","2003-01-27",,"true",,,1,32,4,54.5,1,25,0.00009459505951426192,0.00008338768378246926
"page:tombstone","Tombstone","page","scenery","scenery","https://oldschool.runescape.wiki/w/Tombstone","2004-03-29",,,,,0,9,0,14,0,4,0.00008884151385506988,0.00007764845047308417
"page:tomorrow","Tomorrow","page","music","music","https://oldschool.runescape.wiki/w/Tomorrow","2004-03-25",,"false",,,0,10,0,19,0,6,0.00008884151385506988,0.00007764845047308417
"page:tony's pizza bases","Tony's Pizza Bases","page","shop","shop","https://oldschool.runescape.wiki/w/Tony's_Pizza_Bases","2002-02-27",,"false",,,0,27,0,50,0,23,0.00008884151385506988,0.00007764845047308417
"page:toolkit","Toolkit","page","item","item","https://oldschool.runescape.wiki/w/Toolkit","2003-05-27",,"true","false","false",0,32,0,54.5,0,24,0.00008884151385506988,0.00007764845047308417
"page:tooth half of key","Tooth half of key","page","item","item","https://oldschool.runescape.wiki/w/Tooth_half_of_key","2002-02-27",,"true","true","false",0,18,0,36.5,0,8,0.00008884151385506988,0.00007764845047308417
"page:torch","Torch","page","item","item|monster","https://oldschool.runescape.wiki/w/Torch","2002-09-09",,"true","true","false",0,30,0,48.5,0,13,0.00008884151385506988,0.00007764845047308417
"page:torch (unobtainable item)","Torch (unobtainable item)","page","item","item","https://oldschool.runescape.wiki/w/Torch_(unobtainable_item)","2004-03-29","2005-03-14","false","false","false",0,17,0,14.5,0,9,0.00008884151385506988,0.00007764845047308417
"page:tormented warrior","Tormented Warrior","page","monster","monster","https://oldschool.runescape.wiki/w/Tormented_Warrior","2003-08-20",,"true",,,8,22,8,25,8,16,0.0000985884424837838,0.00008760402484505339
"page:torstol","Torstol","page","item","item|monster","https://oldschool.runescape.wiki/w/Torstol","2002-12-12",,"true","true","false",4,23,12,33.5,3,11,0.00010766489568987567,0.0000930508007491499
"page:torstol potion (unf)","Torstol potion (unf)","page","item","item","https://oldschool.runescape.wiki/w/Torstol_potion_(unf)","2002-12-12",,"true","true","false",3,28,8,51,2,14,0.00009586619169478111,0.0000828866396046658
"page:torture rack","Torture Rack","page","scenery","scenery","https://oldschool.runescape.wiki/w/Torture_Rack","2004-08-24",,,,,0,29,0,70,0,15,0.00008884151385506988,0.00007764845047308417
"page:tostig","Tostig","page","npc","npc","https://oldschool.runescape.wiki/w/Tostig","2004-08-09",,"true",,,0,31,0,50.5,0,24,0.00008884151385506988,0.00007764845047308417
"page:totem","Totem","page","item","item","https://oldschool.runescape.wiki/w/Totem","2002-04-30",,"true","false","false",1,19,1,30,1,12,0.00009036703545523608,0.00007913535212799626
"page:totem pole (kharazi jungle)","Totem Pole (Kharazi Jungle)","page","scenery","scenery","https://oldschool.runescape.wiki/w/Totem_Pole_(Kharazi_Jungle)","2003-08-20",,"true",,,1,33,12,48.5,1,27,0.00010594221232394919,0.00009438290448722602
"page:totem pole (legends' guild)","Totem Pole (Legends' Guild)","page","scenery","scenery","https://oldschool.runescape.wiki/w/Totem_Pole_(Legends'_Guild)","2003-08-20",,"true",,,0,26,0,43.5,0,17,0.00008884151385506988,0.00007764845047308417
"page:touch paper","Touch paper","page","item","item","https://oldschool.runescape.wiki/w/Touch_paper","2002-10-23",,"true","false","false",0,40,0,73,0,33,0.00008884151385506988,0.00007764845047308417
"page:tourist information centre","Tourist Information Centre","page","location","location","https://oldschool.runescape.wiki/w/Tourist_Information_Centre","2002-09-24",,"true",,,0,28,0,41.5,0,21,0.00008884151385506988,0.00007764845047308417
"page:tower advisor","Tower Advisor","page","npc","npc","https://oldschool.runescape.wiki/w/Tower_Advisor","2004-03-29",,"true",,,3,19,6,25,3,14,0.00009961269679977053,0.00008808036823286427
"page:tower archer","Tower Archer","page","monster","monster","https://oldschool.runescape.wiki/w/Tower_Archer","2004-03-29",,"true",,,0,28,0,47,0,22,0.00008884151385506988,0.00007764845047308417
"page:tower guard","Tower guard","page","monster","monster","https://oldschool.runescape.wiki/w/Tower_guard","2002-12-12",,"true",,,8,24,8,23,8,16,0.00010415879488602759,0.0000936055996674607
"page:tracker gnome 1","Tracker gnome 1","page","npc","npc","https://oldschool.runescape.wiki/w/Tracker_gnome_1","2002-07-23",,"true",,,4,23,4,38.5,4,15,0.00009608878804890951,0.00008482459397882663
"page:tracker gnome 2","Tracker gnome 2","page","npc","npc","https://oldschool.runescape.wiki/w/Tracker_gnome_2","2002-07-23",,"true",,,3,23,3,35.5,3,15,0.00009384187003400797,0.00008248744956804526
"page:tracker gnome 3","Tracker gnome 3","page","npc","npc","https://oldschool.runescape.wiki/w/Tracker_gnome_3","2002-07-23",,"true",,,2,24,2,36.5,2,16,0.00009170624514702003,0.00008028605765886114
"page:tramp","Tramp","page","npc","npc","https://oldschool.runescape.wiki/w/Tramp","2004-03-29",,"false",,,0,22,0,33,0,17,0.00008884151385506988,0.00007764845047308417
"page:translation book","Translation book","page","item","item","https://oldschool.runescape.wiki/w/Translation_book","2002-12-12",,"true","false","false",4,31,4,44.5,4,20,0.00009687847245716156,0.00008570888597253713
"page:travel cart","Travel cart","page","scenery","scenery","https://oldschool.runescape.wiki/w/Travel_cart","2003-01-27",,"true",,,0,30,0,49,0,22,0.00008884151385506988,0.00007764845047308417
"page:trawler (music track)","Trawler (music track)","page","music","music","https://oldschool.runescape.wiki/w/Trawler_(music_track)","2004-03-15",,"true",,,1,11,4,20,1,7,0.00010197460720757348,0.00009022010438888008
"page:trawler minor","Trawler Minor","page","music","music","https://oldschool.runescape.wiki/w/Trawler_Minor","2004-03-15",,"true",,,0,11,0,23,0,7,0.00008884151385506988,0.00007764845047308417
"page:trawler net","Trawler net","page","scenery","scenery","https://oldschool.runescape.wiki/w/Trawler_net","2003-07-28",,"true",,,0,29,0,37.5,0,23,0.00008884151385506988,0.00007764845047308417
"page:treasure trails","Treasure Trails","page","minigame","minigame","https://oldschool.runescape.wiki/w/Treasure_Trails","2004-05-05",,"false",,,7,9,28,6.5,7,4,0.00014101427596376512,0.00014660170390555044
"category:distractions and diversions","Distractions and Diversions","category",,,,,,,,,1,0,0.5,0,0,0,0.00009806167805271864,0.00007764845047308417
"category:free-to-play minigames","Free-to-play minigames","category",,,,,,,,,1,0,0.5,0,0,0,0.00009806167805271864,0.00007764845047308417
"page:treasure! (treasure trails)","Treasure! (Treasure Trails)","page","music","music","https://oldschool.runescape.wiki/w/Treasure!_(Treasure_Trails)","2004-05-05",,"true",,,0,8,0,5.5,0,3,0.00008884151385506988,0.00007764845047308417
"page:tree","tree","page","scenery","scenery","https://oldschool.runescape.wiki/w/Tree","2001-01-04",,"false",,,5,15,25,31,5,6,0.00016294557886555245,0.0001596217760583275
"page:tree (lost city)","Tree (Lost City)","page","scenery","scenery","https://oldschool.runescape.wiki/w/Tree_(Lost_City)","2002-02-27",,"false",,,0,24,0,39.5,0,18,0.00008884151385506988,0.00007764845047308417
"page:tree (tree gnome stronghold)","Tree (Tree Gnome Stronghold)","page","scenery","scenery","https://oldschool.runescape.wiki/w/Tree_(Tree_Gnome_Stronghold)","2002-12-12",,"true",,,0,29,0,39.5,0,21,0.00008884151385506988,0.00007764845047308417
"page:tree (tutorial island)","Tree (Tutorial Island)","page","scenery","scenery","https://oldschool.runescape.wiki/w/Tree_(Tutorial_Island)","2002-09-24",,"false",,,1,25,4,31.5,1,17,0.00009843075662038998,0.0000874264035187032
"page:tree (young)","Tree (young)","page","scenery","scenery","https://oldschool.runescape.wiki/w/Tree_(young)","2004-03-29",,"true",,,3,16,10,28,3,8,0.0001427810044099954,0.0001436496335310127
"page:tree branch (gnome stronghold agility course)","Tree branch (Gnome Stronghold Agility Course)","page","scenery","scenery","https://oldschool.runescape.wiki/w/Tree_branch_(Gnome_Stronghold_Agility_Course)","2002-12-12",,"true",,,0,22,0,32,0,12,0.00008884151385506988,0.00007764845047308417
"page:tree gnome stronghold","Tree Gnome Stronghold","page","location","location","https://oldschool.runescape.wiki/w/Tree_Gnome_Stronghold","2002-12-12",,"true",,,17,36,64,71,16,28,0.0002326242338170712,0.00022795567277462698
"page:tree gnome village","Tree Gnome Village","page","quest","quest","https://oldschool.runescape.wiki/w/Tree_Gnome_Village","2002-07-23",,"true",,,1,28,1,64,1,24,0.0000905042357657547,0.00007920024780720138
"page:tree gnome village (location)","Tree Gnome Village (location)","page","location","location","https://oldschool.runescape.wiki/w/Tree_Gnome_Village_(location)","2002-07-23",,"true",,,3,32,14,54,3,26,0.00010563174491393714,0.00009310783972905925
"page:tree gnome village dungeon","Tree Gnome Village Dungeon","page","location","location","https://oldschool.runescape.wiki/w/Tree_Gnome_Village_Dungeon","2002-09-24",,"true",,,0,31,0,51,0,25,0.00008884151385506988,0.00007764845047308417
"page:tree spirit","Tree spirit","page","monster","monster","https://oldschool.runescape.wiki/w/Tree_spirit","2004-03-29",,"true",,,0,32,0,49.5,0,21,0.00008884151385506988,0.00007764845047308417
"category:rare seed drop table monsters","Rare seed drop table monsters","category",,,,,,,,,1,0,0.5,0,0,0,0.00008960429452958398,0.00007764845047308417
"page:tree spirit (lost city)","Tree spirit (Lost City)","page","monster","monster|prayer","https://oldschool.runescape.wiki/w/Tree_spirit_(Lost_City)","2002-02-27",,"true",,,0,27,0,40.5,0,16,0.00008884151385506988,0.00007764845047308417
"page:tree spirits","Tree Spirits","page","music","music","https://oldschool.runescape.wiki/w/Tree_Spirits","2004-03-15",,"true",,,0,10,0,19,0,6,0.00008884151385506988,0.00007764845047308417
"page:tree stump","Tree stump","page","scenery","scenery","https://oldschool.runescape.wiki/w/Tree_stump","2001-01-04",,"false",,,0,13,0,31.5,0,7,0.00008884151385506988,0.00007764845047308417
"page:tree stump (dead, weathered)","Tree stump (dead, weathered)","page","scenery","scenery","https://oldschool.runescape.wiki/w/Tree_stump_(dead%2C_weathered)","2002-03-25",,"false",,,0,10,0,19,0,5,0.00008884151385506988,0.00007764845047308417
"page:tree stump (dead)","Tree stump (dead)","page","scenery","scenery","https://oldschool.runescape.wiki/w/Tree_stump_(dead)","2002-07-23",,"false",,,0,12,0,24,0,7,0.00008884151385506988,0.00007764845047308417
"page:tree stump (evergreen tree)","Tree stump (Evergreen tree)","page","scenery","scenery","https://oldschool.runescape.wiki/w/Tree_stump_(Evergreen_tree)","2004-03-29",,"false",,,0,7,0,9,0,2,0.00008884151385506988,0.00007764845047308417
"page:tree stump (jungle)","Tree stump (jungle)","page","scenery","scenery","https://oldschool.runescape.wiki/w/Tree_stump_(jungle)","2003-08-20",,"true",,,0,12,0,25,0,7,0.00008884151385506988,0.00007764845047308417
"page:tree stump (magic)","Tree Stump (magic)","page","scenery","scenery","https://oldschool.runescape.wiki/w/Tree_Stump_(magic)","2002-03-25",,"true",,,0,8,0,14,0,3,0.00008884151385506988,0.00007764845047308417
"page:tree stump (maple)","Tree Stump (maple)","page","scenery","scenery","https://oldschool.runescape.wiki/w/Tree_Stump_(maple)","2002-03-25",,"false",,,0,8,0,5.5,0,0,0.00008884151385506988,0.00007764845047308417
"page:tree stump (oak)","Tree stump (oak)","page","scenery","scenery","https://oldschool.runescape.wiki/w/Tree_stump_(oak)","2002-03-25",,"true",,,0,8,0,9.5,0,2,0.00008884151385506988,0.00007764845047308417
"page:tree stump (willow)","Tree Stump (willow)","page","scenery","scenery","https://oldschool.runescape.wiki/w/Tree_Stump_(willow)","2002-03-25",,"false",,,0,6,0,4.5,0,0,0.00008884151385506988,0.00007764845047308417
"page:tree stump (yew)","Tree stump (yew)","page","scenery","scenery","https://oldschool.runescape.wiki/w/Tree_stump_(yew)","2002-03-25",,"false",,,0,8,0,5.5,0,0,0.00008884151385506988,0.00007764845047308417
"page:tree stump (young)","Tree stump (young)","page","scenery","scenery","https://oldschool.runescape.wiki/w/Tree_stump_(young)","2004-03-29",,"true",,,0,8,0,14,0,3,0.00008884151385506988,0.00007764845047308417
"page:trellis","trellis","page","scenery","scenery","https://oldschool.runescape.wiki/w/Trellis","2003-05-07",,"true",,,2,13,9,18,2,6,0.00009939183884452486,0.00008773247931259572
"page:tremble","Tremble","page","music","music","https://oldschool.runescape.wiki/w/Tremble","2004-08-09",,"true",,,0,13,0,25.5,0,8,0.00008884151385506988,0.00007764845047308417
"page:tribal","Tribal","page","music","music","https://oldschool.runescape.wiki/w/Tribal","2004-03-15",,"true",,,1,15,4,34.5,1,10,0.0000970053286417613,0.00008519144282256172
"page:tribal 2","Tribal 2","page","music","music","https://oldschool.runescape.wiki/w/Tribal_2","2004-03-15",,"true",,,0,15,0,37,0,11,0.00008884151385506988,0.00007764845047308417
"page:tribal background","Tribal Background","page","music","music","https://oldschool.runescape.wiki/w/Tribal_Background","2004-03-15",,"true",,,0,14,0,29,0,8,0.00008884151385506988,0.00007764845047308417
"page:tribal totem","Tribal Totem","page","quest","quest","https://oldschool.runescape.wiki/w/Tribal_Totem","2002-04-30",,"true",,,2,24,9,57,2,20,0.00010229968377570476,0.00009621128320812656
"page:tribal weapon salesman","Tribal Weapon Salesman","page","npc","npc","https://oldschool.runescape.wiki/w/Tribal_Weapon_Salesman","2004-03-29",,"true",,,1,32,1,42.5,1,25,0.0000913586900809664,0.00008018695751377372
"page:tribesman","Tribesman","page","monster","monster","https://oldschool.runescape.wiki/w/Tribesman","2002",,,,,0,30,0,35.5,0,17,0.00008884151385506988,0.00007764845047308417
"page:trinity","Trinity","page","music","music","https://oldschool.runescape.wiki/w/Trinity","2004-03-15",,"true",,,0,12,0,28,0,8,0.00008884151385506988,0.00007764845047308417
"page:trobert","Trobert","page","npc","npc","https://oldschool.runescape.wiki/w/Trobert","2002-02-27",,"true",,,1,35,1,49.5,1,27,0.00008975133658732163,0.00007849461948664736
"page:troll (historical)","Troll (historical)","page","monster","monster","https://oldschool.runescape.wiki/w/Troll_(historical)","2004-03-29","2004-09","true",,,0,16,0,23,0,12,0.00008884151385506988,0.00007764845047308417
"page:troll arena","Troll arena","page","location","location","https://oldschool.runescape.wiki/w/Troll_arena","2004-08-24",,"true",,,1,7,4,7.5,1,2,0.00009962941196605497,0.00008964866557452572
"page:troll country","Troll Country","page","location","location","https://oldschool.runescape.wiki/w/Troll_Country","2004-08-09",,"true",,,5,8,20,8.5,5,3,0.00016469428120046355,0.00016305397291788116
"page:troll general","Troll General","page","monster","monster","https://oldschool.runescape.wiki/w/Troll_general","2004-08-24",,"true",,,2,27,10,39,2,15,0.00009860937027167396,0.00008660651001317807
"page:troll kitchen","troll kitchen","page","location","location","https://oldschool.runescape.wiki/w/Troll_kitchen","2004-08-24",,"true",,,2,12,5,20,2,6,0.00013079445095334527,0.0001436496335310127
"page:troll spectator","Troll spectator","page","monster","monster","https://oldschool.runescape.wiki/w/Troll_spectator","2004-08-24",,"true",,,0,25,0,28,0,13,0.00008884151385506988,0.00007764845047308417
"page:troll stew","Troll Stew","page","scenery","scenery","https://oldschool.runescape.wiki/w/Troll_Stew","2004-08-24",,"true",,,0,7,0,9,0,2,0.00008884151385506988,0.00007764845047308417
"page:troll stronghold","Troll Stronghold","page","quest","quest","https://oldschool.runescape.wiki/w/Troll_Stronghold","2004-08-24",,"true",,,2,32,5,88,2,28,0.00010112604290117051,0.0000906344844621695
"page:troll stronghold (location)","Troll Stronghold (location)","page","location","location","https://oldschool.runescape.wiki/w/Troll_Stronghold_(location)","2004-08-24",,"true",,,3,18,9,35,3,10,0.00011622910025654967,0.0001061641745934468
"page:trollheim","Trollheim","page","location","location","https://oldschool.runescape.wiki/w/Trollheim","2004-08-24",,"true",,,0,16,0,20,0,10,0.00008884151385506988,0.00007764845047308417
"page:troubled","Troubled","page","music","music","https://oldschool.runescape.wiki/w/Troubled","2004-03-15",,"false",,,0,8,0,5.5,0,3,0.00008884151385506988,0.00007764845047308417
"page:trout","Trout","page","item","item|monster","https://oldschool.runescape.wiki/w/Trout","2001-06-11",,"false","true","false",0,39,0,61.5,0,20,0.00008884151385506988,0.00007764845047308417
"page:trowel","Trowel","page","item","item","https://oldschool.runescape.wiki/w/Trowel","2003-07-09",,"true","false","false",2,49,2,127,2,40,0.00009348368126095334,0.00008247350590593858
"page:trufitus","Trufitus","page","npc","npc","https://oldschool.runescape.wiki/w/Trufitus","2002-10-23",,"true",,,8,35,17,56.5,8,27,0.00011252928917955613,0.0001013666708383695
"page:tulips","Tulips","page","scenery","scenery","https://oldschool.runescape.wiki/w/Tulips","2004-03-03",,"false",,,0,19,0,32,0,14,0.00008884151385506988,0.00007764845047308417
"page:tuna","Tuna","page","item","item|monster","https://oldschool.runescape.wiki/w/Tuna","2001-06-11",,"false","true","false",0,29,0,45.5,0,10,0.00008884151385506988,0.00007764845047308417
"page:tunnel entrance (kalphite lair)","Tunnel entrance (Kalphite Lair)","page","scenery","scenery","https://oldschool.runescape.wiki/w/Tunnel_entrance_(Kalphite_Lair)","2004-09-07",,"true",,,1,15,1,29,1,7,0.0000912388245463999,0.00008079136395203315
"page:tunnel entrance (kalphite queen lair)","Tunnel entrance (Kalphite Queen Lair)","page","scenery","scenery","https://oldschool.runescape.wiki/w/Tunnel_entrance_(Kalphite_Queen_Lair)","2004-09-07",,"true",,,0,17,0,31.5,0,8,0.00008884151385506988,0.00007764845047308417
"action:look-inside","Look-inside","action",,,,,,,,,3,0,5,0,0,0,0.00010082806731171999,0.00007764845047308417
"page:turquoise boots","Turquoise boots","page","item","item","https://oldschool.runescape.wiki/w/Turquoise_boots","2002-12-12",,"true","true","true",0,31,0,38,0,18,0.00008884151385506988,0.00007764845047308417
"page:turquoise hat","Turquoise hat","page","item","item","https://oldschool.runescape.wiki/w/Turquoise_hat","2002-12-12",,"true","true","true",0,31,0,41.5,0,19,0.00008884151385506988,0.00007764845047308417
"page:turquoise robe bottoms","Turquoise robe bottoms","page","item","item","https://oldschool.runescape.wiki/w/Turquoise_robe_bottoms","2002-12-12",,"true","true","true",0,30,0,37,0,17,0.00008884151385506988,0.00007764845047308417
"page:turquoise robe top","Turquoise robe top","page","item","item","https://oldschool.runescape.wiki/w/Turquoise_robe_top","2002-12-12",,"true","true","true",0,30,0,37,0,17,0.00008884151385506988,0.00007764845047308417
"page:tutorial island","Tutorial Island","page","location","location","https://oldschool.runescape.wiki/w/Tutorial_Island","2002-09-24",,"false",,,13,30,52,49,12,24,0.00018713964726753423,0.00017416611459873075
"page:tutorial island bank","Tutorial Island bank","page","location","location","https://oldschool.runescape.wiki/w/Tutorial_Island_bank","2002-09-24",,"true",,,0,24,0,32.5,0,19,0.00008884151385506988,0.00007764845047308417
"page:tutorial island chapel","Tutorial Island chapel","page","location","location","https://oldschool.runescape.wiki/w/Tutorial_Island_chapel","2002-09-24",,"true",,,0,21,0,26,0,17,0.00008884151385506988,0.00007764845047308417
"page:tutorial island mine","Tutorial Island mine","page","location","location","https://oldschool.runescape.wiki/w/Tutorial_Island_mine","2002-09-24",,"false",,,0,31,0,57.5,0,24,0.00008884151385506988,0.00007764845047308417
"page:twig","Twig","page","monster","monster","https://oldschool.runescape.wiki/w/Twig","2004-08-24",,"true",,,0,27,0,35.5,0,14,0.00008884151385506988,0.00007764845047308417
"page:twig (unused)","Twig (unused)","page","npc","npc","https://oldschool.runescape.wiki/w/Twig_(unused)","2004-03-29",,,,,0,21,0,22.5,0,15,0.00008884151385506988,0.00007764845047308417
"page:twigs","Twigs","page","item","item","https://oldschool.runescape.wiki/w/Twigs","2002-12-12",,"true","false","false",0,30,0,44,0,23,0.00008884151385506988,0.00007764845047308417
"page:twilight","Twilight","page","music","music","https://oldschool.runescape.wiki/w/Twilight","2004-06-02",,"true",,,0,12,0,20.5,0,7,0.00008884151385506988,0.00007764845047308417
"page:ugthanki","Ugthanki","page","monster","monster","https://oldschool.runescape.wiki/w/Ugthanki","2003-04-14",,"true",,,0,24,0,33,0,18,0.00008884151385506988,0.00007764845047308417
"page:ugthanki & onion","Ugthanki & onion","page","item","item","https://oldschool.runescape.wiki/w/Ugthanki_%26_onion","2004-03-29",,"true","true","false",3,31,3,63.5,3,19,0.00009345008051564409,0.0000841252056328053
"page:ugthanki & tomato","Ugthanki & tomato","page","item","item","https://oldschool.runescape.wiki/w/Ugthanki_%26_tomato","2004-03-29",,"true","true","false",3,30,3,59.5,3,18,0.00009345008051564409,0.0000841252056328053
"page:ugthanki kebab","ugthanki kebab","page","item","item|monster","https://oldschool.runescape.wiki/w/Ugthanki_kebab","2003-04-14",,"true","true","false",4,38,10,64,4,21,0.00010491719000890198,0.00010053705950456042
"page:ugthanki kebab (bad)","Ugthanki kebab (bad)","page","item","item","https://oldschool.runescape.wiki/w/Ugthanki_kebab_(bad)","2003-04-14",,"true","true","false",0,31,0,38,0,18,0.00008884151385506988,0.00007764845047308417
"page:ugthanki meat","Ugthanki meat","page","item","item","https://oldschool.runescape.wiki/w/Ugthanki_meat","2003-04-14",,"true","true","false",0,40,0,61.5,0,25,0.00008884151385506988,0.00007764845047308417
"page:ulizius","Ulizius","page","npc","npc","https://oldschool.runescape.wiki/w/Ulizius","2004-07-13",,"true",,,0,14,0,28.5,0,6,0.00008884151385506988,0.00007764845047308417
"page:ultimate strength","Ultimate Strength","page","prayer","prayer","https://oldschool.runescape.wiki/w/Ultimate_Strength","2001-05-24",,"false",,,0,23,0,46,0,21,0.00008884151385506988,0.00007764845047308417
"page:unblessed symbol","unblessed symbol","page","item","item|monster","https://oldschool.runescape.wiki/w/Unblessed_symbol","2001-07-12",,"false","true","true",2,34,5,59,2,13,0.00009439410847101809,0.00008438326507083198
"page:uncooked apple pie","Uncooked apple pie","page","item","item","https://oldschool.runescape.wiki/w/Uncooked_apple_pie","2001-03-17",,"false","true","false",2,30,2,66.5,2,17,0.00009238748300027271,0.00008324205073805812
"page:uncooked berry pie","Uncooked berry pie","page","item","item","https://oldschool.runescape.wiki/w/Uncooked_berry_pie","2001-03-17",,"false","true","false",1,24,1,35.5,1,11,0.00009022711544730649,0.00007984848990834845
"page:uncooked cake","Uncooked cake","page","item","item","https://oldschool.runescape.wiki/w/Uncooked_cake","2001-06-11",,"false","true","false",0,40,0,84.5,0,25,0.00008884151385506988,0.00007764845047308417
"page:uncooked curry","Uncooked curry","page","item","item","https://oldschool.runescape.wiki/w/Uncooked_curry","2002-05-08",,"true","true","false",4,25,7,70.5,4,15,0.00009704221233819725,0.00008776158027723916
"page:uncooked meat pie","Uncooked meat pie","page","item","item","https://oldschool.runescape.wiki/w/Uncooked_meat_pie","2001-03-17",,"false","true","false",0,29,0,54.5,0,15,0.00008884151385506988,0.00007764845047308417
"page:uncooked pizza","Uncooked pizza","page","item","item","https://oldschool.runescape.wiki/w/Uncooked_pizza","2001-06-11",,"false","true","false",0,34,0,59,0,22,0.00008884151385506988,0.00007764845047308417
"page:uncooked stew","Uncooked stew","page","item","item","https://oldschool.runescape.wiki/w/Uncooked_stew","2001-06-11",,"false","true","false",2,33,2,71.5,2,21,0.00009159759976476084,0.00008062307851520607
"page:uncut diamond","Uncut diamond","page","item","item|monster","https://oldschool.runescape.wiki/w/Uncut_diamond","2001-03-17",,"false","true","false",0,26,0,50,0,15,0.00008884151385506988,0.00007764845047308417
"page:uncut dragonstone","Uncut dragonstone","page","item","item|monster","https://oldschool.runescape.wiki/w/Uncut_dragonstone","2002-02-27",,"true","true","false",0,23,0,31,0,12,0.00008884151385506988,0.00007764845047308417
"page:uncut emerald","Uncut emerald","page","item","item|monster","https://oldschool.runescape.wiki/w/Uncut_emerald","2001-03-17",,"false","true","false",0,26,0,50,0,15,0.00008884151385506988,0.00007764845047308417
"page:uncut jade","Uncut jade","page","item","item|monster","https://oldschool.runescape.wiki/w/Uncut_jade","2003-01-27",,"true","true","false",0,28,0,57,0,17,0.00008884151385506988,0.00007764845047308417
"page:uncut opal","Uncut opal","page","item","item|monster","https://oldschool.runescape.wiki/w/Uncut_opal","2003-01-27",,"true","true","false",0,29,0,57.5,0,17,0.00008884151385506988,0.00007764845047308417
"page:uncut red topaz","Uncut red topaz","page","item","item|monster","https://oldschool.runescape.wiki/w/Uncut_red_topaz","2003-01-27",,"true","true","false",0,24,0,44,0,13,0.00008884151385506988,0.00007764845047308417
"page:uncut ruby","Uncut ruby","page","item","item|monster","https://oldschool.runescape.wiki/w/Uncut_ruby","2001-03-17",,"false","true","false",0,26,0,50,0,15,0.00008884151385506988,0.00007764845047308417
"page:uncut sapphire","Uncut sapphire","page","item","item|monster","https://oldschool.runescape.wiki/w/Uncut_sapphire","2001-03-17",,"false","true","false",0,26,0,50,0,15,0.00008884151385506988,0.00007764845047308417
"page:undead one","Undead one","page","monster","monster","https://oldschool.runescape.wiki/w/Undead_one","2003-01-27",,"true",,,0,25,0,45,0,17,0.00008884151385506988,0.00007764845047308417
"page:undead tree","Undead tree","page","npc","npc","https://oldschool.runescape.wiki/w/Undead_tree","2001-01-04",,"false",,,0,23,0,37,0,4,0.00008884151385506988,0.00007764845047308417
"page:undercurrent","Undercurrent","page","music","music","https://oldschool.runescape.wiki/w/Undercurrent","2004-04-15",,"false",,,0,9,0,13,0,5,0.00008884151385506988,0.00007764845047308417
"page:underground (music track)","Underground (music track)","page","music","music","https://oldschool.runescape.wiki/w/Underground_(music_track)","2004-03-15",,"false",,,0,15,0,37.5,0,10,0.00008884151385506988,0.00007764845047308417
"page:underground pass","Underground Pass","page","quest","quest","https://oldschool.runescape.wiki/w/Underground_Pass","2003-03-03",,"true",,,11,50,49,154,11,46,0.00018562102253274606,0.00017210704033409203
"page:underground pass (dungeon)","Underground Pass (dungeon)","page","location","location","https://oldschool.runescape.wiki/w/Underground_Pass_(dungeon)","2003-03-03",,"true",,,7,34,31,56,7,26,0.0001422252303075064,0.00012930420443196087
"page:underground pass (music track)","Underground Pass (music track)","page","music","music","https://oldschool.runescape.wiki/w/Underground_Pass_(music_track)","2004-03-15",,"true",,,0,13,0,25.5,0,8,0.00008884151385506988,0.00007764845047308417
"page:understanding","Understanding","page","music","music","https://oldschool.runescape.wiki/w/Understanding","2004-05-18",,"true",,,0,10,0,19,0,6,0.00008884151385506988,0.00007764845047308417
"page:unfermented wine","Unfermented wine","page","item","item","https://oldschool.runescape.wiki/w/Unfermented_wine","2004-03-29",,"false","false","false",1,21,4,40.5,1,12,0.000102266453726518,0.00009317814060436147
"page:unfermented wine (unobtainable item)","Unfermented wine (unobtainable item)","page","item","item","https://oldschool.runescape.wiki/w/Unfermented_wine_(unobtainable_item)","2004-03-29","2007-01-22","false","false","false",0,19,0,22.5,0,11,0.00008884151385506988,0.00007764845047308417
"page:unferth","Unferth","page","npc","npc","https://oldschool.runescape.wiki/w/Unferth","2004-08-09",,"true",,,0,19,0,27,0,12,0.00008884151385506988,0.00007764845047308417
"page:unfinished batta (cheese+tom, historical)","Unfinished batta (cheese+tom, historical)","page","item","item","https://oldschool.runescape.wiki/w/Unfinished_batta_(cheese%2Btom%2C_historical)","2004-03-29","2006-08-07","true","false","false",0,38,0,54,0,28,0.00008884151385506988,0.00007764845047308417
"page:unfinished batta (fruit, historical)","Unfinished batta (fruit, historical)","page","item","item","https://oldschool.runescape.wiki/w/Unfinished_batta_(fruit%2C_historical)","2004-03-29","2006-08-07","true","false","false",0,39,0,58,0,29,0.00008884151385506988,0.00007764845047308417
"page:unfinished batta (vegetable, historical)","Unfinished batta (vegetable, historical)","page","item","item","https://oldschool.runescape.wiki/w/Unfinished_batta_(vegetable%2C_historical)","2004-03-29","2006-08-07","true","false","false",0,40,0,62,0,30,0.00008884151385506988,0.00007764845047308417
"page:unfinished batta (worm, historical)","Unfinished batta (worm, historical)","page","item","item","https://oldschool.runescape.wiki/w/Unfinished_batta_(worm%2C_historical)","2004-03-29","2006-08-07","true","false","false",0,37,0,50,0,27,0.00008884151385506988,0.00007764845047308417
"page:unfinished bowl (chocolate bomb, historical)","Unfinished bowl (chocolate bomb, historical)","page","item","item","https://oldschool.runescape.wiki/w/Unfinished_bowl_(chocolate_bomb%2C_historical)","2004-03-29","2006-08-07","true","false","false",0,39,0,62,0,29,0.00008884151385506988,0.00007764845047308417
"page:unfinished bowl (veg ball, historical)","Unfinished bowl (veg ball, historical)","page","item","item","https://oldschool.runescape.wiki/w/Unfinished_bowl_(veg_ball%2C_historical)","2004-03-29","2006-08-07","true","false","false",0,38,0,54,0,28,0.00008884151385506988,0.00007764845047308417
"page:unfinished bowl (worm hole, historical)","Unfinished bowl (worm hole, historical)","page","item","item","https://oldschool.runescape.wiki/w/Unfinished_bowl_(worm_hole%2C_historical)","2004-03-29","2006-08-07","true","false","false",0,38,0,54,0,28,0.00008884151385506988,0.00007764845047308417
"page:unfinished cocktail (blurberry special, historical)","Unfinished cocktail (Blurberry special, historical)","page","item","item","https://oldschool.runescape.wiki/w/Unfinished_cocktail_(Blurberry_special%2C_historical)","2004-03-29","2006-08-07","true","false","false",0,44,0,78,0,34,0.00008884151385506988,0.00007764845047308417
"page:unfinished cocktail (choc saturday, historical)","Unfinished cocktail (Choc saturday, historical)","page","item","item","https://oldschool.runescape.wiki/w/Unfinished_cocktail_(Choc_saturday%2C_historical)","2004-03-29","2006-08-07","true","false","false",0,41,0,66,0,31,0.00008884151385506988,0.00007764845047308417
"page:unfinished cocktail (drunk dragon, historical)","Unfinished cocktail (Drunk dragon, historical)","page","item","item","https://oldschool.runescape.wiki/w/Unfinished_cocktail_(Drunk_dragon%2C_historical)","2004-03-29","2006-08-07","true","false","false",0,40,0,62,0,30,0.00008884151385506988,0.00007764845047308417
"page:unfinished cocktail (fruit blast, historical)","Unfinished cocktail (Fruit blast, historical)","page","item","item","https://oldschool.runescape.wiki/w/Unfinished_cocktail_(Fruit_blast%2C_historical)","2004-03-29","2006-08-07","true","false","false",0,40,0,62,0,30,0.00008884151385506988,0.00007764845047308417
"page:unfinished cocktail (pineapple punch, historical)","Unfinished cocktail (Pineapple punch, historical)","page","item","item","https://oldschool.runescape.wiki/w/Unfinished_cocktail_(Pineapple_punch%2C_historical)","2004-03-29","2006-08-07","true","false","false",0,41,0,66,0,31,0.00008884151385506988,0.00007764845047308417
"page:unfinished cocktail (short green guy, historical)","Unfinished cocktail (Short green guy, historical)","page","item","item","https://oldschool.runescape.wiki/w/Unfinished_cocktail_(Short_green_guy%2C_historical)","2004-03-29","2006-08-07","true","false","false",0,39,0,58,0,29,0.00008884151385506988,0.00007764845047308417
"page:unfinished cocktail (wizard blizzard, historical)","Unfinished cocktail (Wizard blizzard, historical)","page","item","item","https://oldschool.runescape.wiki/w/Unfinished_cocktail_(Wizard_blizzard%2C_historical)","2004-03-29","2006-08-07","true","false","false",0,42,0,70,0,32,0.00008884151385506988,0.00007764845047308417
"page:unfinished crunchy (chocchip, historical)","Unfinished crunchy (chocchip, historical)","page","item","item","https://oldschool.runescape.wiki/w/Unfinished_crunchy_(chocchip%2C_historical)","2004-03-29","2006-08-07","true","false","false",0,38,0,54,0,28,0.00008884151385506988,0.00007764845047308417
"page:unfinished crunchy (spicy, historical)","Unfinished crunchy (spicy, historical)","page","item","item","https://oldschool.runescape.wiki/w/Unfinished_crunchy_(spicy%2C_historical)","2004-03-29","2006-08-07","true","false","false",0,37,0,54,0,27,0.00008884151385506988,0.00007764845047308417
"page:unfinished crunchy (toad, historical)","Unfinished crunchy (toad, historical)","page","item","item","https://oldschool.runescape.wiki/w/Unfinished_crunchy_(toad%2C_historical)","2004-03-29","2006-08-07","true","false","false",0,38,0,54,0,28,0.00008884151385506988,0.00007764845047308417
"page:unfinished crunchy (worm, historical)","Unfinished crunchy (worm, historical)","page","item","item","https://oldschool.runescape.wiki/w/Unfinished_crunchy_(worm%2C_historical)","2004-03-29","2006-08-07","true","false","false",0,36,0,52,0,27,0.00008884151385506988,0.00007764845047308417
"page:unfired bowl","Unfired bowl","page","item","item","https://oldschool.runescape.wiki/w/Unfired_bowl","2001-06-11",,"false","true","false",3,35,3,61,3,22,0.00009357176498063263,0.00008333141962577062
"page:unfired pie dish","Unfired pie dish","page","item","item","https://oldschool.runescape.wiki/w/Unfired_pie_dish","2001-05-08",,"false","true","false",1,29,1,46,1,16,0.00009044822208436553,0.00007971098744364444
"page:unfired pot","Unfired pot","page","item","item","https://oldschool.runescape.wiki/w/Unfired_pot","2001-05-08",,"false","true","false",0,30,0,47,0,17,0.00008884151385506988,0.00007764845047308417
"page:ungadulu","Ungadulu","page","monster","monster","https://oldschool.runescape.wiki/w/Ungadulu","2003-08-20",,"true",,,12,25,24,34.5,12,18,0.00011767794172202922,0.00010610696989513658
"page:unholy mould","Unholy mould","page","item","item|monster","https://oldschool.runescape.wiki/w/Unholy_mould","2003-03-17",,"true","false","false",3,26,7.5,43.5,2,16,0.00009908516085637399,0.00008719234302344902
"page:unholy symbol","Unholy symbol","page","item","item|monster|prayer","https://oldschool.runescape.wiki/w/Unholy_symbol","2003-03-17",,"true","true","true",5,32,11,62,5,12,0.0001036984654466231,0.00009983414900227523
"page:unicorn","unicorn","page","monster","monster","https://oldschool.runescape.wiki/w/Unicorn","2001-01-04",,"false",,,2,20,9,24,2,10,0.00010698747653760813,0.0000959543644978803
"page:unicorn (underground pass)","Unicorn (Underground Pass)","page","npc","npc","https://oldschool.runescape.wiki/w/Unicorn_(Underground_Pass)","2003-03-03",,"true",,,1,30,4,46.5,1,24,0.00009562476504883192,0.00008431571647057819
"page:unicorn horn","Unicorn horn","page","item","item|monster","https://oldschool.runescape.wiki/w/Unicorn_horn","2002-02-27",,"true","true","false",4,24,12,38.5,3,14,0.00010650985143108717,0.00009199027264010477
"page:unicorn horn (underground pass)","Unicorn horn (Underground Pass)","page","item","item","https://oldschool.runescape.wiki/w/Unicorn_horn_(Underground_Pass)","2003-03-03",,"true","false","false",4,33,7,50,4,26,0.00009975369402577476,0.00008824322616182427
"page:unicorn horn dust","Unicorn horn dust","page","item","item|monster","https://oldschool.runescape.wiki/w/Unicorn_horn_dust","2002-02-27",,"true","true","false",0,29,0,55.5,0,16,0.00008884151385506988,0.00007764845047308417
"page:unicorn's head","Unicorn's head","page","scenery","scenery","https://oldschool.runescape.wiki/w/Unicorn's_head","2004-03-29",,"false",,,0,14,0,34,0,9,0.00008884151385506988,0.00007764845047308417
"page:unknown land","Unknown Land","page","music","music","https://oldschool.runescape.wiki/w/Unknown_Land","2004-03-15",,"false",,,1,11,4,27,1,7,0.00009982555556807288,0.00008820863976235273
"page:unknown print","Unknown print","page","item","item","https://oldschool.runescape.wiki/w/Unknown_print","2003-06-09",,"true","false","false",0,34,0,48,0,27,0.00008884151385506988,0.00007764845047308417
"page:unlocked ogre chest","Unlocked Ogre chest","page","scenery","scenery","https://oldschool.runescape.wiki/w/Unlocked_Ogre_chest","2004-05-18",,"true",,,0,26,0,44.5,0,20,0.00008884151385506988,0.00007764845047308417
"page:unpowered orb","Unpowered orb","page","item","item|monster","https://oldschool.runescape.wiki/w/Unpowered_orb","2002-03-18",,"true","true","false",3,31,8,44.5,2,17,0.00009663664023203976,0.0000832417710712137
"page:unpowered symbol","unpowered symbol","page","item","item","https://oldschool.runescape.wiki/w/Unpowered_symbol","2003-03-17",,"true","true","true",2,33,5,56,2,14,0.00009535145237031951,0.00008589859835532523
"page:unstamped letter","Unstamped letter","page","item","item","https://oldschool.runescape.wiki/w/Unstamped_letter","2003-07-09",,"true","false","false",1,29,1,40,1,22,0.00009153848838281615,0.00008051806712777672
"page:unstrung emblem","Unstrung emblem","page","item","item","https://oldschool.runescape.wiki/w/Unstrung_emblem","2003-03-17",,"true","true","false",0,34,0,58,0,19,0.00008884151385506988,0.00007764845047308417
"page:unstrung symbol","Unstrung symbol","page","item","item|monster","https://oldschool.runescape.wiki/w/Unstrung_symbol","2001-07-12",,"false","true","false",0,38,0,68,0,21,0.00008884151385506988,0.00007764845047308417
"page:unusual armour","Unusual armour","page","item","item","https://oldschool.runescape.wiki/w/Unusual_armour","2003-05-07",,"true","false","false",1,28,1,29,1,21,0.00008947810984267998,0.00007823820363432856
"page:upcoming","Upcoming","page","music","music","https://oldschool.runescape.wiki/w/Upcoming","2004-03-15",,"true",,,0,10,0,19,0,6,0.00008884151385506988,0.00007764845047308417
"page:valaine","Valaine","page","npc","npc","https://oldschool.runescape.wiki/w/Valaine","2001-02-13",,"false",,,3,22,10,40.5,3,15,0.00011041731007704008,0.00009764880897548676
"page:valaine's shop of champions.","Valaine's Shop of Champions.","page","shop","shop","https://oldschool.runescape.wiki/w/Valaine's_Shop_of_Champions.","2001-02-13",,"false",,,0,23,0,35,0,19,0.00008884151385506988,0.00007764845047308417
"page:vampyre slayer","Vampyre Slayer","page","quest","quest","https://oldschool.runescape.wiki/w/Vampyre_Slayer","2001-01-28",,"false",,,0,31,0,95,0,27,0.00008884151385506988,0.00007764845047308417
"page:vannaka","Vannaka","page","npc","npc","https://oldschool.runescape.wiki/w/Vannaka","2004-03-29",,"true",,,0,40,0,78,0,16,0.00008884151385506988,0.00007764845047308417
"category:slayer","Slayer","category",,,,,,,,,1,0,0.5,0,0,0,0.00008932558620620382,0.00007764845047308417
"category:slayer masters","Slayer Masters","category",,,,,,,,,1,0,0.5,0,0,0,0.00008932558620620382,0.00007764845047308417
"action:assignment","Assignment","action",,,,,,,,,2,0,3.5,0,0,0,0.0000922300203130075,0.00007764845047308417
"action:rewards","Rewards","action",,,,,,,,,2,0,3.5,0,0,0,0.0000922300203130075,0.00007764845047308417
"page:varrock","Varrock","page","location","location","https://oldschool.runescape.wiki/w/Varrock","2001-01-04",,"false",,,34,29,153,57.5,34,22,0.00039020464114403197,0.0003990429792280695
"page:varrock chapel","Varrock chapel","page","location","location","https://oldschool.runescape.wiki/w/Varrock_chapel","2001-01-04",,"false",,,0,22,0,24.5,0,15,0.00008884151385506988,0.00007764845047308417
"page:varrock east bank","Varrock east bank","page","location","location","https://oldschool.runescape.wiki/w/Varrock_east_bank","2001-08-18",,"false",,,0,21,0,29.5,0,16,0.00008884151385506988,0.00007764845047308417
"page:varrock general store","Varrock General Store","page","shop","shop","https://oldschool.runescape.wiki/w/Varrock_General_Store","2001-01-04",,"false",,,1,23,4,31.5,1,18,0.00009465038206867723,0.00008292854511771845
"page:varrock museum","Varrock Museum","page","location","location","https://oldschool.runescape.wiki/w/Varrock_Museum","2001-01-04",,,,,1,26,5,31,1,16,0.00010011245217997968,0.00008864864764940559
"category:fossils","Fossils","category",,,,,,,,,1,0,0.5,0,0,0,0.00009021402328011988,0.00007764845047308417
"category:museums","Museums","category",,,,,,,,,1,0,0.5,0,0,0,0.00009021402328011988,0.00007764845047308417
"page:varrock palace","Varrock Palace","page","location","location","https://oldschool.runescape.wiki/w/Varrock_Palace","2001-01-04",,"false",,,4,28,17,57,4,22,0.00011697100877936119,0.00010497689915714854
"page:varrock palace library","Varrock Palace Library","page","location","location","https://oldschool.runescape.wiki/w/Varrock_Palace_Library","2001-01-04",,"false",,,0,27,0,39,0,17,0.00008884151385506988,0.00007764845047308417
"category:libraries","Libraries","category",,,,,,,,,1,0,0.5,0,0,0,0.00008980965855733778,0.00007764845047308417
"page:varrock sewers","Varrock Sewers","page","location","location","https://oldschool.runescape.wiki/w/Varrock_Sewers","2001-01-04",,"false",,,0,18,0,32,0,12,0.00008884151385506988,0.00007764845047308417
"category:varrock sewers","Varrock Sewers","category",,,,,,,,,1,0,0.5,0,0,0,0.00009002144021095887,0.00007764845047308417
"page:varrock square","Varrock Square","page","location","location","https://oldschool.runescape.wiki/w/Varrock_Square","2001-01-04",,"false",,,0,26,0,52,0,22,0.00008884151385506988,0.00007764845047308417
"page:varrock swordshop","Varrock Swordshop","page","shop","shop","https://oldschool.runescape.wiki/w/Varrock_Swordshop","2001-01-04",,"false",,,0,30,0,45,0,26,0.00008884151385506988,0.00007764845047308417
"page:varrock teleport","Varrock Teleport","page","spell","spell","https://oldschool.runescape.wiki/w/Varrock_Teleport","2001-05-24",,"false",,,0,20,0,26.5,0,15,0.00008884151385506988,0.00007764845047308417
"page:varrock west bank","Varrock west bank","page","location","location","https://oldschool.runescape.wiki/w/Varrock_west_bank","2001-01-23",,"false",,,0,24,0,42.5,0,19,0.00008884151385506988,0.00007764845047308417
"page:vase (digsite)","Vase (Digsite)","page","item","item","https://oldschool.runescape.wiki/w/Vase_(Digsite)","2003-07-09",,"true","false","false",0,24,0,28,0,17,0.00008884151385506988,0.00007764845047308417
"page:veg ball","Veg ball","page","item","item","https://oldschool.runescape.wiki/w/Veg_ball","2002-12-12",,"true","true","false",0,45,0,83,0,31,0.00008884151385506988,0.00007764845047308417
"page:vegetable batta","Vegetable batta","page","item","item","https://oldschool.runescape.wiki/w/Vegetable_batta","2002-12-12",,"true","true","false",0,47,0,94,0,33,0.00008884151385506988,0.00007764845047308417
"page:velrak the explorer","Velrak the explorer","page","npc","npc","https://oldschool.runescape.wiki/w/Velrak_the_explorer","2002-02-27",,"true",,,0,43,0,83,0,36,0.00008884151385506988,0.00007764845047308417
"page:venture","Venture","page","music","music","https://oldschool.runescape.wiki/w/Venture","2004-03-15",,"true",,,0,13,0,23.5,0,8,0.00008884151385506988,0.00007764845047308417
"page:venture 2","Venture 2","page","music","music","https://oldschool.runescape.wiki/w/Venture_2","2004-04-06",,"true",,,0,12,0,20.5,0,7,0.00008884151385506988,0.00007764845047308417
"page:veronica","Veronica","page","npc","npc","https://oldschool.runescape.wiki/w/Veronica","2001-01-21",,"false",,,0,24,0,42,0,17,0.00008884151385506988,0.00007764845047308417
"page:vial","Vial","page","item","item|monster","https://oldschool.runescape.wiki/w/Vial","2002-02-27",,"false","true","false",3,23,8,36,2,8,0.00010515124708709935,0.00008997027630385101
"page:vial (jangerberries and guam leaf)","Vial (jangerberries and guam leaf)","page","item","item","https://oldschool.runescape.wiki/w/Vial_(jangerberries_and_guam_leaf)","2003-05-07",,"true","false","false",2,35,5,50,2,23,0.00009789746652793819,0.00008790416101632619
"page:vial (jangerberries)","Vial (jangerberries)","page","item","item","https://oldschool.runescape.wiki/w/Vial_(jangerberries)","2003-05-07",,"true","false","false",1,33,1,46,1,22,0.00009115958421629136,0.0000799128736329521
"page:vial of water","vial of water","page","item","item|monster","https://oldschool.runescape.wiki/w/Vial_of_water","2002-02-27",,"false","true","false",5,33,15,47,5,20,0.00011272903851534437,0.00010147385940713151
"page:vigroy","Vigroy","page","npc","npc","https://oldschool.runescape.wiki/w/Vigroy","2003-01-27",,"true",,,1,22,1,49,1,16,0.00009099909347726689,0.00007992435333715068
"page:village","Village","page","music","music","https://oldschool.runescape.wiki/w/Village","2004-06-29",,"true",,,0,12,0,20,0,6,0.00008884151385506988,0.00007764845047308417
"page:vine (mcgrubor's wood)","Vine (McGrubor's Wood)","page","scenery","scenery","https://oldschool.runescape.wiki/w/Vine_(McGrubor's_Wood)","2002-05-28",,"true",,,0,27,0,44.5,0,19,0.00008884151385506988,0.00007764845047308417
"page:vision","Vision","page","music","music","https://oldschool.runescape.wiki/w/Vision","2004-03-15",,"false",,,1,8,5,9,1,4,0.00010166855102857871,0.00009067177883850087
"page:viyeldi","Viyeldi","page","monster","monster","https://oldschool.runescape.wiki/w/Viyeldi","2003-08-20",,"true",,,7,34,10,63.5,7,27,0.00010195880857275958,0.00009056441709913527
"page:viyeldi caves","Viyeldi caves","page","location","location","https://oldschool.runescape.wiki/w/Viyeldi_caves","2003-08-20",,"true",,,2,33,8,53,2,29,0.00010275590465933121,0.0000910004139422743
"page:vodka","vodka","page","item","item|monster","https://oldschool.runescape.wiki/w/Vodka","2002-12-12",,"true","true","false",1,27,4,29.5,1,14,0.00009221160704207294,0.00008153833867739749
"page:volencia moss","Volencia moss","page","item","item","https://oldschool.runescape.wiki/w/Volencia_moss","2002-10-23",,"true","false","false",0,37,0,67,0,26,0.00008884151385506988,0.00007764845047308417
"page:voodoo cult","Voodoo Cult","page","music","music","https://oldschool.runescape.wiki/w/Voodoo_Cult","2004-03-15",,"true",,,0,13,0,32,0,9,0.00008884151385506988,0.00007764845047308417
"page:voyage","Voyage","page","music","music","https://oldschool.runescape.wiki/w/Voyage","2004-03-15",,"true",,,0,10,0,19,0,6,0.00008884151385506988,0.00007764845047308417
"page:vulnerability","Vulnerability","page","spell","spell","https://oldschool.runescape.wiki/w/Vulnerability","2002-10-23",,"true",,,0,18,0,27.5,0,13,0.00008884151385506988,0.00007764845047308417
"page:wall (crandor and karamja dungeon)","Wall (Crandor and Karamja Dungeon)","page","scenery","scenery","https://oldschool.runescape.wiki/w/Wall_(Crandor_and_Karamja_Dungeon)","2001-09-23",,"false",,,0,22,0,43.5,0,16,0.00008884151385506988,0.00007764845047308417
"page:wall pipe","Wall Pipe","page","scenery","scenery","https://oldschool.runescape.wiki/w/Wall_Pipe","2002-05-28",,"true",,,0,29,0,47.5,0,23,0.00008884151385506988,0.00007764845047308417
"page:wampum belt","Wampum belt","page","item","item","https://oldschool.runescape.wiki/w/Wampum_belt","2004-03-29",,"true","false","false",3,30,3,47,3,23,0.00009319581022982345,0.0000820249900509972
"page:wander","Wander","page","music","music","https://oldschool.runescape.wiki/w/Wander","2004-03-15",,"false",,,0,13,0,27.5,0,8,0.00008884151385506988,0.00007764845047308417
"page:war ship","War ship","page","item","item","https://oldschool.runescape.wiki/w/War_ship","2002-12-12",,"false","false","false",0,13,0,19.5,0,5,0.00008884151385506988,0.00007764845047308417
"category:2014 birthday event","2014 Birthday event","category",,,,,,,,,1,0,0.5,0,0,0,0.00009077780325960567,0.00007764845047308417
"page:wardrobe (skeleton, cobweb)","Wardrobe (skeleton, cobweb)","page","scenery","scenery","https://oldschool.runescape.wiki/w/Wardrobe_(skeleton%2C_cobweb)","2004-03-29",,"false",,,0,18,0,24.5,0,6,0.00008884151385506988,0.00007764845047308417
"page:warhammer (unobtainable item)","Warhammer (unobtainable item)","page","item","item","https://oldschool.runescape.wiki/w/Warhammer_(unobtainable_item)","2004-03-29",,"false","false","false",1,17,1,14.5,1,9,0.00009163837632828823,0.00008064850424844456
"page:warrant","Warrant","page","item","item","https://oldschool.runescape.wiki/w/Warrant","2002-08-27",,"true","false","false",1,31,1,45,1,24,0.00009119978991777378,0.00008003148129136225
"page:warrior (lost city)","Warrior (Lost City)","page","npc","npc","https://oldschool.runescape.wiki/w/Warrior_(Lost_City)","2002-02-27",,"false",,,4,19,7,34,4,12,0.00010196276476764285,0.00009050618022133962
"page:warrior (thieving)","Warrior (Thieving)","page","monster","monster","https://oldschool.runescape.wiki/w/Warrior_(Thieving)","2001-05-24",,"false",,,1,30,1,63,1,22,0.000090683350117921,0.00007943226623140656
"page:washing bowl","Washing bowl","page","item","item","https://oldschool.runescape.wiki/w/Washing_bowl","2004-07-13",,"true","true","false",0,36,0,52,0,27,0.00008884151385506988,0.00007764845047308417
"page:watch","Watch","page","item","item","https://oldschool.runescape.wiki/w/Watch","2004-05-05",,"true","false","false",0,28,0,73,0,17,0.00008884151385506988,0.00007764845047308417
"category:clockwork items","Clockwork items","category",,,,,,,,,1,0,0.5,0,0,0,0.00008935874184669244,0.00007764845047308417
"page:watchman","Watchman","page","monster","monster","https://oldschool.runescape.wiki/w/Watchman","2003-05-07",,"true",,,0,27,0,41,0,19,0.00008884151385506988,0.00007764845047308417
"page:watchman (random event)","Watchman (random event)","page","monster","monster","https://oldschool.runescape.wiki/w/Watchman_(random_event)","2004-03-29","2006-08-15","true",,,0,14,0,17,0,8,0.00008884151385506988,0.00007764845047308417
"page:watchtower","Watchtower","page","quest","quest","https://oldschool.runescape.wiki/w/Watchtower","2003-05-07",,"true",,,6,59,28,204,6,55,0.00015278303702619426,0.00014015310352776228
"page:watchtower (building)","Watchtower (building)","page","location","location","https://oldschool.runescape.wiki/w/Watchtower_(building)","2002-10-23",,"true",,,1,31,4,36.5,1,24,0.00009954066845233626,0.000087912898890703
"page:watchtower teleport","Watchtower Teleport","page","spell","spell","https://oldschool.runescape.wiki/w/Watchtower_Teleport","2003-05-07",,"true",,,1,21,5,31.5,1,16,0.0000991245205333814,0.00008754970682933551
"page:watchtower wizard","Watchtower Wizard","page","npc","npc","https://oldschool.runescape.wiki/w/Watchtower_Wizard","2003-05-07",,"true",,,2,30,2,39,2,23,0.00009320145305388688,0.00008180278025775875
"page:water altar","Water Altar","page","location","location|scenery","https://oldschool.runescape.wiki/w/Water_Altar","2004-03-29",,"false",,,5,20,22,35.5,5,12,0.00016291452852569294,0.00015140150956869438
"page:water battlestaff","Water battlestaff","page","item","item|monster","https://oldschool.runescape.wiki/w/Water_battlestaff","2002-03-18",,"true","true","true",3,37,6,58.5,3,17,0.00009469418585076562,0.0000841458968665278
"page:water blast","Water Blast","page","spell","spell","https://oldschool.runescape.wiki/w/Water_Blast","2001-05-24",,"false",,,4,13,4,14,4,9,0.00010341753670336417,0.00009182437705392677
"page:water bolt","Water Bolt","page","spell","spell","https://oldschool.runescape.wiki/w/Water_Bolt","2001-05-24",,"false",,,5,14,5,15,5,10,0.00010719330104220896,0.00009549110944603393
"page:water controls","water controls","page","scenery","scenery","https://oldschool.runescape.wiki/w/Water_controls","2004-06-02",,"true",,,1,21,4,30.5,1,15,0.00009548022038490686,0.00008408759028361379
"action:turn","Turn","action",,,,,,,,,1,0,2,0,0,0,0.00009416336220439945,0.00007764845047308417
"page:water elemental","water elemental","page","monster","monster","https://oldschool.runescape.wiki/w/Water_elemental","2004-06-02",,"true",,,2,26,8,34,2,18,0.00010522412835611923,0.00009319120173987979
"page:water orb","Water orb","page","item","item|monster","https://oldschool.runescape.wiki/w/Water_orb","2002-03-18",,"true","true","false",0,38,0,77.5,0,23,0.00008884151385506988,0.00007764845047308417
"page:water pool","Water Pool","page","scenery","scenery","https://oldschool.runescape.wiki/w/Water_Pool","2003-08-20",,"true",,,0,45,0,81,0,35,0.00008884151385506988,0.00007764845047308417
"page:water rune","Water rune","page","item","item|monster","https://oldschool.runescape.wiki/w/Water_rune","2001-01-04",,"false","true","false",11,31,21,46.5,11,17,0.00013900199452681087,0.0001311836004244745
"page:water strike","Water Strike","page","spell","spell","https://oldschool.runescape.wiki/w/Water_Strike","2001-05-24",,"false",,,5,14,5,15,5,10,0.00010719330104220896,0.00009549110944603393
"page:water talisman","Water talisman","page","item","item|monster","https://oldschool.runescape.wiki/w/Water_talisman","2004-03-29",,"false","true","false",0,20,0,35.5,0,9,0.00008884151385506988,0.00007764845047308417
"page:water wave","Water Wave","page","spell","spell","https://oldschool.runescape.wiki/w/Water_Wave","2002-03-18",,"true",,,1,14,1,15,1,10,0.00009261727819391465,0.00008131518286519131
"page:water wheel (elemental workshop)","Water wheel (Elemental Workshop)","page","scenery","scenery","https://oldschool.runescape.wiki/w/Water_wheel_(Elemental_Workshop)","2004-06-02",,"true",,,0,27,0,45.5,0,21,0.00008884151385506988,0.00007764845047308417
"page:water wheel (frame)","Water wheel (frame)","page","scenery","scenery","https://oldschool.runescape.wiki/w/Water_wheel_(frame)","2004-06-02",,"true",,,0,23,0,31,0,19,0.00008884151385506988,0.00007764845047308417
"page:waterfall (music track)","Waterfall (music track)","page","music","music","https://oldschool.runescape.wiki/w/Waterfall_(music_track)","2004-03-15",,"true",,,0,12,0,23.5,0,7,0.00008884151385506988,0.00007764845047308417
"page:waterfall dungeon","Waterfall Dungeon","page","location","location","https://oldschool.runescape.wiki/w/Waterfall_Dungeon","2002-09-24",,"true",,,0,28,0,50.5,0,19,0.00008884151385506988,0.00007764845047308417
"page:waterfall quest","Waterfall Quest","page","quest","quest","https://oldschool.runescape.wiki/w/Waterfall_Quest","2002-09-24",,"true",,,0,36,0,109,0,32,0.00008884151385506988,0.00007764845047308417
"page:waterfall rocks","Waterfall rocks","page","scenery","scenery","https://oldschool.runescape.wiki/w/Waterfall_rocks","2004-03-04",,"true",,,0,30,0,43.5,0,23,0.00008884151385506988,0.00007764845047308417
"page:waterlily","Waterlily","page","scenery","scenery","https://oldschool.runescape.wiki/w/Waterlily","2004-03-29",,"false",,,0,13,0,19,0,8,0.00008884151385506988,0.00007764845047308417
"page:waterlogged","Waterlogged","page","music","music","https://oldschool.runescape.wiki/w/Waterlogged","2004-07-13",,"true",,,0,12,0,27,0,8,0.00008884151385506988,0.00007764845047308417
"page:waterpump (falador)","Waterpump (Falador)","page","scenery","scenery","https://oldschool.runescape.wiki/w/Waterpump_(Falador)","2001-04-06",,"false",,,0,10,0,19,0,5,0.00008884151385506988,0.00007764845047308417
"page:waterpump (morytania)","Waterpump (Morytania)","page","scenery","scenery","https://oldschool.runescape.wiki/w/Waterpump_(Morytania)","2004-06-29",,"true",,,0,8,0,14,0,3,0.00008884151385506988,0.00007764845047308417
"page:waterskin","Waterskin","page","item","item|monster","https://oldschool.runescape.wiki/w/Waterskin","2003-04-14",,"true","true","false",0,30,0,50,0,19,0.00008884151385506988,0.00007764845047308417
"page:wave","Wave","page","article","article","https://oldschool.runescape.wiki/w/Wave","2004-03-29",,"false",,,1,12,1,11.5,1,11,0.00009488273679722153,0.00008314854906124489
"page:wayne","Wayne","page","npc","npc","https://oldschool.runescape.wiki/w/Wayne","2001-04-06",,"false",,,2,29,9,47,2,21,0.00010790954790669052,0.00009529701559846366
"page:wayne's chains! - chainmail specialist.","Wayne's Chains! - Chainmail specialist.","page","shop","shop","https://oldschool.runescape.wiki/w/Wayne's_Chains!_-_Chainmail_specialist.","2001-04-06",,"false",,,2,25,2,37,2,21,0.00009222447841949029,0.00008074506899080477
"page:weaken","weaken","page","spell","spell","https://oldschool.runescape.wiki/w/Weaken","2001-05-24",,"false",,,1,22,4,35,1,18,0.00009908087477397099,0.00008780247863584241
"page:weapon poison","Weapon poison","page","item","item|monster","https://oldschool.runescape.wiki/w/Weapon_poison","2002-02-27",,"true","true","false",2,30,8,51.5,2,14,0.00011009766865152941,0.00009980269373728395
"page:weapon poison (unobtainable item)","Weapon poison (unobtainable item)","page","item","item","https://oldschool.runescape.wiki/w/Weapon_poison_(unobtainable_item)","2004-03-29",,"true","false","false",0,20,0,27,0,13,0.00008884151385506988,0.00007764845047308417
"page:weapon poison salesman","Weapon poison salesman","page","npc","npc","https://oldschool.runescape.wiki/w/Weapon_poison_salesman","2004-03-29","2006-07-11",,,,0,22,0,30,0,17,0.00008884151385506988,0.00007764845047308417
"page:weapon store key","Weapon store key","page","item","item","https://oldschool.runescape.wiki/w/Weapon_store_key","2001-01-04",,"false","true","false",0,31,0,50.5,0,20,0.00008884151385506988,0.00007764845047308417
"page:weaponsmaster","Weaponsmaster","page","monster","monster","https://oldschool.runescape.wiki/w/Weaponsmaster","2001-01-04",,"false",,,0,31,0,51.5,0,22,0.00008884151385506988,0.00007764845047308417
"page:weird old man","Weird Old Man","page","npc","npc","https://oldschool.runescape.wiki/w/Weird_Old_Man","2004-09-07",,"true",,,0,13,0,18.5,0,7,0.00008884151385506988,0.00007764845047308417
"page:well","Well","page","scenery","scenery","https://oldschool.runescape.wiki/w/Well","2001-01-04",,"false",,,0,21,0,44,0,9,0.00008884151385506988,0.00007764845047308417
"page:well (paladin badges)","Well (Paladin badges)","page","scenery","scenery","https://oldschool.runescape.wiki/w/Well_(Paladin_badges)","2003-03-03",,"true",,,0,32,0,46.5,0,26,0.00008884151385506988,0.00007764845047308417
"page:well (paterdomus)","Well (Paterdomus)","page","scenery","scenery","https://oldschool.runescape.wiki/w/Well_(Paterdomus)","2004-06-29",,"true",,,0,28,0,63,0,21,0.00008884151385506988,0.00007764845047308417
"page:well of voyage","Well of Voyage","page","scenery","scenery","https://oldschool.runescape.wiki/w/Well_of_Voyage","2003-03-03",,"true",,,0,43,0,83.5,0,32,0.00008884151385506988,0.00007764845047308417
"page:well stacked rocks","Well stacked rocks","page","scenery","scenery","https://oldschool.runescape.wiki/w/Well_stacked_rocks","2004-03-03",,"true",,,0,33,0,52.5,0,26,0.00008884151385506988,0.00007764845047308417
"page:west ardougne","West Ardougne","page","location","location","https://oldschool.runescape.wiki/w/West_Ardougne","2002-08-27",,"true",,,7,37,26,49.5,7,26,0.0001373349001219052,0.00012335688883526546
"page:west ardougne church","West Ardougne church","page","location","location","https://oldschool.runescape.wiki/w/West_Ardougne_church","2002-08-27",,"true",,,0,14,0,30,0,10,0.00008884151385506988,0.00007764845047308417
"page:west ardougne clinic","West Ardougne clinic","page","location","location","https://oldschool.runescape.wiki/w/West_Ardougne_clinic","2002-08-27",,"true",,,0,27,0,42,0,23,0.00008884151385506988,0.00007764845047308417
"page:west ardougne general store","West Ardougne General Store","page","shop","shop","https://oldschool.runescape.wiki/w/West_Ardougne_General_Store","2003-03-03",,"true",,,0,36,0,65.5,0,31,0.00008884151385506988,0.00007764845047308417
"page:west falador mine","West Falador mine","page","location","location","https://oldschool.runescape.wiki/w/West_Falador_mine","2002-02-27",,"true",,,0,34,0,67.5,0,27,0.00008884151385506988,0.00007764845047308417
"page:west lumbridge swamp mine","West Lumbridge Swamp mine","page","location","location","https://oldschool.runescape.wiki/w/West_Lumbridge_Swamp_mine","2002-11-15",,"false",,,1,20,1,31,1,14,0.00009045988803782815,0.0000792333340785895
"page:wheat","Wheat","page","scenery","scenery","https://oldschool.runescape.wiki/w/Wheat","2001-01-04",,"false",,,0,15,0,21,0,10,0.00008884151385506988,0.00007764845047308417
"page:whirlpool (random event)","Whirlpool (random event)","page","npc","npc","https://oldschool.runescape.wiki/w/Whirlpool_(random_event)","2004-03-29","2014-09-11","false",,,0,43,0,53.5,0,18,0.00008884151385506988,0.00007764845047308417
"action:net","Net","action",,,,,,,,,4,0,6.5,0,0,0,0.00009801626832329086,0.00007764845047308417
"action:use-rod","Use-rod","action",,,,,,,,,2,0,3.5,0,0,0,0.00009378176626103501,0.00007764845047308417
"page:whisky","Whisky","page","item","item|monster","https://oldschool.runescape.wiki/w/Whisky","2002-02-27",,"true","true","false",0,34,0,57.5,0,21,0.00008884151385506988,0.00007764845047308417
"page:white apron","white apron","page","item","item","https://oldschool.runescape.wiki/w/White_apron","2001-01-04",,"false","true","true",1,22,4,26.5,1,10,0.00009338378674390571,0.0000821231069515878
"page:white bead","white bead","page","item","item|monster","https://oldschool.runescape.wiki/w/White_bead","2001-02-16",,"false","true","false",5,21,8,33,5,10,0.00010432988989286117,0.00009451312974004482
"page:white beret","White beret","page","item","item","https://oldschool.runescape.wiki/w/White_beret","2004-05-05",,"true","true","true",0,23,0,31.5,0,7,0.00008884151385506988,0.00007764845047308417
"page:white berries","White berries","page","item","item|monster","https://oldschool.runescape.wiki/w/White_berries","2002-02-27",,"true","true","false",0,26,0,33.5,0,14,0.00008884151385506988,0.00007764845047308417
"page:white cog","White cog","page","item","item","https://oldschool.runescape.wiki/w/White_cog","2002-06-17",,"true","false","false",0,27,0,44,0,20,0.00008884151385506988,0.00007764845047308417
"page:white flowers","White flowers","page","item","item","https://oldschool.runescape.wiki/w/White_flowers","2004-03-29",,"true","true","true",0,22,0,24,0,9,0.00008884151385506988,0.00007764845047308417
"page:white knight","White Knight","page","monster","monster","https://oldschool.runescape.wiki/w/White_Knight","2001",,,,,1,29,4,25.5,1,16,0.00010562268869438003,0.00009524876595519844
"page:white knight (burthorpe)","White Knight (Burthorpe)","page","monster","monster","https://oldschool.runescape.wiki/w/White_Knight_(Burthorpe)","2004-08-09",,"true",,,0,15,0,18,0,9,0.00008884151385506988,0.00007764845047308417
"page:white knights","White Knights","page","article","article","https://oldschool.runescape.wiki/w/White_Knights","2001-04-06",,,,,2,18,9,33,2,14,0.00010562268869438003,0.0000937027922979857
"page:white knights' castle","White Knights' Castle","page","location","location","https://oldschool.runescape.wiki/w/White_Knights'_Castle","2001-04-06",,"false",,,0,27,0,40.5,0,20,0.00008884151385506988,0.00007764845047308417
"page:white partyhat","White partyhat","page","item","item","https://oldschool.runescape.wiki/w/White_partyhat","2001-12-24",,"false","true","true",0,17,0,15,0,4,0.00008884151385506988,0.00007764845047308417
"page:white wolf mountain","White Wolf Mountain","page","location","location","https://oldschool.runescape.wiki/w/White_Wolf_Mountain","2002-02-27",,"true",,,3,25,13,54,3,17,0.0001183444497820757,0.0001066203983608502
"page:white wolf tunnel","White Wolf Tunnel","page","location","location","https://oldschool.runescape.wiki/w/White_Wolf_Tunnel","2002-05-28",,"true",,,0,20,0,38,0,14,0.00008884151385506988,0.00007764845047308417
"page:white toy horsey","White toy horsey","page","item","item","https://oldschool.runescape.wiki/w/White_toy_horsey","2004-04-01",,"false","true","false",0,23,0,33.5,0,10,0.00008884151385506988,0.00007764845047308417
"page:white wolf","White wolf","page","monster","monster","https://oldschool.runescape.wiki/w/White_wolf","2002-02-27",,"true",,,0,18,0,26,0,10,0.00008884151385506988,0.00007764845047308417
"page:wig","Wig","page","item","item","https://oldschool.runescape.wiki/w/Wig","2001-02-28",,"false","false","false",1,31,1,54.5,1,20,0.00009029373090847171,0.00007911514342992702
"page:wild isle","Wild Isle","page","music","music","https://oldschool.runescape.wiki/w/Wild_Isle","2004-04-01",,"false",,,0,8,0,9,0,4,0.00008884151385506988,0.00007764845047308417
"page:wilderness","Wilderness","page","location","location","https://oldschool.runescape.wiki/w/Wilderness","2001-08-13",,"false",,,30,12,139,22,30,6,0.0005082912674999468,0.0004930162439648016
"page:wilderness (music track)","Wilderness (music track)","page","music","music","https://oldschool.runescape.wiki/w/Wilderness_(music_track)","2004-03-15",,"false",,,0,12,0,23.5,0,7,0.00008884151385506988,0.00007764845047308417
"page:wilderness 2","Wilderness 2","page","music","music","https://oldschool.runescape.wiki/w/Wilderness_2","2004-03-15",,"false",,,0,11,0,23,0,7,0.00008884151385506988,0.00007764845047308417
"page:wilderness 3","Wilderness 3","page","music","music","https://oldschool.runescape.wiki/w/Wilderness_3","2004-03-15",,"false",,,0,10,0,19,0,6,0.00008884151385506988,0.00007764845047308417
"page:wilderness agility course","Wilderness Agility Course","page","location","location","https://oldschool.runescape.wiki/w/Wilderness_Agility_Course","2003-01-28",,"true",,,1,14,4,21,1,8,0.00009879425422428884,0.00008710164062591109
"page:wilderness agility course dungeon","Wilderness Agility Course Dungeon","page","location","location","https://oldschool.runescape.wiki/w/Wilderness_Agility_Course_Dungeon","2003-01-28",,"true",,,2,20,8,37.5,2,15,0.00010977287171915567,0.00009731225121861874
"page:wilderness fence","Wilderness fence","page","location","location","https://oldschool.runescape.wiki/w/Wilderness_fence","2002-05-08",,,,,0,6,0,11.5,0,3,0.00008884151385506988,0.00007764845047308417
"page:willow logs","Willow logs","page","item","item|monster","https://oldschool.runescape.wiki/w/Willow_logs","2002-03-25",,"false","true","false",13,30,36,51.5,11,16,0.00017614978691708223,0.00019751283013314815
"page:willow longbow","Willow longbow","page","item","item|monster","https://oldschool.runescape.wiki/w/Willow_longbow","2002-03-25",,"false","true","true",5,35,8,68,5,16,0.00010216564519251149,0.00009541961162046474
"page:willow longbow (u)","Willow longbow (u)","page","item","item","https://oldschool.runescape.wiki/w/Willow_longbow_(u)","2002-03-25",,"true","true","false",0,31,0,44.5,0,17,0.00008884151385506988,0.00007764845047308417
"page:willow shortbow","Willow shortbow","page","item","item|monster","https://oldschool.runescape.wiki/w/Willow_shortbow","2002-03-25",,"false","true","true",4,35,7,60,4,16,0.0001003194880395512,0.00009284025504118935
"page:willow shortbow (u)","Willow shortbow (u)","page","item","item","https://oldschool.runescape.wiki/w/Willow_shortbow_(u)","2002-03-25",,"true","true","false",0,32,0,45.5,0,18,0.00008884151385506988,0.00007764845047308417
"page:willow tree","Willow tree","page","scenery","scenery","https://oldschool.runescape.wiki/w/Willow_tree","2002-03-25",,"false",,,0,10,0,10.5,0,2,0.00008884151385506988,0.00007764845047308417
"page:wilough","Wilough","page","npc","npc","https://oldschool.runescape.wiki/w/Wilough","2003-07-28",,"true",,,0,29,0,49.5,0,21,0.00008884151385506988,0.00007764845047308417
"page:winch","Winch","page","scenery","scenery","https://oldschool.runescape.wiki/w/Winch","2003-07-09",,"true",,,0,24,0,45.5,0,12,0.00008884151385506988,0.00007764845047308417
"page:winch (scenery)","Winch (scenery)","page","scenery","scenery","https://oldschool.runescape.wiki/w/Winch_(scenery)","2004-03-29",,"false",,,0,11,0,13,0,6,0.00008884151385506988,0.00007764845047308417
"page:winch (shaman caves)","Winch (Shaman Caves)","page","scenery","scenery","https://oldschool.runescape.wiki/w/Winch_(Shaman_Caves)","2004-03-09",,"true",,,0,41,0,67.5,0,32,0.00008884151385506988,0.00007764845047308417
"page:winch (the tourist trap)","Winch (The Tourist Trap)","page","scenery","scenery","https://oldschool.runescape.wiki/w/Winch_(The_Tourist_Trap)","2003-04-14",,"true",,,0,36,0,52.5,0,29,0.00008884151385506988,0.00007764845047308417
"page:winch bucket","Winch bucket","page","scenery","scenery","https://oldschool.runescape.wiki/w/Winch_bucket","2003-04-14",,"true",,,0,36,0,52.5,0,29,0.00008884151385506988,0.00007764845047308417
"page:wind blast","Wind Blast","page","spell","spell","https://oldschool.runescape.wiki/w/Wind_Blast","2001-05-24",,"false",,,2,18,2,19,2,14,0.00009668586654211104,0.00008529790289460722
"page:wind bolt","Wind Bolt","page","spell","spell","https://oldschool.runescape.wiki/w/Wind_Bolt","2001-05-24",,"false",,,2,19,2,20,2,15,0.0000963660727874825,0.00008495296737142133
"page:wind strike","Wind Strike","page","spell","spell","https://oldschool.runescape.wiki/w/Wind_Strike","2001-05-24",,"false",,,1,20,1,21,1,16,0.00009261727819391465,0.00008131518286519131
"page:wind wave","Wind Wave","page","spell","spell","https://oldschool.runescape.wiki/w/Wind_Wave","2002-03-18",,"true",,,0,19,0,20,0,15,0.00008884151385506988,0.00007764845047308417
"page:wine of zamorak","Wine of Zamorak","page","item","item|monster","https://oldschool.runescape.wiki/w/Wine_of_zamorak","2002-02-27",,"false","true","false",2,31,8,83.5,2,17,0.00010139597752727363,0.00009256966603165545
"page:winelda","Winelda","page","npc","npc","https://oldschool.runescape.wiki/w/Winelda","2002-06-17",,"true",,,0,22,0,34.5,0,16,0.00008884151385506988,0.00007764845047308417
"page:wistan","Wistan","page","npc","npc","https://oldschool.runescape.wiki/w/Wistan","2004-08-09",,"true",,,0,31,0,44.5,0,24,0.00008884151385506988,0.00007764845047308417
"page:witch (lensig)","Witch (Lensig)","page","npc","npc","https://oldschool.runescape.wiki/w/Witch_(Lensig)","2001-04-06",,"false",,,0,20,0,40,0,14,0.00008884151385506988,0.00007764845047308417
"page:witch (monster)","Witch (monster)","page","monster","monster","https://oldschool.runescape.wiki/w/Witch_(monster)","2001-01-21","2006-02-20","false",,,0,18,0,29.5,0,11,0.00008884151385506988,0.00007764845047308417
"page:witch's cat","Witch's cat","page","item","item|npc","https://oldschool.runescape.wiki/w/Witch's_cat","2003",,,,,0,32,0,40,0,24,0.00008884151385506988,0.00007764845047308417
"page:witch's experiment","Witch's experiment","page","monster","monster","https://oldschool.runescape.wiki/w/Witch's_experiment","2002-02-27",,"true",,,2,26,9,33.5,2,17,0.00010054510770942949,0.00008839616173709991
"page:witch's house","Witch's House","page","quest","quest","https://oldschool.runescape.wiki/w/Witch's_House","2002-02-27",,"true",,,1,28,4,64,1,24,0.0000942840570461975,0.00008272546455446329
"page:witch's house (location)","Witch's house (location)","page","location","location","https://oldschool.runescape.wiki/w/Witch's_house_(location)","2002-02-27",,"true",,,0,25,0,55.5,0,18,0.00008884151385506988,0.00007764845047308417
"page:witch's potion","Witch's Potion","page","quest","quest","https://oldschool.runescape.wiki/w/Witch's_Potion","2001-04-06",,"false",,,0,32,0,77,0,28,0.00008884151385506988,0.00007764845047308417
"page:witchaven dungeon","Witchaven Dungeon","page","location","location","https://oldschool.runescape.wiki/w/Witchaven_Dungeon","2002-04-09",,"true",,,2,33,5,55,2,23,0.00010232638649380126,0.00009034098567653196
"page:witchaven mine","Witchaven mine","page","location","location","https://oldschool.runescape.wiki/w/Witchaven_mine","2002-04-09",,"true",,,0,14,0,28,0,10,0.00008884151385506988,0.00007764845047308417
"page:witching","Witching","page","music","music","https://oldschool.runescape.wiki/w/Witching","2004-03-15",,"false",,,0,11,0,27,0,7,0.00008884151385506988,0.00007764845047308417
"page:wizard","Wizard","page","monster","npc|monster","https://oldschool.runescape.wiki/w/Wizard","2001-01-21",,"false",,,1,24,5,29.5,1,15,0.0000991245205333814,0.00008754970682933551
"page:wizard (lost city)","Wizard (Lost City)","page","npc","npc","https://oldschool.runescape.wiki/w/Wizard_(Lost_City)","2002-02-27",,"false",,,1,24,1,48,1,17,0.00009139054208506941,0.0000801764645461828
"page:wizard akutha","Wizard Akutha","page","npc","npc","https://oldschool.runescape.wiki/w/Wizard_Akutha","2002-10-23",,"true",,,5,26,5,25,5,18,0.00010935969401572302,0.00011409605493470415
"page:wizard blizzard","Wizard blizzard","page","item","item","https://oldschool.runescape.wiki/w/Wizard_blizzard","2002-12-12",,"true","true","false",3,49,3,92,3,31,0.00009119075682467929,0.00008008593341367947
"page:wizard boots","Wizard boots","page","item","item","https://oldschool.runescape.wiki/w/Wizard_boots","2004-05-05",,"true","true","true",0,24,0,28.5,0,6,0.00008884151385506988,0.00007764845047308417
"page:wizard cromperty","Wizard Cromperty","page","npc","npc","https://oldschool.runescape.wiki/w/Wizard_Cromperty","2002-04-30",,"true",,,0,33,0,50.5,0,15,0.00008884151385506988,0.00007764845047308417
"action:claim","Claim","action",,,,,,,,,2,0,3.5,0,0,0,0.00009407524660198343,0.00007764845047308417
"page:wizard distentor","Wizard Distentor","page","npc","npc","https://oldschool.runescape.wiki/w/Wizard_Distentor","2002-10-23",,"true",,,4,15,4,23.5,4,8,0.00010554220983036391,0.00010866290944025133
"page:wizard frumscone","Wizard Frumscone","page","npc","npc","https://oldschool.runescape.wiki/w/Wizard_Frumscone","2002-10-23",,"true",,,3,11,3,8.5,3,3,0.00009594746348213763,0.00008467239691245129
"category:swan song","Swan Song","category",,,,,,,,,1,0,0.5,0,0,0,0.00009363888702918302,0.00007764845047308417
"page:wizard grayzag","Wizard Grayzag","page","npc","npc","https://oldschool.runescape.wiki/w/Wizard_Grayzag","2004-03-29",,"false",,,4,20,7,23.5,4,12,0.00010261120875868228,0.00009412790810622204
"category:25th anniversary event","25th Anniversary event","category",,,,,,,,,1,0,0.5,0,0,0,0.00009069724848155916,0.00007764845047308417
"page:wizard hat","Wizard hat","page","item","item|monster","https://oldschool.runescape.wiki/w/Wizard_hat","2001-01-04",,"false","true","true",0,28,0,48,0,11,0.00008884151385506988,0.00007764845047308417
"page:wizard mizgog","Wizard Mizgog","page","npc","npc","https://oldschool.runescape.wiki/w/Wizard_Mizgog","2001-02-16",,"false",,,3,27,6,43,3,13,0.00009866800655678085,0.00008758658093038179
"action:purchase amulet","Purchase Amulet","action",,,,,,,,,2,0,3.5,0,0,0,0.00009566796314592603,0.00007764845047308417
"page:wizard traiborn","Wizard Traiborn","page","npc","npc|guide","https://oldschool.runescape.wiki/w/Wizard_Traiborn","2001-01-04",,"false",,,1,23,1,26,1,12,0.00009140692128977164,0.0000802531161461675
"category:freeing the lumbridge guide","Freeing the Lumbridge Guide","category",,,,,,,,,1,0,0.5,0,0,0,0.00009033566545307752,0.00007764845047308417
"page:wizard's mind bomb","wizard's mind bomb","page","item","item|monster","https://oldschool.runescape.wiki/w/Wizard's_mind_bomb","2001-04-06",,"false","true","false",1,34,4,62.5,1,16,0.00010678938721849781,0.00009687689306139294
"page:wizards' guild","Wizards' Guild","page","location","location","https://oldschool.runescape.wiki/w/Wizards'_Guild","2002-10-23",,"true",,,4,23,18,25.5,4,16,0.0001346090502254847,0.00012441933381573484
"page:wizards' tower","Wizards' Tower","page","location","location","https://oldschool.runescape.wiki/w/Wizards'_Tower","2001-01-04",,"false",,,2,24,8,35,2,16,0.00010563442378168025,0.00009499368891922577
"page:wizards' tower portal","Wizards' Tower Portal","page","scenery","scenery","https://oldschool.runescape.wiki/w/Wizards'_Tower_Portal","2002-10-23",,"true",,,0,16,0,27.5,0,10,0.00008884151385506988,0.00007764845047308417
"page:woad leaf","Woad leaf","page","item","item","https://oldschool.runescape.wiki/w/Woad_leaf","2001-05-08",,"false","true","false",3,19,10,33.5,3,9,0.00010897892366224207,0.00009827382017868683
"page:wolf","wolf","page","monster","monster","https://oldschool.runescape.wiki/w/Wolf","2002-02-27",,"false",,,1,23,4,28.5,1,10,0.00009736118723502991,0.00008789498983249599
"page:wolf bones","Wolf bones","page","item","item|monster|prayer","https://oldschool.runescape.wiki/w/Wolf_bones","2004-05-18",,"true","true","false",3,29,8,39,2,13,0.00009772566524058701,0.00008438326507083198
"page:wolfbane","Wolfbane","page","item","item","https://oldschool.runescape.wiki/w/Wolfbane","2004-06-29",,"true","false","true",0,29,0,47,0,14,0.00008884151385506988,0.00007764845047308417
"page:wolfbone arrowtips","Wolfbone arrowtips","page","item","item","https://oldschool.runescape.wiki/w/Wolfbone_arrowtips","2004-05-18",,"true","true","false",0,40,0,68,0,24,0.00008884151385506988,0.00007764845047308417
"page:wolfman","Wolfman","page","monster","monster","https://oldschool.runescape.wiki/w/Wolfman","2004-06-29","2007-06-04","true",,,0,14,0,17.5,0,9,0.00008884151385506988,0.00007764845047308417
"page:wolfwoman","Wolfwoman","page","monster","monster","https://oldschool.runescape.wiki/w/Wolfwoman","2004-06-29","2007-06-04","true",,,1,13,4,13.5,1,8,0.00010610215083264604,0.00009524876595519844
"page:woman","Woman","page","monster","monster","https://oldschool.runescape.wiki/w/Woman","2004-03-29",,"false",,,1,29,4,34,1,15,0.00009668725793578631,0.00008519144282256172
"page:woman (canifis)","Woman (Canifis)","page","monster","monster","https://oldschool.runescape.wiki/w/Woman_(Canifis)","2004-06-29","2007-06-04","true",,,0,14,0,17.5,0,9,0.00008884151385506988,0.00007764845047308417
"page:woman (east ardougne)","Woman (East Ardougne)","page","monster","monster","https://oldschool.runescape.wiki/w/Woman_(East_Ardougne)","2004-03-29",,"true",,,0,27,0,38.5,0,20,0.00008884151385506988,0.00007764845047308417
"page:woman (west ardougne)","Woman (West Ardougne)","page","monster","monster","https://oldschool.runescape.wiki/w/Woman_(West_Ardougne)","2004-03-29",,"true",,,0,22,0,28,0,16,0.00008884151385506988,0.00007764845047308417
"page:wonder","Wonder","page","music","music","https://oldschool.runescape.wiki/w/Wonder","2004-03-15",,"false",,,0,12,0,31,0,8,0.00008884151385506988,0.00007764845047308417
"page:wonderous","Wonderous","page","music","music","https://oldschool.runescape.wiki/w/Wonderous","2004-03-15",,"true",,,0,10,0,19,0,6,0.00008884151385506988,0.00007764845047308417
"page:woodcutting","Woodcutting","page","skill","skill","https://oldschool.runescape.wiki/w/Woodcutting","2001-01-04",,"false",,,6,15,15,28.5,6,12,0.00012554300702614102,0.00012312583447305101
"page:woodcutting level up!","Woodcutting Level Up!","page","music","music","https://oldschool.runescape.wiki/w/Woodcutting_Level_Up!","2004-03-29",,"false",,,0,8,0,5.5,0,3,0.00008884151385506988,0.00007764845047308417
"page:woodcutting level up! (unlocks)","Woodcutting Level Up! (Unlocks)","page","music","music","https://oldschool.runescape.wiki/w/Woodcutting_Level_Up!_(Unlocks)","2004-03-29",,"false",,,0,8,0,5.5,0,3,0.00008884151385506988,0.00007764845047308417
"page:wooden cart (the tourist trap)","Wooden cart (The Tourist Trap)","page","scenery","scenery","https://oldschool.runescape.wiki/w/Wooden_cart_(The_Tourist_Trap)","2003-04-14",,"true",,,0,38,0,60.5,0,31,0.00008884151385506988,0.00007764845047308417
"page:wooden defence","Wooden defence","page","scenery","scenery","https://oldschool.runescape.wiki/w/Wooden_defence","2004-03-03",,"false",,,0,16,0,33,0,11,0.00008884151385506988,0.00007764845047308417
"page:wooden shield","Wooden shield","page","item","item","https://oldschool.runescape.wiki/w/Wooden_shield","2001-01-04",,"false","true","true",0,27,0,46,0,14,0.00008884151385506988,0.00007764845047308417
"page:wool","Wool","page","item","item","https://oldschool.runescape.wiki/w/Wool","2001-01-04",,"false","true","false",0,24,0,42.5,0,16,0.00008884151385506988,0.00007764845047308417
"page:workbench (elemental workshop)","Workbench (Elemental Workshop)","page","scenery","scenery","https://oldschool.runescape.wiki/w/Workbench_(Elemental_Workshop)","2004-06-02",,"true",,,0,18,0,29,0,11,0.00008884151385506988,0.00007764845047308417
"page:workbench (scenery)","Workbench (scenery)","page","scenery","scenery","https://oldschool.runescape.wiki/w/Workbench_(scenery)","2004-03-29",,"false",,,0,13,0,12,0,8,0.00008884151385506988,0.00007764845047308417
"page:workshop (music track)","Workshop (music track)","page","music","music","https://oldschool.runescape.wiki/w/Workshop_(music_track)","2004-03-15",,"false",,,0,13,0,27.5,0,8,0.00008884151385506988,0.00007764845047308417
"page:worm (unobtainable item)","Worm (unobtainable item)","page","item","item","https://oldschool.runescape.wiki/w/Worm_(unobtainable_item)","2004-03-29",,"true","false","false",0,13,0,13.5,0,5,0.00008884151385506988,0.00007764845047308417
"page:worm batta","Worm batta","page","item","item|monster","https://oldschool.runescape.wiki/w/Worm_batta","2002-12-12",,"true","true","false",0,47,0,94,0,31,0.00008884151385506988,0.00007764845047308417
"page:worm crunchies","Worm crunchies","page","item","item","https://oldschool.runescape.wiki/w/Worm_crunchies","2002-12-12",,"true","true","false",0,48,0,95.5,0,34,0.00008884151385506988,0.00007764845047308417
"page:worm hole","Worm hole","page","item","item","https://oldschool.runescape.wiki/w/Worm_hole","2002-12-12",,"true","true","false",0,49,0,100,0,35,0.00008884151385506988,0.00007764845047308417
"page:wormbrain","Wormbrain","page","monster","monster","https://oldschool.runescape.wiki/w/Wormbrain","2001-09-23",,"false",,,1,28,1,44.5,1,19,0.00009030783010316495,0.0000790527309636784
"page:wrapped oomlie","Wrapped oomlie","page","item","item","https://oldschool.runescape.wiki/w/Wrapped_oomlie","2003-08-20",,"true","true","false",0,46,0,79.5,0,31,0.00008884151385506988,0.00007764845047308417
"page:wrought iron key","Wrought iron key","page","item","item","https://oldschool.runescape.wiki/w/Wrought_iron_key","2003-04-14",,"true","false","false",0,15,0,25.5,0,7,0.00008884151385506988,0.00007764845047308417
"page:wydin","Wydin","page","npc","npc","https://oldschool.runescape.wiki/w/Wydin","2001-04-06",,"false",,,0,38,0,66.5,0,29,0.00008884151385506988,0.00007764845047308417
"page:wyson the gardener","Wyson the gardener","page","npc","npc","https://oldschool.runescape.wiki/w/Wyson_the_gardener","2001-05-08",,"false",,,0,17,0,37.5,0,9,0.00008884151385506988,0.00007764845047308417
"page:yanille","Yanille","page","location","location","https://oldschool.runescape.wiki/w/Yanille","2002-10-23",,"true",,,4,20,17,52.5,4,13,0.0001270253766142082,0.00011415566101780552
"page:yanille agility dungeon","Yanille Agility Dungeon","page","location","location","https://oldschool.runescape.wiki/w/Yanille_Agility_Dungeon","2002-12-12",,"true",,,0,25,0,50,0,19,0.00008884151385506988,0.00007764845047308417
"page:yanille bank","Yanille bank","page","location","location","https://oldschool.runescape.wiki/w/Yanille_bank","2002-10-23",,"true",,,0,18,0,26.5,0,13,0.00008884151385506988,0.00007764845047308417
"page:yanille chain","Yanille Chain","page","location","location","https://oldschool.runescape.wiki/w/Yanille_Chain","2002-12-12",,"true",,,0,30,0,46.5,0,23,0.00008884151385506988,0.00007764845047308417
"page:yanni salika","Yanni Salika","page","npc","npc","https://oldschool.runescape.wiki/w/Yanni_Salika","2003-01-27",,"true",,,1,35,1,75.5,1,27,0.00009099909347726689,0.00007992435333715068
"page:ye olde tea shoppe.","Ye olde Tea Shoppe.","page","shop","shop","https://oldschool.runescape.wiki/w/Ye_olde_Tea_Shoppe.","2003-07-28",,"true",,,0,28,0,49,0,24,0.00008884151385506988,0.00007764845047308417
"page:yellow bead","Yellow bead","page","item","item|monster","https://oldschool.runescape.wiki/w/Yellow_bead","2001-02-16",,"false","true","false",0,27,0,52,0,16,0.00008884151385506988,0.00007764845047308417
"page:yellow boots","Yellow boots","page","item","item","https://oldschool.runescape.wiki/w/Yellow_boots","2004-06-29",,"false","true","true",0,32,0,42,0,19,0.00008884151385506988,0.00007764845047308417
"page:yellow cape","Yellow cape","page","item","item","https://oldschool.runescape.wiki/w/Yellow_cape","2001-12-08",,"false","true","true",1,28,1,38,1,15,0.00009029373090847171,0.00007911514342992702
"page:yellow door","Yellow door","page","scenery","scenery","https://oldschool.runescape.wiki/w/Yellow_door","2001-09-23",,"false",,,0,33,0,51.5,0,27,0.00008884151385506988,0.00007764845047308417
"page:yellow dye","Yellow dye","page","item","item","https://oldschool.runescape.wiki/w/Yellow_dye","2001-02-28",,"false","true","false",0,35,0,52,0,24,0.00008884151385506988,0.00007764845047308417
"page:yellow flowers","Yellow flowers","page","item","item","https://oldschool.runescape.wiki/w/Yellow_flowers","2004-03-29",,"true","true","true",0,22,0,24,0,9,0.00008884151385506988,0.00007764845047308417
"page:yellow gloves","Yellow gloves","page","item","item|monster","https://oldschool.runescape.wiki/w/Yellow_gloves","2004-06-29",,"false","true","true",0,30,0,33.5,0,16,0.00008884151385506988,0.00007764845047308417
"page:yellow hat","Yellow hat","page","item","item","https://oldschool.runescape.wiki/w/Yellow_hat","2004-06-29",,"true","true","true",0,30,0,37.5,0,18,0.00008884151385506988,0.00007764845047308417
"page:yellow partyhat","Yellow partyhat","page","item","item","https://oldschool.runescape.wiki/w/Yellow_partyhat","2001-12-24",,"false","true","true",0,17,0,15,0,4,0.00008884151385506988,0.00007764845047308417
"page:yellow robe bottoms","Yellow robe bottoms","page","item","item","https://oldschool.runescape.wiki/w/Yellow_robe_bottoms","2004-06-29",,"true","true","true",0,30,0,37.5,0,18,0.00008884151385506988,0.00007764845047308417
"page:yellow robe top","Yellow robe top","page","item","item","https://oldschool.runescape.wiki/w/Yellow_robe_top","2004-06-29",,"true","true","true",0,30,0,37.5,0,18,0.00008884151385506988,0.00007764845047308417
"page:yellow sheep","Yellow Sheep","page","npc","npc","https://oldschool.runescape.wiki/w/Yellow_Sheep","2002-08-15",,"true",,,0,29,0,54,0,20,0.00008884151385506988,0.00007764845047308417
"page:yes","Yes","page","article","article","https://oldschool.runescape.wiki/w/Yes","2004-03-29",,"false",,,0,13,0,12.5,0,12,0.00008884151385506988,0.00007764845047308417
"page:yesteryear","Yesteryear","page","music","music","https://oldschool.runescape.wiki/w/Yesteryear","2004-03-19",,"false",,,0,14,0,30.5,0,9,0.00008884151385506988,0.00007764845047308417
"page:yeti","Yeti","page","monster","monster","https://oldschool.runescape.wiki/w/Yeti","2004-03-29",,,,,0,9,0,7.5,0,6,0.00008884151385506988,0.00007764845047308417
"page:yew logs","yew logs","page","item","item|monster","https://oldschool.runescape.wiki/w/Yew_logs","2002-03-25",,"false","true","false",12,30,35,33,10,15,0.00014517275313059654,0.00013697331955845918
"page:yew longbow","yew longbow","page","item","item","https://oldschool.runescape.wiki/w/Yew_longbow","2002-03-25",,"true","true","true",4,34,10,68,4,15,0.00010879618854602453,0.00010235655465120349
"page:yew longbow (u)","Yew longbow (u)","page","item","item|monster","https://oldschool.runescape.wiki/w/Yew_longbow_(u)","2002-03-25",,"true","true","false",0,35,0,47.5,0,19,0.00008884151385506988,0.00007764845047308417
"page:yew shortbow","yew shortbow","page","item","item|monster","https://oldschool.runescape.wiki/w/Yew_shortbow","2002-03-25",,"true","true","true",2,36,5,73,2,17,0.00009679049141053259,0.0000879611353258855
"page:yew shortbow (u)","Yew shortbow (u)","page","item","item","https://oldschool.runescape.wiki/w/Yew_shortbow_(u)","2002-03-25",,"true","true","false",0,34,0,47.5,0,20,0.00008884151385506988,0.00007764845047308417
"page:yew tree","Yew tree","page","scenery","scenery","https://oldschool.runescape.wiki/w/Yew_tree","2002-03-25",,"false",,,0,18,0,29,0,7,0.00008884151385506988,0.00007764845047308417
"page:yohnus","Yohnus","page","npc","npc","https://oldschool.runescape.wiki/w/Yohnus","2003-01-27",,"true",,,0,22,0,35,0,16,0.00008884151385506988,0.00007764845047308417
"page:yommi totem","Yommi totem","page","item","item","https://oldschool.runescape.wiki/w/Yommi_totem","2003-08-20",,"true","false","false",2,36,8,58,2,29,0.00009723926580330316,0.00008695353529993363
"page:yommi tree","Yommi tree","page","scenery","scenery","https://oldschool.runescape.wiki/w/Yommi_tree","2003-08-20",,"true",,,1,49,4,79.5,1,30,0.00009325116563766232,0.00008197639690311227
"action:lift","Lift","action",,,,,,,,,2,0,3.5,0,0,0,0.0000923311015000056,0.00007764845047308417
"page:yommi tree seeds","Yommi tree seeds","page","item","item","https://oldschool.runescape.wiki/w/Yommi_tree_seeds","2003-08-20",,"true","false","false",0,41,0,68.5,0,32,0.00008884151385506988,0.00007764845047308417
"page:you are dead!","You Are Dead!","page","music","music","https://oldschool.runescape.wiki/w/You_Are_Dead!","2004-03-29",,"false",,,0,8,0,5.5,0,3,0.00008884151385506988,0.00007764845047308417
"page:you are victorious! (emir's arena)","You Are Victorious! (Emir's Arena)","page","music","music","https://oldschool.runescape.wiki/w/You_Are_Victorious!_(Emir's_Arena)","2004-03-25",,"true",,,0,8,0,5.5,0,3,0.00008884151385506988,0.00007764845047308417
"page:zadimus corpse","Zadimus corpse","page","item","item","https://oldschool.runescape.wiki/w/Zadimus_corpse","2003-01-27",,"true","false","false",0,36,0,64,0,28,0.00008884151385506988,0.00007764845047308417
"page:zaff","Zaff","page","npc","npc","https://oldschool.runescape.wiki/w/Zaff","2001-01-04",,"false",,,2,27,9,42.5,2,12,0.0001072100971251256,0.00009462018325940864
"page:zaff's superior staffs!","Zaff's Superior Staffs!","page","shop","shop","https://oldschool.runescape.wiki/w/Zaff's_Superior_Staffs!","2001-01-04",,"false",,,0,25,0,37,0,21,0.00008884151385506988,0.00007764845047308417
"page:zahwa","Zahwa","page","npc","npc","https://oldschool.runescape.wiki/w/Zahwa","2004-03-25",,"false",,,0,15,0,14,0,10,0.00008884151385506988,0.00007764845047308417
"page:zamorak brew","Zamorak brew","page","item","item|monster","https://oldschool.runescape.wiki/w/Zamorak_brew","2002-12-12",,"true","true","false",0,43,0,86,0,21,0.00008884151385506988,0.00007764845047308417
"page:zamorak cape","Zamorak cape","page","item","item","https://oldschool.runescape.wiki/w/Zamorak_cape","2003-09-22",,"true","false","true",0,24,0,37,0,11,0.00008884151385506988,0.00007764845047308417
"page:zamorak full helm","Zamorak full helm","page","item","item","https://oldschool.runescape.wiki/w/Zamorak_full_helm","2004-05-05",,"false","true","true",0,35,0,38.5,0,15,0.00008884151385506988,0.00007764845047308417
"page:zamorak kiteshield","Zamorak kiteshield","page","item","item","https://oldschool.runescape.wiki/w/Zamorak_kiteshield","2004-05-05",,"false","true","true",0,33,0,43.5,0,15,0.00008884151385506988,0.00007764845047308417
"page:zamorak monk bottom","Zamorak monk bottom","page","item","item|monster|prayer","https://oldschool.runescape.wiki/w/Zamorak_monk_bottom","2002-05-28",,"false","true","true",2,25,5,43.5,2,9,0.00009495493082888882,0.00008423510307611231
"page:zamorak monk top","Zamorak monk top","page","item","item|monster|prayer","https://oldschool.runescape.wiki/w/Zamorak_monk_top","2002-05-28",,"false","true","true",1,28,1,59.5,1,12,0.00008982223186515943,0.00007855257626839825
"page:zamorak platebody","Zamorak platebody","page","item","item","https://oldschool.runescape.wiki/w/Zamorak_platebody","2004-05-05",,"false","true","true",0,35,0,48,0,16,0.00008884151385506988,0.00007764845047308417
"page:zamorak platelegs","Zamorak platelegs","page","item","item","https://oldschool.runescape.wiki/w/Zamorak_platelegs","2004-05-05",,"false","true","true",0,34,0,44,0,15,0.00008884151385506988,0.00007764845047308417
"page:zamorak staff","Zamorak staff","page","item","item","https://oldschool.runescape.wiki/w/Zamorak_staff","2003-09-22",,"true","false","true",0,31,0,47,0,16,0.00008884151385506988,0.00007764845047308417
"page:zamorak wizard","Zamorak wizard","page","monster","monster","https://oldschool.runescape.wiki/w/Zamorak_wizard","2004-05-05",,"true",,,0,36,0,77,0,28,0.00008884151385506988,0.00007764845047308417
"page:zamorakian chapel","Zamorakian Chapel","page","location","location","https://oldschool.runescape.wiki/w/Zamorakian_Chapel","2001-02",,"false",,,0,24,0,33.5,0,17,0.00008884151385506988,0.00007764845047308417
"page:zanaris","Zanaris","page","location","location","https://oldschool.runescape.wiki/w/Zanaris","2002-02-27",,"true",,,6,26,27,48.5,6,17,0.00014544455194674265,0.00013086190431353906
"page:zanaris bank","Zanaris bank","page","location","location","https://oldschool.runescape.wiki/w/Zanaris_bank","2002-02-27",,"true",,,0,19,0,34.5,0,14,0.00008884151385506988,0.00007764845047308417
"page:zanaris general store","Zanaris General Store","page","shop","shop","https://oldschool.runescape.wiki/w/Zanaris_General_Store","2002-02-27",,"true",,,0,25,0,42.5,0,20,0.00008884151385506988,0.00007764845047308417
"page:zanaris windmill","Zanaris windmill","page","location","location","https://oldschool.runescape.wiki/w/Zanaris_windmill","2002-02-27",,"true",,,0,18,0,32.5,0,13,0.00008884151385506988,0.00007764845047308417
"page:zarosian empire","Zarosian Empire","page","location","location","https://oldschool.runescape.wiki/w/Zarosian_Empire","2003-07-09",,"false",,,0,18,0,44,0,14,0.00008884151385506988,0.00007764845047308417
"page:zealot (music track)","Zealot (music track)","page","music","music","https://oldschool.runescape.wiki/w/Zealot_(music_track)","2004-04-15",,"false",,,0,10,0,19,0,6,0.00008884151385506988,0.00007764845047308417
"page:zeke","Zeke","page","npc","npc","https://oldschool.runescape.wiki/w/Zeke","2001-01-21",,"false",,,2,30,9,41.5,2,21,0.0001054180402207299,0.00009287949271722152
"page:zeke's superior scimitars.","Zeke's Superior Scimitars.","page","shop","shop","https://oldschool.runescape.wiki/w/Zeke's_Superior_Scimitars.","2001-01-21",,"false",,,0,26,0,41,0,22,0.00008884151385506988,0.00007764845047308417
"page:zembo","Zembo","page","npc","npc","https://oldschool.runescape.wiki/w/Zembo","2001-06-11",,"false",,,0,34,0,58.5,0,25,0.00008884151385506988,0.00007764845047308417
"page:zenesha","Zenesha","page","npc","npc","https://oldschool.runescape.wiki/w/Zenesha","2002-04-30",,"true",,,2,39,9,48,2,22,0.00010428782251398036,0.00009179156112835457
"page:zenesha's plate mail body shop.","Zenesha's Plate Mail Body Shop.","page","shop","shop","https://oldschool.runescape.wiki/w/Zenesha's_Plate_Mail_Body_Shop.","2002-04-30",,"true",,,0,28,0,44,0,24,0.00008884151385506988,0.00007764845047308417
"page:zodiac symbols","Zodiac symbols","page","scenery","scenery","https://oldschool.runescape.wiki/w/Zodiac_symbols","2004-03-29","2007-07-24","false",,,0,14,0,15.5,0,6,0.00008884151385506988,0.00007764845047308417
"page:zombie","zombie","page","monster","monster","https://oldschool.runescape.wiki/w/Zombie","2001",,,,,1,20,4,20.5,1,9,0.0001016951796894351,0.00009154343638001649
"page:zombie (entrana dungeon)","Zombie (Entrana Dungeon)","page","monster","monster","https://oldschool.runescape.wiki/w/Zombie_(Entrana_Dungeon)","2002-02-27",,"true",,,0,22,0,23.5,0,13,0.00008884151385506988,0.00007764845047308417
"page:zombie (melzar's maze)","Zombie (Melzar's Maze)","page","monster","monster","https://oldschool.runescape.wiki/w/Zombie_(Melzar's_Maze)","2001-09-23",,"false",,,0,20,0,28.5,0,13,0.00008884151385506988,0.00007764845047308417
"page:zombie (wilderness)","Zombie (Wilderness)","page","monster","monster","https://oldschool.runescape.wiki/w/Zombie_(Wilderness)","2001",,,,,0,24,0,27.5,0,13,0.00008884151385506988,0.00007764845047308417
"page:zombie rat","Zombie rat","page","monster","monster","https://oldschool.runescape.wiki/w/Zombie_rat","2001-09-23",,"false",,,0,25,0,39,0,17,0.00008884151385506988,0.00007764845047308417
"page:zoo keeper","Zoo keeper","page","npc","npc","https://oldschool.runescape.wiki/w/Zoo_keeper","2002-04-30",,"true",,,0,24,0,29.5,0,18,0.00008884151385506988,0.00007764845047308417
